txn_id,customer_id,ts,amount_usd,score,light,reasons
804947,2067,2025-12-24 15:12:06,257.31,0.9551146510433712,RED,"n_prev_1h, n_prev_24h, foreign"
803368,128,2025-12-23 22:00:00,75.23,0.4386008286621003,RED,"new_device, n_prev_24h, foreign"
805692,2690,2025-12-25 01:22:31,288.69,0.3067391620757849,RED,"new_device, foreign, night"
802490,3381,2025-12-23 13:48:32,169.69,0.2603745883483528,RED,"n_prev_1h, n_prev_24h, foreign"
821433,146,2025-12-31 23:42:32,144.15,0.16073749102849128,RED,"new_device, n_prev_24h, night"
816928,676,2025-12-30 02:17:12,110.89,0.14908871145572325,RED,"new_device, foreign, night"
801228,128,2025-12-23 00:21:56,45.87,0.13729669807436953,RED,"new_device, foreign, night"
804265,2507,2025-12-24 11:40:15,166.44,0.13543039031867032,RED,"n_prev_1h, foreign, n_prev_24h"
805680,3447,2025-12-24 23:59:24,151.23,0.11946844037357672,AMBER,"new_device, foreign, night"
819274,1755,2025-12-31 05:49:42,38.82,0.11077443894287846,AMBER,"new_device, foreign, night"
820462,1173,2025-12-31 13:51:18,117.64,0.0857505454137782,AMBER,"n_prev_1h, n_prev_24h, log_hrs_since_prev"
799019,85,2025-12-22 03:46:12,15.93,0.08158175394401393,AMBER,"new_device, foreign, night"
810288,1967,2025-12-27 04:32:55,196.21,0.07115618988514047,AMBER,"n_prev_1h, night, n_prev_24h"
802854,784,2025-12-23 15:56:14,273.62,0.0709855209193006,AMBER,"new_device, foreign, log_amt"
811853,2815,2025-12-27 15:37:41,74.87,0.06820931053905145,AMBER,"n_prev_1h, foreign, n_prev_24h"
812551,1397,2025-12-28 02:59:57,47.86,0.06760073327214444,AMBER,"new_device, night, n_prev_24h"
809589,2594,2025-12-26 15:35:47,172.02,0.054891194652110974,AMBER,"new_device, foreign, log_amt"
810235,2906,2025-12-27 01:53:55,287.31,0.053143701240802234,AMBER,"new_device, night, log_amt"
816844,2056,2025-12-29 21:23:49,183.28,0.05311321916647886,AMBER,"new_device, foreign, log_amt"
812915,1173,2025-12-28 08:42:56,150.19,0.04443003694757176,AMBER,"n_prev_1h, n_prev_24h, log_hrs_since_prev"
819489,146,2025-12-31 08:12:44,82.97,0.04234468334795652,AMBER,"new_device, foreign, hour"
817388,2739,2025-12-30 09:36:36,70.24,0.041948911787478574,AMBER,"new_device, foreign, hour"
812541,1022,2025-12-28 02:27:33,192.86,0.04167554196016399,AMBER,"new_device, night, log_amt"
807933,3245,2025-12-26 00:59:22,164.9,0.041509622841217036,AMBER,"new_device, night, hour"
821261,1222,2025-12-31 19:20:23,137.7,0.039562240841084576,AMBER,"new_device, foreign, log_amt"
804863,2067,2025-12-24 14:42:37,156.6,0.03838209064094962,AMBER,"n_prev_1h, n_prev_24h, log_hrs_since_prev"
821384,54,2025-12-31 21:40:18,145.93,0.03356795163360706,AMBER,"new_device, foreign, log_amt"
799028,190,2025-12-22 04:01:21,313.68,0.03269948930000739,AMBER,"foreign, night, n_prev_24h"
806454,2067,2025-12-25 11:20:07,149.15,0.032098991792430934,AMBER,"n_prev_24h, foreign, log_amt"
799297,2109,2025-12-22 08:01:56,49.13,0.03073922959520269,AMBER,"new_device, foreign, hour"
820416,1988,2025-12-31 13:37:43,73.87,0.030151075799997026,AMBER,"n_prev_1h, n_prev_24h, log_hrs_since_prev"
813085,2896,2025-12-28 10:03:08,272.95,0.02991831204103385,AMBER,"new_device, n_prev_24h, log_amt"
821263,1713,2025-12-31 19:21:13,565.25,0.02974630361964091,AMBER,"n_prev_1h, n_prev_24h, log_amt"
799579,1843,2025-12-22 10:08:07,172.47,0.02964675330627543,AMBER,"new_device, n_prev_24h, log_hrs_since_prev"
820128,1173,2025-12-31 12:17:26,246.71,0.029516798426664093,AMBER,"new_device, n_prev_24h, log_amt"
817688,317,2025-12-30 11:20:31,330.62,0.029489658738839797,AMBER,"n_prev_1h, n_prev_24h, log_amt"
798976,1532,2025-12-22 00:41:38,38.11,0.029108194836001057,AMBER,"n_prev_24h, foreign, night"
800208,3250,2025-12-22 13:40:09,405.28,0.0277176840930073,AMBER,"n_prev_1h, n_prev_24h, log_amt"
814770,2761,2025-12-29 00:47:39,145.04,0.026232683930769562,AMBER,"foreign, night, n_prev_24h"
814825,2652,2025-12-29 04:25:43,66.05,0.024305630561714534,AMBER,"new_device, night, hour"
806073,2835,2025-12-25 08:53:40,33.19,0.0241794972855759,AMBER,"new_device, foreign, hour"
812558,3357,2025-12-28 03:13:44,118.63,0.022591067526000222,AMBER,"new_device, night, hour"
813593,2493,2025-12-28 12:40:23,232.03,0.022466903580188883,AMBER,"n_prev_1h, n_prev_24h, log_hrs_since_prev"
812177,1600,2025-12-27 17:49:42,28.29,0.020335829638849837,AMBER,"new_device, foreign, log_hrs_since_prev"
810182,404,2025-12-26 22:45:22,340.76,0.02028467615548008,AMBER,"foreign, night, n_prev_24h"
802088,2678,2025-12-23 11:45:54,197.23,0.020128514329870832,AMBER,"n_prev_1h, n_prev_24h, log_hrs_since_prev"
799086,2186,2025-12-22 05:34:53,109.46,0.019928451213766213,AMBER,"new_device, night, hour"
812068,1828,2025-12-27 17:03:56,1119.89,0.01922415274963995,AMBER,"new_device, log_amt, amt_z"
802283,1374,2025-12-23 12:47:37,219.47,0.018178684548683773,GREEN,"n_prev_1h, n_prev_24h, log_hrs_since_prev"
801207,1402,2025-12-22 23:59:24,154.65,0.01656293584782684,GREEN,"new_device, night, log_amt"
803437,413,2025-12-24 00:05:29,107.23,0.016415742669099016,GREEN,"foreign, night, n_prev_24h"
801248,128,2025-12-23 02:01:56,61.73,0.01628588100506893,GREEN,"foreign, night, n_prev_24h"
803157,1690,2025-12-23 18:06:30,80.14,0.015978008857478326,GREEN,"new_device, n_prev_24h, log_hrs_since_prev"
816938,3011,2025-12-30 02:42:08,440.14,0.01523042872097739,GREEN,"foreign, night, log_amt"
810334,3450,2025-12-27 05:25:22,27.16,0.014690370206009887,GREEN,"new_device, night, hour"
807977,1418,2025-12-26 03:42:07,24.94,0.01444293164840354,GREEN,"new_device, night, hour"
799182,1843,2025-12-22 06:56:04,339.68,0.014018141326050882,GREEN,"new_device, log_amt, hour"
807894,2540,2025-12-25 22:37:39,95.06,0.013685537828690317,GREEN,"new_device, night, amt_z"
819590,1537,2025-12-31 08:56:40,322.32,0.01356344233853069,GREEN,"new_device, log_amt, amt_z"
806631,2877,2025-12-25 12:14:28,10.88,0.012838995108941341,GREEN,"new_device, foreign, hour"
815903,440,2025-12-29 13:31:02,90.11,0.012255915347233942,GREEN,"n_prev_1h, n_prev_24h, log_hrs_since_prev"
821379,2325,2025-12-31 21:30:52,506.21,0.012213522727625506,GREEN,"new_device, log_amt, amt_z"
809214,3201,2025-12-26 13:43:02,618.61,0.011912721753309858,GREEN,"foreign, log_amt, n_prev_24h"
819200,1753,2025-12-31 04:03:23,40.7,0.011667314368198786,GREEN,"new_device, night, hour"
803534,1579,2025-12-24 05:16:30,464.82,0.011529996910212987,GREEN,"foreign, night, log_amt"
809235,5,2025-12-26 13:48:11,81.48,0.011363328963370075,GREEN,"n_prev_1h, n_prev_24h, log_hrs_since_prev"
806512,1026,2025-12-25 11:36:18,214.58,0.011255611348172942,GREEN,"new_device, log_amt, log_hrs_since_prev"
809872,1151,2025-12-26 17:39:11,105.8,0.011227971042524904,GREEN,"n_prev_1h, n_prev_24h, log_hrs_since_prev"
807145,3033,2025-12-25 14:51:13,357.48,0.010975830024930093,GREEN,"new_device, log_amt, amt_z"
804015,915,2025-12-24 10:16:03,342.07,0.010936921653895823,GREEN,"new_device, log_amt, amt_z"
814881,12,2025-12-29 05:41:04,26.25,0.010856595234264443,GREEN,"new_device, night, hour"
807993,2524,2025-12-26 04:10:33,29.38,0.01038119509976248,GREEN,"new_device, night, hour"
808201,1762,2025-12-26 07:29:48,22.15,0.010351147529077788,GREEN,"new_device, n_prev_24h, log_hrs_since_prev"
815214,401,2025-12-29 09:18:00,383.79,0.010341551520021572,GREEN,"foreign, n_prev_24h, log_amt"
805664,667,2025-12-24 23:43:49,102.13,0.01027435384139884,GREEN,"foreign, night, n_prev_24h"
801246,809,2025-12-23 01:50:21,350.21,0.010125403791730827,GREEN,"foreign, night, log_amt"
814730,2349,2025-12-28 23:24:53,104.33,0.009843393421182269,GREEN,"new_device, night, log_amt"
816951,699,2025-12-30 03:26:23,234.46,0.00971138482346179,GREEN,"foreign, night, log_amt"
805691,1828,2025-12-25 01:18:38,293.82,0.009606286989733996,GREEN,"foreign, night, log_amt"
804436,1081,2025-12-24 12:33:20,52.03,0.00943738730431361,GREEN,"n_prev_1h, n_prev_24h, log_hrs_since_prev"
799282,1776,2025-12-22 07:50:24,153.39,0.009222660389660112,GREEN,"new_device, log_amt, hour"
810448,256,2025-12-27 06:58:43,18.54,0.009060365195091142,GREEN,"new_device, n_prev_24h, log_hrs_since_prev"
808019,3366,2025-12-26 04:53:53,230.46,0.008987945109915171,GREEN,"foreign, night, log_amt"
803458,1121,2025-12-24 02:27:49,30.84,0.008965066926149371,GREEN,"foreign, night, n_prev_24h"
801193,1740,2025-12-22 23:52:26,58.19,0.008963072878419243,GREEN,"new_device, night, amt_z"
808669,672,2025-12-26 10:47:58,291.68,0.008908279539535251,GREEN,"new_device, log_amt, hour"
798972,2874,2025-12-22 00:16:19,211.31,0.00863748067150766,GREEN,"foreign, night, log_amt"
805837,3180,2025-12-25 06:16:15,32.83,0.008560160478304232,GREEN,"n_prev_1h, n_prev_24h, log_hrs_since_prev"
807934,2942,2025-12-26 00:59:43,217.34,0.008486136382370777,GREEN,"foreign, night, log_amt"
802491,190,2025-12-23 13:48:51,395.86,0.00842679789111231,GREEN,"foreign, n_prev_24h, log_amt"
811120,3456,2025-12-27 11:45:29,38.4,0.008403512494228457,GREEN,"n_prev_1h, n_prev_24h, log_hrs_since_prev"
814742,1173,2025-12-28 23:50:53,114.78,0.008400936400453777,GREEN,"n_prev_24h, night, log_hrs_since_prev"
800518,190,2025-12-22 15:20:09,378.98,0.008272105544489728,GREEN,"foreign, n_prev_24h, log_amt"
803481,3158,2025-12-24 03:43:41,185.33,0.007868225638972904,GREEN,"foreign, night, log_amt"
819171,723,2025-12-31 02:20:49,1028.09,0.007261861210238749,GREEN,"log_amt, night, n_prev_24h"
805689,2507,2025-12-25 01:11:36,106.96,0.007203315897686178,GREEN,"n_prev_24h, night, hour"
805696,1596,2025-12-25 01:35:11,176.93,0.007175484799219348,GREEN,"foreign, night, hour"
814705,995,2025-12-28 22:17:38,23.74,0.0070594518550003505,GREEN,"new_device, night, log_hrs_since_prev"
808036,2983,2025-12-26 05:13:20,152.72,0.007036678081289973,GREEN,"foreign, night, log_amt"
817133,1730,2025-12-30 07:09:17,137.09,0.006918468496472957,GREEN,"new_device, log_amt, hour"
812526,153,2025-12-28 01:25:39,118.88,0.006915260705349875,GREEN,"foreign, night, hour"
812512,2222,2025-12-28 00:42:29,117.71,0.006874473018083057,GREEN,"foreign, night, hour"
819715,656,2025-12-31 09:54:30,123.7,0.006832639254428748,GREEN,"new_device, log_amt, amt_z"
810262,825,2025-12-27 03:32:13,150.17,0.006744412686984832,GREEN,"foreign, night, hour"
810798,1522,2025-12-27 09:55:28,169.98,0.006717036299560364,GREEN,"foreign, n_prev_24h, log_hrs_since_prev"
810309,166,2025-12-27 05:07:05,144.36,0.006569083900589076,GREEN,"foreign, night, log_amt"
801089,1654,2025-12-22 20:25:42,238.94,0.006538265820132211,GREEN,"new_device, log_amt, amt_z"
819228,5,2025-12-31 04:48:42,109.51,0.006422743341379798,GREEN,"foreign, night, hour"
816983,1344,2025-12-30 04:37:49,162.51,0.006298857019395921,GREEN,"foreign, night, log_amt"
810328,236,2025-12-27 05:19:56,174.37,0.00625293842105668,GREEN,"foreign, night, log_amt"
812859,1413,2025-12-28 08:15:52,120.87,0.006240432847708873,GREEN,"foreign, n_prev_24h, log_hrs_since_prev"
799776,2973,2025-12-22 11:17:03,159.45,0.006220687625921641,GREEN,"foreign, n_prev_24h, log_amt"
805734,763,2025-12-25 03:48:39,132.73,0.006067356973353095,GREEN,"foreign, night, hour"
807920,2790,2025-12-25 23:59:24,519.0,0.006006468387963335,GREEN,"foreign, night, log_amt"
807166,1098,2025-12-25 14:56:30,143.49,0.005981620803574434,GREEN,"new_device, log_amt, amt_z"
812513,1082,2025-12-28 00:43:41,112.04,0.005961617862506969,GREEN,"foreign, night, hour"
815614,1206,2025-12-29 11:47:06,186.17,0.005928144148668679,GREEN,"foreign, n_prev_24h, log_amt"
801194,992,2025-12-22 23:56:43,344.49,0.005899916808695896,GREEN,"foreign, night, log_amt"
811300,2756,2025-12-27 12:41:58,136.73,0.005896974097766312,GREEN,"new_device, log_amt, hour"
812521,1517,2025-12-28 01:11:29,117.64,0.005850250936913916,GREEN,"foreign, night, hour"
799854,177,2025-12-22 11:41:57,1460.5,0.00580825734336581,GREEN,"foreign, log_amt, amt_z"
805247,1334,2025-12-24 17:07:10,134.29,0.005782732451744764,GREEN,"new_device, log_amt, log_hrs_since_prev"
819041,2331,2025-12-30 20:30:29,81.56,0.005771996785756856,GREEN,"new_device, amt_z, log_hrs_since_prev"
820110,1419,2025-12-31 12:11:16,87.19,0.005751019880644136,GREEN,"new_device, log_hrs_since_prev, log_amt"
817445,2561,2025-12-30 09:57:05,69.32,0.005743622085573149,GREEN,"new_device, amt_z, hour"
814841,2855,2025-12-29 04:45:22,190.21,0.005732972673994322,GREEN,"foreign, night, log_amt"
810024,1445,2025-12-26 19:19:17,182.43,0.0057288352786565525,GREEN,"new_device, log_amt, amt_z"
810346,858,2025-12-27 05:38:04,105.06,0.00567424452306752,GREEN,"foreign, night, hour"
807200,628,2025-12-25 15:08:39,154.96,0.005579255057709551,GREEN,"foreign, n_prev_24h, log_hrs_since_prev"
801178,2301,2025-12-22 22:56:17,320.81,0.005544664435424471,GREEN,"foreign, night, log_amt"
812655,667,2025-12-28 05:46:22,103.35,0.0055145331531881855,GREEN,"foreign, night, hour"
803453,3330,2025-12-24 02:04:11,110.08,0.005509382091444239,GREEN,"foreign, night, hour"
806860,335,2025-12-25 13:21:02,93.56,0.005502555200857477,GREEN,"new_device, log_amt, log_hrs_since_prev"
813534,1952,2025-12-28 12:21:42,116.78,0.00539762581053095,GREEN,"new_device, log_amt, amt_z"
812519,169,2025-12-28 01:06:12,72.31,0.005381892873350192,GREEN,"foreign, night, hour"
810280,1861,2025-12-27 04:19:06,144.18,0.005209129719214259,GREEN,"foreign, night, hour"
819143,810,2025-12-31 00:07:01,82.43,0.005148217255215797,GREEN,"foreign, night, hour"
805783,2842,2025-12-25 05:16:26,93.78,0.005044741559389919,GREEN,"foreign, night, hour"
812304,413,2025-12-27 19:10:00,136.05,0.005037751693233636,GREEN,"new_device, log_amt, log_hrs_since_prev"
803477,232,2025-12-24 03:20:07,117.76,0.005017147916278238,GREEN,"foreign, night, hour"
816289,1151,2025-12-29 15:37:55,120.36,0.005000109980800497,GREEN,"foreign, n_prev_24h, log_hrs_since_prev"
805697,914,2025-12-25 01:47:04,371.75,0.004942575493654916,GREEN,"night, n_prev_24h, log_amt"
807484,1547,2025-12-25 16:59:33,85.55,0.004911875343529534,GREEN,"new_device, log_amt, log_hrs_since_prev"
802767,374,2025-12-23 15:25:46,88.03,0.004909999337576537,GREEN,"new_device, log_amt, log_hrs_since_prev"
818385,1443,2025-12-30 15:02:20,112.97,0.004874851226339607,GREEN,"new_device, log_amt, amt_z"
817032,393,2025-12-30 05:39:16,74.03,0.004707679599802233,GREEN,"foreign, night, hour"
802451,181,2025-12-23 13:38:30,102.65,0.004690819665160661,GREEN,"new_device, log_amt"
805069,3170,2025-12-24 15:52:30,91.94,0.0044720529966747035,GREEN,"new_device, log_amt, amt_z"
813623,1173,2025-12-28 12:48:32,133.28,0.004463969909012076,GREEN,"n_prev_24h, log_hrs_since_prev, log_amt"
812833,1173,2025-12-28 08:03:04,105.83,0.004441270548897118,GREEN,"foreign, n_prev_24h, log_hrs_since_prev"
802749,2650,2025-12-23 15:21:44,132.86,0.004440924383923158,GREEN,"foreign, n_prev_24h, log_amt"
807847,860,2025-12-25 21:07:44,97.58,0.004396706667852768,GREEN,"new_device, log_amt, amt_z"
806271,1631,2025-12-25 10:11:25,107.57,0.004377898022646853,GREEN,"foreign, n_prev_24h, log_hrs_since_prev"
810222,393,2025-12-27 00:43:08,54.98,0.0043483284416169915,GREEN,"foreign, night, hour"
820680,786,2025-12-31 14:59:57,825.1,0.004143559289900831,GREEN,"foreign, log_amt, amt_z"
798975,2758,2025-12-22 00:25:09,69.34,0.004075942936936438,GREEN,"foreign, night, hour"
810297,3476,2025-12-27 04:46:19,68.52,0.00405728729565887,GREEN,"foreign, night, hour"
815561,401,2025-12-29 11:29:09,65.35,0.004010888908674424,GREEN,"foreign, n_prev_24h, log_hrs_since_prev"
811178,3392,2025-12-27 12:03:12,117.56,0.003983912545204841,GREEN,"foreign, n_prev_24h, log_hrs_since_prev"
819763,200,2025-12-31 10:09:25,56.45,0.00397923216988927,GREEN,"new_device, hour"
821428,1596,2025-12-31 23:19:04,160.29,0.003914501802146817,GREEN,"foreign, night, log_amt"
799834,3132,2025-12-22 11:33:39,12.83,0.003911782059864014,GREEN,"n_prev_1h, n_prev_24h, log_hrs_since_prev"
812570,2490,2025-12-28 03:47:36,290.28,0.003888018813049747,GREEN,"night, n_prev_24h, log_amt"
808448,1702,2025-12-26 09:25:22,40.93,0.0038474695767660226,GREEN,"new_device, hour"
804415,895,2025-12-24 12:24:40,98.9,0.0038206199890241477,GREEN,"foreign, n_prev_24h, log_hrs_since_prev"
817222,2261,2025-12-30 08:08:44,504.92,0.0038094534288070914,GREEN,"n_prev_24h, log_amt, log_hrs_since_prev"
801244,687,2025-12-23 01:37:26,242.07,0.0037659244193598085,GREEN,"night, n_prev_24h, log_amt"
810490,1149,2025-12-27 07:18:29,759.71,0.003725668721264472,GREEN,"foreign, log_amt, amt_z"
805632,1631,2025-12-24 22:19:30,130.95,0.0036956444226812183,GREEN,"foreign, night, log_amt"
821286,269,2025-12-31 19:31:01,69.41,0.0035966216952398283,GREEN,"new_device, amt_z"
818886,3496,2025-12-30 18:22:30,48.04,0.003592581788114136,GREEN,"new_device, amt_z"
818043,3348,2025-12-30 13:11:39,58.23,0.003589409416752883,GREEN,"new_device, log_hrs_since_prev"
804867,2026,2025-12-24 14:44:28,72.22,0.003569485298840459,GREEN,new_device
799363,1516,2025-12-22 08:37:50,49.48,0.003474210470527066,GREEN,"foreign, n_prev_24h, log_hrs_since_prev"
803069,2683,2025-12-23 17:22:14,877.66,0.0034426109401360905,GREEN,"foreign, log_amt, amt_z"
810672,223,2025-12-27 08:56:07,552.42,0.0034334233793920344,GREEN,"foreign, log_amt, amt_z"
807932,2039,2025-12-26 00:48:16,1405.92,0.0034270557247064494,GREEN,"log_amt, night, amt_z"
801165,13,2025-12-22 22:25:07,174.22,0.003418362706105839,GREEN,"foreign, night, log_amt"
819299,233,2025-12-31 06:10:53,39.1,0.003410029261758844,GREEN,"new_device, hour"
812607,223,2025-12-28 04:42:12,286.96,0.0033962037771137206,GREEN,"night, n_prev_24h, log_amt"
806170,1193,2025-12-25 09:35:14,642.44,0.0033939518438709207,GREEN,"foreign, log_amt, amt_z"
803503,1026,2025-12-24 04:27:08,60.14,0.003393055690693618,GREEN,"foreign, night, hour"
810218,1520,2025-12-27 00:20:02,57.13,0.0033410572027832487,GREEN,"foreign, night, hour"
805704,1752,2025-12-25 02:07:03,54.18,0.0033339621527559856,GREEN,"foreign, night, hour"
812537,947,2025-12-28 02:16:25,196.05,0.00330917953129702,GREEN,"night, n_prev_24h, log_amt"
806381,2029,2025-12-25 10:50:36,35.88,0.003300784862169401,GREEN,"new_device, hour"
798977,2527,2025-12-22 00:53:24,31.78,0.0032900806266969894,GREEN,"foreign, night, hour"
815112,2761,2025-12-29 08:29:03,44.45,0.003257209477994539,GREEN,"foreign, n_prev_24h, log_hrs_since_prev"
803455,688,2025-12-24 02:16:37,37.76,0.0032492837460330088,GREEN,"foreign, night, hour"
805749,3000,2025-12-25 04:14:59,73.73,0.0032304783859382034,GREEN,"foreign, night, hour"
807810,1828,2025-12-25 20:27:40,153.28,0.0031996504296197027,GREEN,"foreign, n_prev_24h, log_amt"
808759,2020,2025-12-26 11:19:02,422.02,0.0031869005410011,GREEN,"foreign, log_amt, amt_z"
801469,376,2025-12-23 07:26:44,261.89,0.003185136431729648,GREEN,"n_prev_24h, log_amt, amt_z"
820442,67,2025-12-31 13:46:23,47.8,0.0031543506817545927,GREEN,new_device
801132,2261,2025-12-22 21:29:13,113.38,0.0031434642044794086,GREEN,"foreign, n_prev_24h, log_hrs_since_prev"
799627,703,2025-12-22 10:26:40,63.52,0.0031201113544301828,GREEN,"foreign, n_prev_24h, log_hrs_since_prev"
798979,779,2025-12-22 01:07:21,28.6,0.003058674483333796,GREEN,"foreign, night, hour"
817673,3173,2025-12-30 11:15:17,604.78,0.0030281200293296897,GREEN,"foreign, log_amt, amt_z"
818618,2666,2025-12-30 16:17:09,37.82,0.003017277710926485,GREEN,new_device
800604,1734,2025-12-22 15:50:13,612.75,0.003016692323030656,GREEN,"foreign, log_amt, amt_z"
812896,1577,2025-12-28 08:32:45,399.23,0.00300459362073415,GREEN,"foreign, log_amt, amt_z"
812652,1222,2025-12-28 05:43:04,63.04,0.002960574699097491,GREEN,"foreign, night, hour"
801265,719,2025-12-23 03:05:54,177.81,0.002956538261011797,GREEN,"night, n_prev_24h, log_amt"
820472,2302,2025-12-31 13:56:35,37.33,0.002873916386237921,GREEN,new_device
816786,1523,2025-12-29 20:00:38,553.25,0.0028606729087257104,GREEN,"foreign, log_amt, amt_z"
814377,2440,2025-12-28 17:11:02,81.21,0.002842234515464227,GREEN,"foreign, n_prev_24h, log_hrs_since_prev"
801254,23,2025-12-23 02:27:42,1035.77,0.0028211020548833577,GREEN,"log_amt, night, amt_z"
818981,3129,2025-12-30 19:32:09,616.63,0.002816823149320825,GREEN,"foreign, log_amt, amt_z"
803443,60,2025-12-24 00:45:15,29.7,0.00281140927933477,GREEN,"foreign, night, hour"
810230,1139,2025-12-27 01:31:30,115.57,0.0027942048565767004,GREEN,"night, n_prev_24h, hour"
818688,2755,2025-12-30 16:43:33,325.83,0.0027914163511976063,GREEN,"foreign, log_amt, amt_z"
820449,2948,2025-12-31 13:47:01,658.58,0.0027734612963316186,GREEN,"foreign, log_amt, amt_z"
803234,2953,2025-12-23 19:00:54,762.39,0.0027420345463886058,GREEN,"foreign, log_amt, amt_z"
819234,1147,2025-12-31 05:09:49,47.63,0.002741309142786271,GREEN,"foreign, night, hour"
800382,1606,2025-12-22 14:41:17,375.55,0.0027277699107889266,GREEN,"n_prev_24h, log_amt, amt_z"
808070,3045,2025-12-26 05:52:27,44.76,0.002679389657432661,GREEN,"foreign, night, hour"
807950,3299,2025-12-26 02:24:10,33.63,0.0026774275823172383,GREEN,"foreign, night, hour"
818218,1383,2025-12-30 14:06:49,541.2,0.0026710453410948537,GREEN,"foreign, log_amt, amt_z"
811725,2275,2025-12-27 14:55:31,574.85,0.0026638306624625235,GREEN,"foreign, log_amt, amt_z"
820330,2586,2025-12-31 13:15:39,17.71,0.002643855219987444,GREEN,"new_device, log_hrs_since_prev"
807908,3262,2025-12-25 23:39:51,62.17,0.0026319433316745406,GREEN,"foreign, night, log_hrs_since_prev"
816369,622,2025-12-29 16:06:57,466.32,0.002627439243181467,GREEN,"foreign, log_amt, amt_z"
805520,2037,2025-12-24 19:46:19,73.02,0.0026243135215215934,GREEN,new_device
807783,853,2025-12-25 20:08:38,44.74,0.0026212432817089987,GREEN,new_device
807951,1632,2025-12-26 02:30:41,1016.64,0.002613334583264261,GREEN,"log_amt, night, amt_z"
815489,505,2025-12-29 11:02:51,341.66,0.0026031983914517145,GREEN,"foreign, log_amt, amt_z"
812444,1084,2025-12-27 21:43:36,34.98,0.002575261531407133,GREEN,"new_device, log_hrs_since_prev"
805706,1311,2025-12-25 02:13:31,92.22,0.002482874588429987,GREEN,"night, n_prev_24h, log_hrs_since_prev"
806292,417,2025-12-25 10:19:44,267.7,0.0024580113043271043,GREEN,"foreign, log_amt, amt_z"
811499,3045,2025-12-27 13:47:56,295.47,0.002455811899615467,GREEN,"foreign, log_amt, log_hrs_since_prev"
817010,2908,2025-12-30 05:09:09,128.65,0.002434394199426829,GREEN,"night, n_prev_24h, log_hrs_since_prev"
804717,880,2025-12-24 13:56:22,361.9,0.002428310698645599,GREEN,"foreign, log_amt, amt_z"
817421,1585,2025-12-30 09:50:07,260.2,0.0023926346440049473,GREEN,"foreign, log_amt, amt_z"
807913,667,2025-12-25 23:59:24,58.39,0.002386094796113805,GREEN,"foreign, night, log_hrs_since_prev"
810166,1022,2025-12-26 22:04:13,336.17,0.0023491725246955557,GREEN,"night, n_prev_24h, log_amt"
815970,11,2025-12-29 13:52:12,353.28,0.002348827108332045,GREEN,"foreign, log_amt, amt_z"
810983,2287,2025-12-27 11:02:06,416.73,0.0023454142733865756,GREEN,"foreign, log_amt, amt_z"
805927,3048,2025-12-25 07:37:11,187.57,0.0023417504393657296,GREEN,"foreign, log_amt, hour"
819239,2940,2025-12-31 05:13:37,120.88,0.0023259780225379474,GREEN,"night, n_prev_24h, log_hrs_since_prev"
801257,527,2025-12-23 02:39:25,728.36,0.002317802244169436,GREEN,"night, log_amt, hour"
808214,1048,2025-12-26 07:37:37,190.71,0.002316138230713276,GREEN,"foreign, log_amt, amt_z"
811728,2815,2025-12-27 14:56:34,355.36,0.00231305994528577,GREEN,"foreign, log_amt, amt_z"
817281,2788,2025-12-30 08:36:52,311.35,0.002307289264786058,GREEN,"foreign, log_amt, hour"
801346,1953,2025-12-23 05:51:39,28.8,0.0023056751002579106,GREEN,"foreign, night, hour"
814980,849,2025-12-29 07:05:30,204.19,0.0022864364193419945,GREEN,"foreign, log_amt, hour"
821357,3196,2025-12-31 21:04:02,597.87,0.002239961980648186,GREEN,"foreign, log_amt, amt_z"
809942,2210,2025-12-26 18:23:02,416.75,0.0022261597659217983,GREEN,"foreign, log_amt, amt_z"
802135,904,2025-12-23 11:59:55,264.4,0.0022226342137728113,GREEN,"foreign, log_amt, amt_z"
812917,3270,2025-12-28 08:43:22,219.09,0.002192016093404638,GREEN,"n_prev_24h, log_amt, log_hrs_since_prev"
806430,1061,2025-12-25 11:09:30,335.89,0.002184869166612214,GREEN,"foreign, log_amt, amt_z"
802537,2784,2025-12-23 14:04:49,37.27,0.0021838591671444877,GREEN,"foreign, n_prev_24h, log_hrs_since_prev"
820516,3273,2025-12-31 14:11:00,208.11,0.0021599013359532124,GREEN,"foreign, log_amt, amt_z"
819588,1103,2025-12-31 08:56:14,263.24,0.0021598800222224906,GREEN,"foreign, log_amt, amt_z"
808105,394,2025-12-26 06:19:10,173.7,0.0021361988006368456,GREEN,"foreign, log_amt, amt_z"
803439,261,2025-12-24 00:23:10,17.83,0.002117576897289024,GREEN,"foreign, night, hour"
810310,3403,2025-12-27 05:07:09,21.71,0.0021168452452777087,GREEN,"foreign, night, hour"
805061,1573,2025-12-24 15:49:46,238.57,0.002112698549327156,GREEN,"foreign, log_amt, amt_z"
799068,2527,2025-12-22 05:06:22,64.27,0.0021058775642487505,GREEN,"night, n_prev_24h, log_hrs_since_prev"
803557,1340,2025-12-24 05:48:38,25.67,0.002102613065084329,GREEN,"foreign, night, hour"
810259,3279,2025-12-27 03:18:31,23.22,0.002094866224858953,GREEN,"foreign, night, hour"
812722,722,2025-12-28 06:43:39,178.38,0.0020859385420020347,GREEN,"foreign, log_amt, amt_z"
806862,1982,2025-12-25 13:21:19,213.15,0.002064387219553123,GREEN,"foreign, log_amt, amt_z"
818889,2407,2025-12-30 18:24:29,322.42,0.002049887166387235,GREEN,"foreign, log_amt, amt_z"
812517,2076,2025-12-28 00:59:05,595.23,0.0020293853669431537,GREEN,"night, log_amt, hour"
819145,2471,2025-12-31 00:13:35,21.36,0.002024499129502527,GREEN,"foreign, night, hour"
821418,661,2025-12-31 22:47:02,47.29,0.0020205252703877057,GREEN,"foreign, night, log_hrs_since_prev"
812861,1906,2025-12-28 08:16:56,221.2,0.002019639527295298,GREEN,"foreign, log_amt, amt_z"
816914,113,2025-12-30 00:09:58,369.48,0.002008489255648264,GREEN,"night, log_amt, hour"
810880,812,2025-12-27 10:31:25,225.03,0.001993071663088437,GREEN,"foreign, log_amt, hour"
799379,2142,2025-12-22 08:50:38,212.08,0.0019858014040488375,GREEN,"foreign, log_amt, hour"
814768,2690,2025-12-29 00:24:55,69.51,0.001981704102516152,GREEN,"night, n_prev_24h, hour"
803862,3027,2025-12-24 09:09:21,176.6,0.001981648354968206,GREEN,"foreign, log_amt, log_hrs_since_prev"
819805,2025,2025-12-31 10:27:34,12.35,0.001980560852403173,GREEN,"new_device, hour"
805242,2437,2025-12-24 17:04:16,26.03,0.0019783475427116093,GREEN,"foreign, n_prev_24h, log_hrs_since_prev"
813287,1967,2025-12-28 11:10:24,36.29,0.0019681088573022094,GREEN,"foreign, n_prev_24h, log_hrs_since_prev"
817807,1418,2025-12-30 12:00:40,138.97,0.001966490203836778,GREEN,"foreign, log_amt, amt_z"
803404,3202,2025-12-23 23:28:07,61.38,0.0019647718058928097,GREEN,"foreign, night"
817491,1854,2025-12-30 10:16:55,201.81,0.0019361036760182702,GREEN,"foreign, log_amt, amt_z"
812732,3377,2025-12-28 06:52:10,201.26,0.0019289797689426857,GREEN,"foreign, log_amt, hour"
815157,2493,2025-12-29 08:54:47,148.07,0.0019194452828496756,GREEN,"n_prev_24h, log_amt, log_hrs_since_prev"
804324,2155,2025-12-24 11:58:51,196.13,0.0019170550624125146,GREEN,"foreign, log_amt, log_hrs_since_prev"
800944,1930,2025-12-22 18:30:44,251.7,0.0019124816066633048,GREEN,"foreign, log_amt, amt_z"
799101,2278,2025-12-22 05:49:26,588.17,0.001906496478682912,GREEN,"night, log_amt, amt_z"
811056,2896,2025-12-27 11:25:47,249.3,0.0018825365416557315,GREEN,"foreign, log_amt, log_hrs_since_prev"
812659,2595,2025-12-28 05:48:10,75.79,0.0018662246104037996,GREEN,"night, n_prev_24h, log_hrs_since_prev"
811901,3383,2025-12-27 15:56:52,191.06,0.0018543041889009157,GREEN,"foreign, log_amt, amt_z"
818815,764,2025-12-30 17:47:17,230.87,0.001851940833758083,GREEN,"foreign, log_amt, amt_z"
810145,917,2025-12-26 21:33:31,27.04,0.0018406863103989004,GREEN,new_device
810369,1563,2025-12-27 05:54:53,21.83,0.0018319315195756917,GREEN,"foreign, night, hour"
820051,120,2025-12-31 11:54:52,182.19,0.0018318036998057105,GREEN,"foreign, log_amt, amt_z"
805786,3180,2025-12-25 05:18:32,485.4,0.0018247159155411262,GREEN,"night, log_amt, amt_z"
821410,809,2025-12-31 22:29:44,1411.6,0.0018228350693455498,GREEN,"log_amt, night, amt_z"
808375,1408,2025-12-26 08:58:59,182.64,0.0018162994999201452,GREEN,"foreign, log_amt, hour"
802807,2000,2025-12-23 15:40:00,207.2,0.0018097628291923087,GREEN,"foreign, log_amt, amt_z"
819843,3295,2025-12-31 10:40:18,164.79,0.0018025022798807233,GREEN,"foreign, log_amt, amt_z"
819943,375,2025-12-31 11:18:00,200.79,0.00179287411413553,GREEN,"foreign, log_amt, amt_z"
817691,1092,2025-12-30 11:20:56,135.71,0.001782505775394451,GREEN,"foreign, amt_z, log_amt"
814725,2440,2025-12-28 23:08:43,42.23,0.0017633106712138375,GREEN,"n_prev_24h, night, log_hrs_since_prev"
808802,2217,2025-12-26 11:29:55,119.63,0.0017613715374553034,GREEN,"foreign, amt_z, log_amt"
799484,2599,2025-12-22 09:31:52,120.66,0.0017521309472845322,GREEN,"foreign, log_amt, amt_z"
801264,2907,2025-12-23 03:02:59,525.59,0.0017307271727284163,GREEN,"night, log_amt, hour"
806320,3071,2025-12-25 10:29:54,525.06,0.0017236575423682319,GREEN,"n_prev_24h, log_amt, amt_z"
803454,875,2025-12-24 02:09:26,434.71,0.001710729208771867,GREEN,"night, log_amt, hour"
799869,31,2025-12-22 11:47:24,161.1,0.0016915418825032523,GREEN,"foreign, log_amt, log_hrs_since_prev"
803857,973,2025-12-24 09:06:40,168.33,0.0016799072489126596,GREEN,"foreign, log_amt, hour"
803736,3465,2025-12-24 08:15:02,110.06,0.0016719540670573525,GREEN,"foreign, log_amt, hour"
813425,710,2025-12-28 11:47:53,182.03,0.001663841053122236,GREEN,"foreign, log_amt, amt_z"
819762,3224,2025-12-31 10:08:36,156.54,0.001654083649848409,GREEN,"foreign, log_amt, amt_z"
804734,808,2025-12-24 14:00:07,147.01,0.001636308695374317,GREEN,"foreign, amt_z, log_amt"
819893,641,2025-12-31 11:03:00,114.03,0.0016322051515850412,GREEN,"foreign, log_hrs_since_prev, log_amt"
798981,852,2025-12-22 01:22:04,41.45,0.0016320726275350082,GREEN,"night, n_prev_24h, hour"
814880,719,2025-12-29 05:40:46,429.79,0.0016247381035395469,GREEN,"night, log_amt, amt_z"
798988,2655,2025-12-22 01:38:40,57.01,0.0016242006655913244,GREEN,"night, n_prev_24h, hour"
813873,3456,2025-12-28 14:08:21,22.39,0.001617030181007396,GREEN,"foreign, n_prev_24h, log_hrs_since_prev"
800586,1872,2025-12-22 15:42:48,742.82,0.0016048540461164247,GREEN,"log_amt, n_prev_24h, log_hrs_since_prev"
800679,3142,2025-12-22 16:15:33,206.34,0.0015487937428320746,GREEN,"foreign, log_amt, amt_z"
819291,1710,2025-12-31 06:06:27,123.63,0.0015478421893697534,GREEN,"foreign, log_amt, hour"
817332,913,2025-12-30 09:12:05,96.38,0.0015467470299976604,GREEN,"foreign, log_hrs_since_prev, hour"
819630,2517,2025-12-31 09:15:02,9.38,0.0015452640494773475,GREEN,"new_device, hour"
805898,2251,2025-12-25 07:13:28,109.53,0.0015421796186870684,GREEN,"foreign, hour, log_amt"
799012,845,2025-12-22 03:31:24,520.66,0.001541528380037479,GREEN,"night, log_amt, hour"
807654,1618,2025-12-25 18:22:27,265.44,0.0015355151811666386,GREEN,"foreign, log_amt, amt_z"
803005,2140,2025-12-23 16:50:58,191.22,0.001514921316330205,GREEN,"foreign, log_amt, amt_z"
804706,2764,2025-12-24 13:53:56,130.3,0.001507429630852826,GREEN,"foreign, amt_z, log_amt"
809266,1074,2025-12-26 13:53:54,159.44,0.0015053693896509637,GREEN,"foreign, log_amt, amt_z"
815127,300,2025-12-29 08:35:24,114.14,0.001501331600053132,GREEN,"foreign, log_amt, hour"
803664,3240,2025-12-24 07:29:13,138.91,0.0014938574276993908,GREEN,"foreign, log_amt, hour"
817713,1134,2025-12-30 11:29:59,110.2,0.0014920241417047768,GREEN,"foreign, log_amt, log_hrs_since_prev"
812752,6,2025-12-28 07:07:32,575.22,0.0014911797266796225,GREEN,"n_prev_24h, log_amt, log_hrs_since_prev"
813770,87,2025-12-28 13:38:43,172.02,0.0014906393479932663,GREEN,"foreign, log_amt, amt_z"
814993,2202,2025-12-29 07:18:25,126.58,0.0014664939836685753,GREEN,"foreign, log_amt, hour"
819224,710,2025-12-31 04:44:44,51.62,0.0014562257734289938,GREEN,"night, n_prev_24h, log_hrs_since_prev"
806248,1805,2025-12-25 10:04:35,125.91,0.001451208009752711,GREEN,"foreign, log_amt, amt_z"
810341,3103,2025-12-27 05:35:03,65.5,0.0014508459140203996,GREEN,"night, n_prev_24h, hour"
817045,3395,2025-12-30 05:52:53,43.26,0.0014474315754422257,GREEN,"night, n_prev_24h, log_hrs_since_prev"
800278,2261,2025-12-22 14:06:36,26.46,0.0014465452268138167,GREEN,"foreign, n_prev_24h, log_hrs_since_prev"
808135,1022,2025-12-26 06:38:40,112.2,0.0014459691465760608,GREEN,"foreign, hour, log_amt"
802587,1588,2025-12-23 14:22:35,11.51,0.0014381881542508048,GREEN,new_device
803207,2973,2025-12-23 18:37:57,113.5,0.0014381599562054016,GREEN,"foreign, log_hrs_since_prev, amt_z"
814785,3268,2025-12-29 02:37:05,297.8,0.0014380357932498161,GREEN,"night, log_amt, hour"
820413,936,2025-12-31 13:37:15,93.11,0.0014285164042410381,GREEN,"foreign, log_hrs_since_prev, log_amt"
815022,2891,2025-12-29 07:38:25,117.6,0.0014266150672662514,GREEN,"foreign, log_amt, hour"
808063,630,2025-12-26 05:45:05,46.97,0.001426363674255357,GREEN,"night, n_prev_24h, log_hrs_since_prev"
801245,845,2025-12-23 01:39:23,51.24,0.0014258293457187264,GREEN,"night, n_prev_24h, hour"
811153,1967,2025-12-27 11:55:18,104.91,0.0014256023392133928,GREEN,"n_prev_24h, log_hrs_since_prev, log_amt"
812188,2595,2025-12-27 17:57:11,151.65,0.0014245314710418118,GREEN,"foreign, log_amt, amt_z"
820975,3250,2025-12-31 16:49:59,190.54,0.001417894055756784,GREEN,"foreign, log_amt, amt_z"
815583,2576,2025-12-29 11:37:22,125.9,0.0014061537365891096,GREEN,"foreign, log_amt, amt_z"
814969,1487,2025-12-29 06:57:15,136.4,0.0014033587905296389,GREEN,"foreign, log_amt, hour"
819490,1065,2025-12-31 08:12:54,94.37,0.0013979348136280054,GREEN,"foreign, hour, log_hrs_since_prev"
802090,2573,2025-12-23 11:46:34,149.23,0.0013948186900690157,GREEN,"foreign, log_amt, amt_z"
814371,2263,2025-12-28 17:09:16,249.23,0.001392027548072442,GREEN,"foreign, log_amt, amt_z"
816451,2855,2025-12-29 16:34:03,893.98,0.0013777191916424887,GREEN,"log_amt, n_prev_24h, log_hrs_since_prev"
813699,1121,2025-12-28 13:15:29,123.62,0.0013718301711165338,GREEN,"foreign, log_amt, amt_z"
806582,882,2025-12-25 11:59:16,103.43,0.001368789416794737,GREEN,"foreign, log_amt, amt_z"
812120,1618,2025-12-27 17:23:25,166.0,0.001364207792686552,GREEN,"foreign, log_amt, log_hrs_since_prev"
816442,2761,2025-12-29 16:30:46,96.23,0.0013637261625139695,GREEN,"n_prev_24h, log_hrs_since_prev, log_amt"
803577,542,2025-12-24 06:12:21,117.09,0.0013423908026635996,GREEN,"foreign, hour, log_amt"
813667,1853,2025-12-28 13:02:50,128.81,0.0013400365856927935,GREEN,"foreign, log_amt, log_hrs_since_prev"
820955,3284,2025-12-31 16:38:01,97.84,0.001338665483043807,GREEN,"foreign, amt_z, log_amt"
819153,2798,2025-12-31 00:44:58,277.31,0.0013332345766410498,GREEN,"night, log_amt, hour"
821149,166,2025-12-31 18:08:59,152.2,0.001330438964864164,GREEN,"foreign, log_amt, amt_z"
810197,2590,2025-12-26 23:55:30,34.49,0.0013235611435564395,GREEN,"foreign, night"
815224,1689,2025-12-29 09:22:01,11.4,0.0013202344598643805,GREEN,"new_device, hour"
812787,3397,2025-12-28 07:33:21,104.95,0.001319464612103099,GREEN,"foreign, hour, log_amt"
813604,809,2025-12-28 12:42:32,150.45,0.0013159581051969441,GREEN,"foreign, log_amt, log_hrs_since_prev"
810852,1305,2025-12-27 10:19:21,74.88,0.0013066615882884834,GREEN,"foreign, log_hrs_since_prev, hour"
805639,413,2025-12-24 22:40:25,161.72,0.0013047427390543414,GREEN,"night, n_prev_24h, log_amt"
810266,1967,2025-12-27 03:52:02,330.32,0.001291015130084828,GREEN,"night, log_amt, hour"
811358,1837,2025-12-27 13:00:35,103.05,0.00128294486882594,GREEN,"foreign, amt_z, log_amt"
799664,35,2025-12-22 10:39:39,114.31,0.0012794991616463206,GREEN,"foreign, log_amt, hour"
812080,3456,2025-12-27 17:06:30,83.56,0.0012563072137120705,GREEN,"n_prev_24h, log_hrs_since_prev, amt_z"
810617,2761,2025-12-27 08:28:20,78.44,0.001255512074083894,GREEN,"foreign, hour, amt_z"
821049,907,2025-12-31 17:20:00,120.71,0.0012548813149263836,GREEN,"foreign, amt_z, log_amt"
819170,1798,2025-12-31 02:18:13,176.24,0.001254710984466252,GREEN,"night, log_amt, hour"
801237,2289,2025-12-23 01:17:11,250.99,0.001253073058832468,GREEN,"night, log_amt, hour"
819195,2844,2025-12-31 03:49:39,8.27,0.0012432505663993634,GREEN,"foreign, night, hour"
816973,2148,2025-12-30 04:21:15,330.57,0.0012413676189869125,GREEN,"night, log_amt, hour"
812550,680,2025-12-28 02:51:40,183.04,0.001236354558275734,GREEN,"night, log_amt, hour"
801446,419,2025-12-23 07:12:25,74.35,0.0012237771344639895,GREEN,"foreign, hour, amt_z"
816532,786,2025-12-29 17:12:03,170.68,0.0012059160603042982,GREEN,"foreign, log_amt, amt_z"
810219,2129,2025-12-27 00:26:34,252.53,0.0011928781892999957,GREEN,"night, log_amt, hour"
800120,3250,2025-12-22 13:11:27,121.66,0.0011925928237596184,GREEN,"foreign, log_amt, amt_z"
809010,1537,2025-12-26 12:35:08,151.14,0.0011834739837222271,GREEN,"foreign, log_amt, hour"
812687,3211,2025-12-28 06:21:22,56.0,0.0011817894039513933,GREEN,"foreign, hour, amt_z"
801333,2415,2025-12-23 05:40:36,228.02,0.001181725609097266,GREEN,"night, log_amt, amt_z"
799572,411,2025-12-22 10:05:37,48.12,0.001178521927080159,GREEN,"foreign, log_hrs_since_prev, hour"
803241,1179,2025-12-23 19:09:57,126.61,0.001174649098674858,GREEN,"foreign, log_amt, amt_z"
813897,1672,2025-12-28 14:17:15,77.82,0.0011739082102582383,GREEN,"foreign, log_hrs_since_prev, log_amt"
819868,672,2025-12-31 10:51:41,107.07,0.001159528725873064,GREEN,"foreign, log_amt, log_hrs_since_prev"
816487,679,2025-12-29 16:46:42,107.31,0.0011578229384389938,GREEN,"foreign, log_amt, amt_z"
819146,3039,2025-12-31 00:18:19,253.69,0.0011536200769109383,GREEN,"night, log_amt, hour"
808530,190,2025-12-26 09:55:22,66.5,0.0011535586800860993,GREEN,"foreign, log_hrs_since_prev, hour"
800148,109,2025-12-22 13:20:49,73.33,0.001150842865612811,GREEN,"foreign, amt_z, log_hrs_since_prev"
808472,3328,2025-12-26 09:32:12,80.63,0.0011505188616626907,GREEN,"foreign, hour, amt_z"
801969,801,2025-12-23 11:05:02,76.01,0.0011489101711975977,GREEN,"foreign, amt_z, hour"
814417,1947,2025-12-28 17:31:05,127.14,0.0011478564843213142,GREEN,"foreign, log_amt, log_hrs_since_prev"
799404,1479,2025-12-22 09:02:08,70.82,0.0011459636695047085,GREEN,"foreign, log_hrs_since_prev, hour"
799518,2182,2025-12-22 09:46:45,84.09,0.0011390463800230262,GREEN,"foreign, hour, log_hrs_since_prev"
819181,578,2025-12-31 03:04:50,34.42,0.0011381148362925556,GREEN,"night, n_prev_24h, hour"
800408,773,2025-12-22 14:50:14,349.78,0.001138103008663731,GREEN,"n_prev_24h, log_amt, log_hrs_since_prev"
802407,3318,2025-12-23 13:28:13,186.14,0.0011312751982873374,GREEN,"foreign, log_amt"
805740,1201,2025-12-25 04:00:44,268.29,0.001125938350639184,GREEN,"night, log_amt, hour"
812623,1151,2025-12-28 05:00:48,211.01,0.0011207024145779957,GREEN,"night, log_amt, hour"
805941,1778,2025-12-25 07:45:38,73.55,0.001119563531601764,GREEN,"foreign, hour, amt_z"
799912,1344,2025-12-22 12:06:11,99.16,0.0011156142525658428,GREEN,"foreign, log_amt, log_hrs_since_prev"
812628,3234,2025-12-28 05:06:09,195.85,0.0011150213752590269,GREEN,"night, amt_z, log_amt"
816691,447,2025-12-29 18:39:02,118.97,0.0011142407763748785,GREEN,"foreign, log_amt, amt_z"
798993,417,2025-12-22 02:14:02,201.08,0.001111122440351981,GREEN,"night, log_amt, hour"
809853,142,2025-12-26 17:29:30,137.28,0.0011015684581086361,GREEN,"foreign, log_amt, amt_z"
813123,998,2025-12-28 10:16:37,91.13,0.0011015165188909422,GREEN,"foreign, log_amt, hour"
820252,346,2025-12-31 12:51:49,74.56,0.001091466711077488,GREEN,"foreign, log_hrs_since_prev, hour"
805816,2453,2025-12-25 05:59:31,317.98,0.0010846170492495822,GREEN,"night, log_amt, hour"
818093,3050,2025-12-30 13:26:30,124.44,0.0010825485561797383,GREEN,"foreign, log_amt"
808005,1752,2025-12-26 04:33:01,181.44,0.0010814352258169805,GREEN,"night, log_amt, hour"
807956,2113,2025-12-26 02:44:20,157.64,0.0010805621717722483,GREEN,"night, hour, log_amt"
812509,3131,2025-12-28 00:18:20,125.45,0.001080443025986846,GREEN,"night, hour, log_amt"
810598,1284,2025-12-27 08:18:44,7.77,0.0010803890044648761,GREEN,"foreign, n_prev_24h, log_hrs_since_prev"
801739,1289,2025-12-23 09:42:33,68.79,0.0010785046397635987,GREEN,"foreign, hour, amt_z"
800391,138,2025-12-22 14:45:16,84.36,0.0010709926190843326,GREEN,"foreign, log_amt, log_hrs_since_prev"
809372,161,2025-12-26 14:18:57,73.66,0.0010692735978059024,GREEN,"foreign, amt_z, log_hrs_since_prev"
820863,1578,2025-12-31 16:03:42,111.77,0.00106655453559334,GREEN,"foreign, log_amt, log_hrs_since_prev"
820026,2186,2025-12-31 11:47:35,87.0,0.001061013347299807,GREEN,"foreign, log_amt, hour"
819010,3270,2025-12-30 19:58:44,563.78,0.0010586551631574677,GREEN,"n_prev_24h, log_amt, log_hrs_since_prev"
800364,2325,2025-12-22 14:35:29,120.16,0.0010513906985339366,GREEN,"foreign, log_amt"
817703,2731,2025-12-30 11:27:53,99.34,0.0010494001511711828,GREEN,"foreign, log_amt, hour"
815937,216,2025-12-29 13:42:18,88.26,0.0010472014422830997,GREEN,"foreign, amt_z, log_amt"
815385,3014,2025-12-29 10:23:14,60.15,0.001042768749997069,GREEN,"foreign, hour, amt_z"
812942,1721,2025-12-28 09:00:56,75.81,0.0010405817466245754,GREEN,"foreign, hour, amt_z"
803448,240,2025-12-24 01:19:17,155.58,0.0010404617914895062,GREEN,"night, hour, log_amt"
808753,2315,2025-12-26 11:17:38,10.69,0.001034088858533594,GREEN,"new_device, hour"
810217,3337,2025-12-27 00:09:50,166.06,0.001028129666965935,GREEN,"night, hour, log_amt"
808194,82,2025-12-26 07:27:49,73.64,0.0010258559678049074,GREEN,"foreign, hour, amt_z"
815611,190,2025-12-29 11:46:10,66.77,0.0010203538906300169,GREEN,"foreign, log_hrs_since_prev, hour"
804962,3240,2025-12-24 15:15:58,370.39,0.0010200186433205719,GREEN,"n_prev_24h, log_amt, log_hrs_since_prev"
801383,989,2025-12-23 06:31:17,66.51,0.0010185368127980095,GREEN,"foreign, hour"
821314,1674,2025-12-31 20:02:33,112.86,0.00101570498895875,GREEN,"foreign, amt_z, log_amt"
805885,3133,2025-12-25 07:03:01,51.21,0.0010096808533649076,GREEN,"foreign, hour, amt_z"
801290,413,2025-12-23 04:12:57,214.35,0.0010087652328572242,GREEN,"night, log_amt, hour"
812666,2319,2025-12-28 05:54:25,186.01,0.0010063320387922758,GREEN,"night, log_amt, hour"
819617,2678,2025-12-31 09:07:01,65.49,0.0010014626290560866,GREEN,"foreign, hour"
816878,3370,2025-12-29 22:48:04,443.83,0.0009993184158145526,GREEN,"night, log_amt, amt_z"
799359,667,2025-12-22 08:36:41,62.98,0.0009982750582760416,GREEN,"foreign, hour"
809329,218,2025-12-26 14:08:12,76.2,0.0009980052726435262,GREEN,"foreign, amt_z"
811552,2676,2025-12-27 14:01:41,96.97,0.0009854712479173437,GREEN,"foreign, log_amt, amt_z"
803444,3303,2025-12-24 00:45:39,196.41,0.0009816771259491255,GREEN,"night, hour, log_amt"
803266,3365,2025-12-23 19:34:49,124.71,0.0009797626951766234,GREEN,"foreign, log_amt, amt_z"
803551,3469,2025-12-24 05:38:07,170.8,0.0009781272732506637,GREEN,"night, log_amt, hour"
812929,2261,2025-12-28 08:50:20,289.43,0.0009776002649268833,GREEN,"n_prev_24h, log_amt, log_hrs_since_prev"
817383,411,2025-12-30 09:35:10,47.09,0.0009760060108693937,GREEN,"foreign, hour, amt_z"
813126,539,2025-12-28 10:17:20,75.99,0.0009718964484582383,GREEN,"foreign, hour"
821032,2652,2025-12-31 17:11:29,63.73,0.0009717160332727116,GREEN,"foreign, log_hrs_since_prev, amt_z"
812595,919,2025-12-28 04:30:22,178.99,0.0009704356879725027,GREEN,"night, log_amt, hour"
802261,1371,2025-12-23 12:41:19,73.24,0.0009696760495870961,GREEN,"foreign, log_hrs_since_prev, hour"
803371,537,2025-12-23 22:02:16,18.27,0.0009672692548324342,GREEN,"foreign, night"
801804,194,2025-12-23 10:11:25,50.51,0.0009638793073598696,GREEN,"foreign, hour, amt_z"
813108,1945,2025-12-28 10:09:32,58.55,0.0009609156829554557,GREEN,"foreign, hour, log_hrs_since_prev"
805763,3071,2025-12-25 04:39:55,142.48,0.0009522460356770904,GREEN,"night, hour, log_amt"
818020,473,2025-12-30 13:03:27,62.93,0.0009501695531199385,GREEN,"foreign, amt_z"
811414,2729,2025-12-27 13:19:11,215.48,0.0009487281349526712,GREEN,"n_prev_24h, log_amt, log_hrs_since_prev"
817097,1210,2025-12-30 06:38:24,58.65,0.0009472100125242582,GREEN,"foreign, hour, amt_z"
805724,2347,2025-12-25 03:18:07,242.15,0.0009470698673862763,GREEN,"night, log_amt, hour"
806022,606,2025-12-25 08:27:13,48.29,0.000945588191102392,GREEN,"foreign, hour"
817160,977,2025-12-30 07:26:37,38.4,0.0009419176103548466,GREEN,"foreign, hour, log_hrs_since_prev"
810243,3084,2025-12-27 02:39:42,243.34,0.000939665655918032,GREEN,"night, log_amt, hour"
816925,2693,2025-12-30 01:52:10,165.52,0.0009383844300114397,GREEN,"night, hour, log_amt"
803425,2318,2025-12-23 23:59:24,545.42,0.0009383464416525391,GREEN,"night, log_amt, amt_z"
819012,2103,2025-12-30 19:59:16,129.92,0.0009372899231832526,GREEN,"foreign, log_amt, amt_z"
817303,546,2025-12-30 08:49:17,54.14,0.0009364163893042743,GREEN,"foreign, hour, amt_z"
815373,3034,2025-12-29 10:19:46,247.34,0.0009348754414443036,GREEN,"n_prev_24h, log_amt, log_hrs_since_prev"
817455,1316,2025-12-30 10:00:46,50.93,0.0009203137945493487,GREEN,"foreign, hour, amt_z"
803254,604,2025-12-23 19:23:52,279.58,0.0009193966145141739,GREEN,"n_prev_24h, log_amt, log_hrs_since_prev"
815104,1563,2025-12-29 08:24:30,45.1,0.0009175229460940462,GREEN,"foreign, hour, log_hrs_since_prev"
798971,3063,2025-12-22 00:00:00,131.99,0.0009167100644633022,GREEN,"night, hour, log_amt"
806341,2586,2025-12-25 10:36:34,37.36,0.0009133029780839086,GREEN,"foreign, amt_z, hour"
816108,2312,2025-12-29 14:42:13,41.46,0.0009094337101838301,GREEN,"foreign, amt_z, log_hrs_since_prev"
812525,1876,2025-12-28 01:22:48,6.96,0.0009089214370433491,GREEN,"foreign, night, hour"
812704,475,2025-12-28 06:29:48,42.24,0.0009013557552277957,GREEN,"foreign, hour"
809860,1458,2025-12-26 17:32:29,12.77,0.0008996926607352665,GREEN,"foreign, n_prev_24h, log_hrs_since_prev"
814773,1764,2025-12-29 01:12:05,117.31,0.000899138256588545,GREEN,"night, hour, log_amt"
802248,1578,2025-12-23 12:37:13,71.63,0.0008955880995045272,GREEN,"foreign, hour"
805701,2000,2025-12-25 02:02:14,103.7,0.000891460298841558,GREEN,"night, hour, log_hrs_since_prev"
808510,1486,2025-12-26 09:49:04,76.68,0.0008855070370824038,GREEN,"foreign, hour"
810709,1524,2025-12-27 09:07:27,58.37,0.0008839309849598302,GREEN,"foreign, hour"
799036,912,2025-12-22 04:12:22,164.99,0.0008813339202698963,GREEN,"night, log_amt, hour"
806997,2508,2025-12-25 14:00:10,101.41,0.0008809290013102514,GREEN,"foreign, log_amt"
807930,933,2025-12-26 00:36:21,103.54,0.0008784899266197189,GREEN,"night, hour, log_amt"
805767,590,2025-12-25 04:44:48,160.11,0.0008734594631481126,GREEN,"night, log_amt, hour"
819115,1628,2025-12-30 23:49:21,12.8,0.0008728691196376802,GREEN,"foreign, night"
813301,1023,2025-12-28 11:15:03,37.85,0.0008723109162903425,GREEN,"foreign, amt_z, hour"
821408,555,2025-12-31 22:22:24,508.04,0.0008669670379903182,GREEN,"night, log_amt, amt_z"
804473,434,2025-12-24 12:44:16,50.14,0.0008645973589294124,GREEN,"foreign, amt_z, hour"
809393,1749,2025-12-26 14:26:13,51.51,0.0008618464545283702,GREEN,"foreign, amt_z"
808417,2729,2025-12-26 09:13:42,45.29,0.0008591284955520887,GREEN,"foreign, hour"
800789,31,2025-12-22 16:52:25,265.02,0.0008589331946332879,GREEN,"n_prev_24h, log_amt, log_hrs_since_prev"
817019,3160,2025-12-30 05:21:17,144.86,0.0008534986891483831,GREEN,"night, log_amt, hour"
802471,3375,2025-12-23 13:44:01,121.04,0.0008533930990747943,GREEN,"n_prev_24h, log_hrs_since_prev, amt_z"
820672,1337,2025-12-31 14:58:36,38.72,0.0008526182805708201,GREEN,"foreign, log_hrs_since_prev"
808199,1279,2025-12-26 07:29:09,40.32,0.0008519593487252609,GREEN,"foreign, hour, log_hrs_since_prev"
800800,1931,2025-12-22 16:58:21,77.4,0.0008484595230418195,GREEN,"foreign, amt_z, log_amt"
806305,1309,2025-12-25 10:25:21,178.44,0.000846773132493421,GREEN,"n_prev_24h, log_amt, log_hrs_since_prev"
807448,1803,2025-12-25 16:42:55,48.13,0.0008464913128960051,GREEN,"foreign, amt_z, log_hrs_since_prev"
808496,3063,2025-12-26 09:44:06,32.2,0.0008461696940821617,GREEN,"foreign, log_hrs_since_prev, hour"
814853,502,2025-12-29 04:55:56,200.31,0.0008458339072296839,GREEN,"night, log_amt, hour"
809862,3311,2025-12-26 17:34:26,58.28,0.00084576714536369,GREEN,"foreign, amt_z, log_hrs_since_prev"
805556,1311,2025-12-24 20:15:43,63.15,0.0008429438166530875,GREEN,"foreign, log_hrs_since_prev"
812708,1625,2025-12-28 06:34:33,28.13,0.0008425213304000229,GREEN,"foreign, hour, amt_z"
807587,1311,2025-12-25 17:49:40,57.92,0.0008385799151262673,GREEN,"n_prev_24h, log_hrs_since_prev"
817286,128,2025-12-30 08:38:18,44.79,0.0008357494537335242,GREEN,"foreign, hour, log_hrs_since_prev"
809416,417,2025-12-26 14:33:33,263.73,0.000833103084030116,GREEN,"n_prev_24h, log_amt, log_hrs_since_prev"
811608,1397,2025-12-27 14:13:43,52.19,0.0008330336422664821,GREEN,"foreign, amt_z"
805755,2968,2025-12-25 04:28:47,197.37,0.0008329220247665177,GREEN,"night, log_amt, hour"
813506,2682,2025-12-28 12:11:41,56.15,0.0008322366885450022,GREEN,"foreign, hour, amt_z"
816948,1074,2025-12-30 03:18:30,116.53,0.0008305478003327079,GREEN,"night, hour, log_amt"
798985,341,2025-12-22 01:26:42,102.27,0.0008305224404288595,GREEN,"night, hour, log_amt"
798990,2183,2025-12-22 01:41:47,176.53,0.0008255705202434821,GREEN,"night, hour, log_amt"
812598,2776,2025-12-28 04:33:10,157.75,0.0008243489656676417,GREEN,"night, log_amt, hour"
801688,3381,2025-12-23 09:26:06,40.26,0.0008234155985771141,GREEN,"foreign, log_hrs_since_prev, hour"
808584,3103,2025-12-26 10:19:02,46.88,0.0008216316730692947,GREEN,"foreign, log_hrs_since_prev, hour"
820074,1803,2025-12-31 12:01:26,30.33,0.0008212676413280811,GREEN,"foreign, log_hrs_since_prev, amt_z"
809465,2828,2025-12-26 14:48:27,61.67,0.0008170876989232076,GREEN,"foreign, amt_z"
808210,3418,2025-12-26 07:34:21,49.28,0.0008150311849238306,GREEN,"foreign, hour"
805147,240,2025-12-24 16:19:31,224.78,0.0008138803339563274,GREEN,"n_prev_24h, log_amt, amt_z"
803441,1657,2025-12-24 00:36:42,114.09,0.0008115380548137886,GREEN,"night, hour, log_amt"
808577,314,2025-12-26 10:16:06,1832.37,0.0008115163326632526,GREEN,"log_amt, amt_z, hour"
815409,297,2025-12-29 10:34:01,46.43,0.000811145011359831,GREEN,"foreign, hour"
800513,256,2025-12-22 15:18:08,169.42,0.0008104291373704083,GREEN,"n_prev_24h, log_hrs_since_prev, log_amt"
805425,2806,2025-12-24 18:49:00,51.91,0.0008090326041822123,GREEN,"foreign, log_hrs_since_prev"
818482,2969,2025-12-30 15:33:03,35.39,0.0008078127716449197,GREEN,"foreign, amt_z, log_hrs_since_prev"
814707,3350,2025-12-28 22:19:39,294.21,0.0008041723569483492,GREEN,"night, log_amt, amt_z"
811899,2529,2025-12-27 15:55:54,50.59,0.0008023310951081863,GREEN,"foreign, amt_z"
799045,1985,2025-12-22 04:25:05,142.44,0.0008006992185510183,GREEN,"night, hour, log_amt"
813150,283,2025-12-28 10:23:18,50.47,0.0008004358003157415,GREEN,"foreign, hour, amt_z"
819155,2431,2025-12-31 01:04:26,143.81,0.000796374212877116,GREEN,"night, hour, log_amt"
816932,161,2025-12-30 02:23:57,97.74,0.0007942118986181181,GREEN,"night, hour, log_amt"
807886,1501,2025-12-25 22:10:59,327.77,0.0007923362077124312,GREEN,"night, log_amt, log_hrs_since_prev"
808575,604,2025-12-26 10:14:58,36.64,0.00078310631598456,GREEN,"foreign, log_hrs_since_prev, hour"
817047,370,2025-12-30 05:58:34,215.7,0.0007826753817193861,GREEN,"night, log_amt, hour"
807277,2377,2025-12-25 15:41:42,61.7,0.0007791761630837304,GREEN,foreign
820426,1173,2025-12-31 13:40:44,35.07,0.000777920152769363,GREEN,"n_prev_24h, log_hrs_since_prev"
819161,1801,2025-12-31 01:21:46,125.78,0.0007738382840239991,GREEN,"night, hour, log_amt"
819250,1102,2025-12-31 05:26:21,136.32,0.0007716084271205872,GREEN,"night, log_amt, hour"
799290,840,2025-12-22 07:57:01,33.07,0.0007690130789077985,GREEN,"foreign, hour, log_hrs_since_prev"
804122,1691,2025-12-24 10:52:37,191.96,0.0007685355096945709,GREEN,"n_prev_24h, log_amt, log_hrs_since_prev"
813508,1418,2025-12-28 12:12:34,4.54,0.0007684576638956155,GREEN,"foreign, n_prev_24h, log_hrs_since_prev"
813397,662,2025-12-28 11:40:30,32.26,0.0007681199970178981,GREEN,"foreign, log_hrs_since_prev, hour"
820003,3476,2025-12-31 11:38:24,145.9,0.0007678145012450017,GREEN,"n_prev_24h, log_hrs_since_prev, log_amt"
816380,3204,2025-12-29 16:09:19,84.98,0.0007643571905291571,GREEN,"foreign, log_amt"
801930,2952,2025-12-23 10:51:23,53.89,0.0007621965981349366,GREEN,"foreign, hour"
807943,624,2025-12-26 01:30:08,143.51,0.0007607740531045701,GREEN,"night, hour, log_amt"
801444,3424,2025-12-23 07:10:53,32.98,0.0007596449728272245,GREEN,"foreign, hour"
808060,1369,2025-12-26 05:43:34,145.34,0.0007589335666152746,GREEN,"night, log_amt, hour"
812578,2579,2025-12-28 04:01:24,146.88,0.0007581575183401795,GREEN,"night, log_amt, hour"
815660,1532,2025-12-29 12:01:32,38.96,0.0007580014043256513,GREEN,"foreign, log_hrs_since_prev, hour"
818908,2534,2025-12-30 18:36:44,56.75,0.0007573723737044032,GREEN,"foreign, amt_z"
815662,3200,2025-12-29 12:02:45,233.7,0.000756677284336224,GREEN,"n_prev_24h, log_amt, log_hrs_since_prev"
812091,3142,2025-12-27 17:11:14,275.48,0.0007546076790329756,GREEN,"n_prev_24h, log_amt, log_hrs_since_prev"
816389,2710,2025-12-29 16:13:19,312.57,0.0007516182862792595,GREEN,"n_prev_24h, log_amt, log_hrs_since_prev"
802484,524,2025-12-23 13:46:53,37.99,0.0007495153015281192,GREEN,"foreign, amt_z"
819279,2546,2025-12-31 05:54:14,204.67,0.0007478710242457068,GREEN,"night, log_amt, hour"
816825,941,2025-12-29 20:57:34,336.71,0.0007419863650317539,GREEN,"n_prev_24h, log_amt, log_hrs_since_prev"
819005,2153,2025-12-30 19:56:04,61.31,0.0007413513060836604,GREEN,"foreign, amt_z"
809383,781,2025-12-26 14:22:54,58.04,0.0007398458771879911,GREEN,foreign
799006,2617,2025-12-22 03:15:28,98.76,0.0007387578939616434,GREEN,"night, hour, log_amt"
805769,1638,2025-12-25 04:46:55,122.28,0.0007361558123640097,GREEN,"night, hour, amt_z"
816933,2128,2025-12-30 02:26:49,132.42,0.00073542262420352,GREEN,"night, hour, log_amt"
821140,115,2025-12-31 18:06:20,64.86,0.0007354102434109989,GREEN,"foreign, log_hrs_since_prev"
809166,3392,2025-12-26 13:26:53,204.98,0.0007341966159233603,GREEN,"n_prev_24h, log_amt, log_hrs_since_prev"
803891,2991,2025-12-24 09:20:52,25.83,0.0007325014065597887,GREEN,"foreign, log_hrs_since_prev, hour"
816344,3403,2025-12-29 15:57:05,197.15,0.0007311556471619322,GREEN,"n_prev_24h, log_amt, log_hrs_since_prev"
802758,2570,2025-12-23 15:24:25,53.03,0.00073083766803003,GREEN,foreign
818998,3303,2025-12-30 19:50:56,80.37,0.0007290625993499946,GREEN,"foreign, log_amt"
812606,3164,2025-12-28 04:41:42,119.96,0.0007283074095350534,GREEN,"night, hour, log_amt"
802665,2866,2025-12-23 14:50:27,54.22,0.0007260245322956831,GREEN,foreign
809068,2714,2025-12-26 12:54:53,66.52,0.0007259260212075622,GREEN,"foreign, hour"
806285,404,2025-12-25 10:16:58,35.41,0.0007252663873394771,GREEN,"n_prev_24h, log_hrs_since_prev, hour"
801119,3457,2025-12-22 21:08:16,72.81,0.0007246761968706828,GREEN,"foreign, log_hrs_since_prev"
819396,2788,2025-12-31 07:19:57,173.34,0.000724311136878359,GREEN,"n_prev_24h, log_amt, log_hrs_since_prev"
819169,1309,2025-12-31 02:08:52,92.22,0.0007238288879494405,GREEN,"night, hour, amt_z"
816920,15,2025-12-30 01:09:33,86.66,0.0007227210721287334,GREEN,"night, hour, amt_z"
816332,2351,2025-12-29 15:54:05,52.05,0.0007211606948030942,GREEN,foreign
801815,2716,2025-12-23 10:16:53,50.57,0.000718880672394552,GREEN,"foreign, hour"
810141,719,2025-12-26 21:28:22,71.37,0.0007174866839279622,GREEN,"foreign, log_hrs_since_prev"
816773,3385,2025-12-29 19:49:01,85.6,0.0007174234440275697,GREEN,"foreign, log_amt"
819822,1734,2025-12-31 10:32:55,39.96,0.0007170002181291587,GREEN,"foreign, hour"
817126,1194,2025-12-30 07:06:38,38.06,0.000715334137248791,GREEN,"foreign, hour"
802212,1773,2025-12-23 12:26:14,51.2,0.000714581653181916,GREEN,"foreign, hour"
816855,570,2025-12-29 21:42:42,80.28,0.0007135257609965929,GREEN,"foreign, amt_z, log_amt"
808521,1284,2025-12-26 09:53:35,22.86,0.0007123977325071394,GREEN,"foreign, log_hrs_since_prev, hour"
818719,451,2025-12-30 16:56:18,177.79,0.0007119510782273898,GREEN,"n_prev_24h, log_amt, log_hrs_since_prev"
809606,404,2025-12-26 15:41:55,39.63,0.0007115013002287686,GREEN,"foreign, log_hrs_since_prev"
811026,1698,2025-12-27 11:16:50,169.94,0.000710759461911621,GREEN,"n_prev_24h, log_amt, log_hrs_since_prev"
804063,304,2025-12-24 10:31:53,44.29,0.0007051930547993129,GREEN,"foreign, hour"
814783,1639,2025-12-29 02:25:42,96.73,0.0007048018893222185,GREEN,"night, hour, amt_z"
805655,1084,2025-12-24 23:14:25,36.76,0.0007023742020508075,GREEN,"night, n_prev_24h, log_hrs_since_prev"
810138,2479,2025-12-26 21:21:05,73.1,0.0007004660141170668,GREEN,"foreign, log_hrs_since_prev"
811364,2143,2025-12-27 13:02:25,243.4,0.0006983150751188513,GREEN,"n_prev_24h, log_amt, log_hrs_since_prev"
801232,2334,2025-12-23 00:47:38,110.83,0.000697774909771342,GREEN,"night, hour, log_amt"
816318,2511,2025-12-29 15:48:00,53.39,0.000697245389491993,GREEN,"foreign, amt_z"
811914,188,2025-12-27 16:01:31,39.53,0.0006972416239606503,GREEN,"foreign, amt_z"
820382,1546,2025-12-31 13:30:03,36.67,0.0006964921361696988,GREEN,foreign
810221,989,2025-12-27 00:42:13,79.41,0.000692600755733937,GREEN,"night, hour, log_hrs_since_prev"
819238,684,2025-12-31 05:11:38,106.34,0.0006912904986873619,GREEN,"night, hour, amt_z"
801261,2379,2025-12-23 02:50:05,95.92,0.0006900690305573072,GREEN,"night, hour, amt_z"
816994,3311,2025-12-30 04:49:33,68.84,0.0006895339846885223,GREEN,"night, hour, log_hrs_since_prev"
811236,2906,2025-12-27 12:18:49,163.36,0.0006862204104919552,GREEN,"n_prev_24h, log_amt, log_hrs_since_prev"
815888,2956,2025-12-29 13:27:28,45.05,0.0006850259979311997,GREEN,foreign
815254,2621,2025-12-29 09:28:37,164.9,0.0006840160722657555,GREEN,"n_prev_24h, log_amt, log_hrs_since_prev"
803846,1530,2025-12-24 08:59:55,29.98,0.0006816105286438509,GREEN,"foreign, hour"
817005,3412,2025-12-30 05:03:26,102.37,0.0006809856674493222,GREEN,"night, hour, amt_z"
817016,2498,2025-12-30 05:16:58,110.24,0.0006797997710669136,GREEN,"night, hour, log_amt"
804056,441,2025-12-24 10:29:42,39.12,0.0006786483448211739,GREEN,"foreign, hour"
814774,1240,2025-12-29 01:20:25,97.74,0.0006779264753074376,GREEN,"night, hour, log_amt"
802572,845,2025-12-23 14:17:54,189.55,0.0006753423806729933,GREEN,"n_prev_24h, log_amt, log_hrs_since_prev"
809477,2704,2025-12-26 14:52:54,50.21,0.0006752351690301669,GREEN,foreign
802410,2598,2025-12-23 13:29:03,58.0,0.0006740599041860608,GREEN,foreign
805321,1389,2025-12-24 17:47:08,49.11,0.0006703820394495977,GREEN,"foreign, amt_z"
810224,977,2025-12-27 01:16:22,93.76,0.0006695311989331425,GREEN,"night, hour, amt_z"
814749,1065,2025-12-28 23:59:24,342.81,0.0006685816649623163,GREEN,"night, log_amt, amt_z"
814888,2332,2025-12-29 05:44:43,115.31,0.0006684341229002985,GREEN,"night, hour, log_amt"
812229,573,2025-12-27 18:20:51,46.18,0.0006684254318042665,GREEN,"foreign, amt_z"
807335,2145,2025-12-25 16:00:29,37.62,0.0006680504433867842,GREEN,"foreign, log_hrs_since_prev"
819202,699,2025-12-31 04:11:21,72.2,0.0006624886667953898,GREEN,"night, hour, log_hrs_since_prev"
803459,1945,2025-12-24 02:28:26,116.82,0.0006603202651906619,GREEN,"night, hour, log_amt"
817497,3248,2025-12-30 10:17:58,39.04,0.0006593777726767234,GREEN,"foreign, hour"
816976,330,2025-12-30 04:31:51,78.08,0.0006592608702035378,GREEN,"night, hour, log_hrs_since_prev"
815257,729,2025-12-29 09:30:22,1050.88,0.0006580935340644906,GREEN,"log_amt, amt_z, hour"
819147,2940,2025-12-31 00:24:53,93.13,0.0006556452103914527,GREEN,"night, hour, log_amt"
802995,2611,2025-12-23 16:46:23,37.53,0.0006542062542125062,GREEN,"foreign, amt_z"
801250,1862,2025-12-23 02:13:34,65.34,0.0006530597250780405,GREEN,"night, hour, log_hrs_since_prev"
814744,1206,2025-12-28 23:57:17,275.69,0.0006525647827914605,GREEN,"night, log_amt, amt_z"
815455,3089,2025-12-29 10:49:36,44.98,0.0006518901316073697,GREEN,"foreign, hour"
818797,1010,2025-12-30 17:37:16,49.82,0.0006517142134166296,GREEN,foreign
821016,1513,2025-12-31 17:04:58,45.03,0.000651586532187258,GREEN,foreign
798997,922,2025-12-22 02:41:57,78.35,0.0006506796257001842,GREEN,"night, hour, amt_z"
810773,1231,2025-12-27 09:43:16,24.04,0.0006502222918310401,GREEN,"foreign, hour, log_hrs_since_prev"
811820,1972,2025-12-27 15:25:31,37.13,0.0006472032840914256,GREEN,"foreign, log_hrs_since_prev"
805503,481,2025-12-24 19:41:32,64.34,0.0006471138260109129,GREEN,foreign
802324,2260,2025-12-23 13:02:02,39.34,0.0006449618532637815,GREEN,foreign
813874,2782,2025-12-28 14:08:43,58.18,0.0006421845808274596,GREEN,foreign
816510,831,2025-12-29 16:59:47,35.72,0.0006398808734847574,GREEN,"foreign, log_hrs_since_prev"
812421,3270,2025-12-27 20:57:18,242.0,0.0006387814149241801,GREEN,"n_prev_24h, log_amt, log_hrs_since_prev"
817082,1532,2025-12-30 06:19:28,102.25,0.000637582357399451,GREEN,"n_prev_24h, log_hrs_since_prev, hour"
812576,2075,2025-12-28 03:59:54,89.75,0.0006364414901390656,GREEN,"night, hour, amt_z"
805190,471,2025-12-24 16:36:27,44.69,0.000634320801870965,GREEN,"foreign, amt_z"
814897,569,2025-12-29 05:50:58,99.57,0.0006332199489782633,GREEN,"night, hour, log_amt"
814322,2896,2025-12-28 16:47:00,202.22,0.0006280124414032615,GREEN,"n_prev_24h, log_amt, log_hrs_since_prev"
807769,3383,2025-12-25 19:53:04,54.74,0.0006253968621106234,GREEN,foreign
801200,319,2025-12-22 23:59:24,311.34,0.0006221139921762411,GREEN,"night, log_amt, amt_z"
803286,2319,2025-12-23 19:51:37,60.97,0.0006190015057447747,GREEN,foreign
810283,831,2025-12-27 04:27:35,114.6,0.0006186101735968198,GREEN,"night, hour, log_amt"
806081,2095,2025-12-25 08:55:34,30.31,0.0006162645793443861,GREEN,"foreign, hour"
815580,1064,2025-12-29 11:36:15,35.92,0.0006123624331817846,GREEN,"foreign, hour"
803440,3391,2025-12-24 00:33:43,63.99,0.0006120539693328506,GREEN,"night, hour, amt_z"
820334,1881,2025-12-31 13:17:29,39.72,0.0006119628121587847,GREEN,foreign
813254,1488,2025-12-28 10:58:51,664.27,0.0006056566726498014,GREEN,"log_amt, amt_z, log_hrs_since_prev"
804570,404,2025-12-24 13:12:45,113.52,0.000603314871254287,GREEN,"n_prev_24h, log_hrs_since_prev, log_amt"
801319,1988,2025-12-23 05:22:33,63.1,0.0006007232096934609,GREEN,"night, hour, log_hrs_since_prev"
799439,364,2025-12-22 09:17:43,26.46,0.000600424348565424,GREEN,"foreign, hour"
813489,2547,2025-12-28 12:07:22,38.69,0.0005997325127954902,GREEN,"foreign, hour"
801822,1452,2025-12-23 10:19:41,26.36,0.0005988673426905913,GREEN,"foreign, hour"
811618,2251,2025-12-27 14:17:39,110.97,0.0005957132775687629,GREEN,"n_prev_24h, log_hrs_since_prev, log_amt"
801322,1248,2025-12-23 05:26:49,130.3,0.0005951620333828011,GREEN,"night, hour, log_amt"
809062,2989,2025-12-26 12:52:57,34.28,0.0005934706576630661,GREEN,"foreign, hour"
800359,1842,2025-12-22 14:34:02,34.5,0.0005929996826183286,GREEN,foreign
808731,1785,2025-12-26 11:11:47,107.39,0.0005927211732898594,GREEN,"n_prev_24h, log_hrs_since_prev, log_amt"
805826,3411,2025-12-25 06:07:49,16.91,0.0005923558995251686,GREEN,"foreign, hour"
803465,2693,2025-12-24 02:39:45,73.2,0.0005917839046893252,GREEN,"night, hour, log_hrs_since_prev"
814728,1752,2025-12-28 23:18:20,219.25,0.0005901548895779812,GREEN,"night, log_amt, amt_z"
816413,260,2025-12-29 16:23:13,32.13,0.0005871525013241137,GREEN,foreign
810336,994,2025-12-27 05:30:52,93.13,0.0005839570366488925,GREEN,"night, hour, log_amt"
812631,1736,2025-12-28 05:08:44,109.44,0.0005828074974063203,GREEN,"night, hour, log_amt"
809999,169,2025-12-26 19:06:06,164.68,0.0005807703614000246,GREEN,"n_prev_24h, log_hrs_since_prev, log_amt"
809519,2145,2025-12-26 15:09:05,137.87,0.0005806633566218925,GREEN,"n_prev_24h, log_amt, log_hrs_since_prev"
820410,1439,2025-12-31 13:36:39,31.04,0.0005796736277054133,GREEN,"foreign, log_hrs_since_prev"
808987,169,2025-12-26 12:26:24,1082.63,0.0005773002240241934,GREEN,"log_amt, amt_z, hour"
817178,853,2025-12-30 07:38:05,82.37,0.000575957958901786,GREEN,"n_prev_24h, log_hrs_since_prev, hour"
820207,998,2025-12-31 12:40:24,105.83,0.000575915876293799,GREEN,"n_prev_24h, log_hrs_since_prev, log_amt"
814234,22,2025-12-28 16:15:22,46.57,0.0005750177462991103,GREEN,"foreign, log_hrs_since_prev"
814800,2024,2025-12-29 03:28:33,82.24,0.0005734835614755408,GREEN,"night, hour, amt_z"
799067,2459,2025-12-22 05:06:16,110.18,0.0005697072106971167,GREEN,"night, hour, log_amt"
810278,1634,2025-12-27 04:17:01,100.77,0.0005696144618710058,GREEN,"night, hour, log_amt"
800574,2325,2025-12-22 15:39:21,112.35,0.0005688169248313853,GREEN,"n_prev_24h, log_hrs_since_prev, log_amt"
803372,812,2025-12-23 22:03:37,283.76,0.0005671420498098169,GREEN,"night, log_amt, amt_z"
802388,3381,2025-12-23 13:22:26,109.31,0.000566962630267908,GREEN,"n_prev_24h, log_hrs_since_prev, log_amt"
816234,1949,2025-12-29 15:17:43,173.24,0.0005642961496198115,GREEN,"n_prev_24h, log_amt, log_hrs_since_prev"
803397,723,2025-12-23 23:15:09,382.83,0.0005633018491416456,GREEN,"night, log_amt"
805092,2494,2025-12-24 15:59:53,135.5,0.0005620477460500728,GREEN,"n_prev_24h, log_amt, log_hrs_since_prev"
819163,1517,2025-12-31 01:33:25,59.07,0.0005610134068518544,GREEN,"night, hour, log_hrs_since_prev"
800766,1418,2025-12-22 16:44:05,20.49,0.0005585049018405464,GREEN,"foreign, log_hrs_since_prev"
805651,431,2025-12-24 23:05:08,180.47,0.0005576606474315276,GREEN,"night, log_amt, amt_z"
802846,568,2025-12-23 15:55:18,27.71,0.0005518602985650725,GREEN,foreign
805637,936,2025-12-24 22:28:19,199.83,0.0005493396758755989,GREEN,"night, log_amt, amt_z"
807630,153,2025-12-25 18:08:52,40.83,0.0005490195156526977,GREEN,foreign
807938,1772,2025-12-26 01:15:15,94.95,0.000547650096723832,GREEN,"night, hour, log_amt"
799267,275,2025-12-22 07:41:28,14.5,0.0005467135086041631,GREEN,"foreign, hour"
815956,177,2025-12-29 13:48:32,992.59,0.0005444126151993319,GREEN,"log_amt, amt_z, log_hrs_since_prev"
816719,2261,2025-12-29 18:58:35,160.34,0.0005436446307883738,GREEN,"n_prev_24h, log_hrs_since_prev, log_amt"
800274,2143,2025-12-22 14:05:43,1220.78,0.0005414081241160146,GREEN,"log_amt, amt_z"
803096,3161,2025-12-23 17:36:54,47.04,0.0005401055223320031,GREEN,foreign
815841,2908,2025-12-29 13:09:24,28.04,0.0005398079290364036,GREEN,foreign
803852,3075,2025-12-24 09:02:52,94.36,0.0005348025534430734,GREEN,"n_prev_24h, log_hrs_since_prev, hour"
798998,110,2025-12-22 02:42:14,63.01,0.0005343049053839569,GREEN,"night, hour, amt_z"
799969,1113,2025-12-22 12:24:40,26.5,0.0005327459453998249,GREEN,"foreign, hour"
810540,2920,2025-12-27 07:53:39,840.19,0.0005311809404381178,GREEN,"log_amt, amt_z, hour"
802369,2823,2025-12-23 13:15:24,86.52,0.0005302074537568115,GREEN,"n_prev_24h, log_hrs_since_prev, log_amt"
801120,897,2025-12-22 21:10:14,118.23,0.0005277380922696979,GREEN,"n_prev_24h, log_hrs_since_prev, log_amt"
814413,738,2025-12-28 17:30:06,38.88,0.0005272909085200744,GREEN,foreign
807755,3488,2025-12-25 19:37:15,39.14,0.0005268729441258058,GREEN,foreign
803508,2975,2025-12-24 04:33:18,75.58,0.000525781692540819,GREEN,"night, hour, amt_z"
809719,2645,2025-12-26 16:19:19,30.07,0.0005234498599544704,GREEN,foreign
819107,382,2025-12-30 22:52:58,184.09,0.0005230360853188197,GREEN,"night, log_amt, amt_z"
821231,496,2025-12-31 18:56:42,31.26,0.0005221511988338711,GREEN,"foreign, amt_z"
814791,1285,2025-12-29 02:58:55,69.58,0.000519509036099632,GREEN,"night, hour"
814209,1375,2025-12-28 16:05:29,31.14,0.0005192886668336348,GREEN,foreign
803095,2328,2025-12-23 17:36:32,31.96,0.0005190930626263378,GREEN,"foreign, amt_z"
801302,15,2025-12-23 04:44:50,76.53,0.0005174906812816878,GREEN,"night, hour, amt_z"
817419,1759,2025-12-30 09:48:25,606.59,0.0005148115448522914,GREEN,"log_amt, amt_z, log_hrs_since_prev"
810385,1585,2025-12-27 06:04:56,83.12,0.0005142535291238721,GREEN,"n_prev_24h, log_hrs_since_prev, hour"
801338,1117,2025-12-23 05:45:50,70.9,0.0005140688805798663,GREEN,"night, hour"
807452,914,2025-12-25 16:45:05,150.07,0.0005140287127165256,GREEN,"n_prev_24h, log_amt, log_hrs_since_prev"
801235,1766,2025-12-23 01:03:18,50.13,0.0005124215506993381,GREEN,"night, hour, log_hrs_since_prev"
819108,1229,2025-12-30 22:59:36,146.13,0.0005119349366934834,GREEN,"night, amt_z, log_amt"
811630,338,2025-12-27 14:22:12,72.31,0.0005118542604523166,GREEN,"n_prev_24h, log_hrs_since_prev, amt_z"
812582,1304,2025-12-28 04:06:58,62.04,0.0005113930921038515,GREEN,"night, hour, log_hrs_since_prev"
811142,2969,2025-12-27 11:51:06,21.41,0.0005107525870704788,GREEN,"foreign, hour"
799018,694,2025-12-22 03:41:13,52.48,0.0005107012455786471,GREEN,"night, hour, log_hrs_since_prev"
821401,146,2025-12-31 22:00:00,20.72,0.0005099988897475882,GREEN,"night, n_prev_24h, log_hrs_since_prev"
809330,945,2025-12-26 14:08:13,21.44,0.0005043891720511053,GREEN,foreign
807997,1878,2025-12-26 04:14:20,46.23,0.0005026420202904582,GREEN,"night, hour, log_hrs_since_prev"
805774,1700,2025-12-25 04:58:37,44.33,0.0005025527792116702,GREEN,"night, hour, log_hrs_since_prev"
804712,1995,2025-12-24 13:55:11,807.96,0.0005019123974227534,GREEN,"log_amt, amt_z"
801171,2288,2025-12-22 22:39:06,237.67,0.0005005544955923857,GREEN,"night, log_amt, amt_z"
807675,417,2025-12-25 18:34:58,120.46,0.000498469358624278,GREEN,"n_prev_24h, log_hrs_since_prev, log_amt"
819210,1263,2025-12-31 04:18:49,62.04,0.0004984088434159938,GREEN,"night, hour, log_hrs_since_prev"
815056,245,2025-12-29 07:58:49,17.41,0.0004968684956322312,GREEN,"foreign, hour, log_hrs_since_prev"
805775,1988,2025-12-25 05:01:23,49.58,0.0004962687661275845,GREEN,"night, hour, log_hrs_since_prev"
808327,2790,2025-12-26 08:39:14,85.16,0.0004947837732922408,GREEN,"n_prev_24h, log_hrs_since_prev, hour"
804058,2325,2025-12-24 10:30:08,577.41,0.0004861599861765999,GREEN,"log_amt, amt_z, log_hrs_since_prev"
800203,2498,2025-12-22 13:38:33,76.11,0.0004853218564439101,GREEN,"n_prev_24h, log_hrs_since_prev, amt_z"
819820,128,2025-12-31 10:32:08,457.85,0.00048468177565782507,GREEN,"log_amt, amt_z, log_hrs_since_prev"
817721,177,2025-12-30 11:32:53,127.07,0.0004845833054720321,GREEN,"n_prev_24h, log_amt, log_hrs_since_prev"
820202,2332,2025-12-31 12:39:57,598.63,0.00048417049948073273,GREEN,"log_amt, amt_z, log_hrs_since_prev"
803548,2490,2025-12-24 05:33:01,68.11,0.00048380433042969045,GREEN,"night, hour, log_hrs_since_prev"
819211,3180,2025-12-31 04:20:16,42.0,0.00048322693884615236,GREEN,"night, hour, log_hrs_since_prev"
800881,376,2025-12-22 17:50:21,72.82,0.00048299526508913744,GREEN,"n_prev_24h, log_hrs_since_prev, amt_z"
812562,1095,2025-12-28 03:27:39,55.6,0.00048249832419528156,GREEN,"night, hour, amt_z"
807901,3061,2025-12-25 23:11:02,17.8,0.00048126491690775357,GREEN,"night, n_prev_24h, log_hrs_since_prev"
806679,3158,2025-12-25 12:25:47,567.16,0.00048014099411565237,GREEN,"log_amt, amt_z, log_hrs_since_prev"
805695,3199,2025-12-25 01:32:54,51.01,0.00047881620813820835,GREEN,"night, hour"
818268,3011,2025-12-30 14:24:18,90.85,0.00047759186762384893,GREEN,"n_prev_24h, log_hrs_since_prev, log_amt"
801267,1121,2025-12-23 03:07:00,67.53,0.0004767411915769185,GREEN,"night, hour"
806137,1374,2025-12-25 09:19:56,552.83,0.0004763147358056267,GREEN,"log_amt, amt_z, log_hrs_since_prev"
815893,767,2025-12-29 13:28:09,510.01,0.0004760641725834781,GREEN,"log_amt, amt_z"
810639,1371,2025-12-27 08:38:00,521.3,0.00047591930236142165,GREEN,"log_amt, amt_z, hour"
801404,1162,2025-12-23 06:45:00,403.41,0.00047279355759490037,GREEN,"log_amt, amt_z, hour"
806106,1985,2025-12-25 09:09:03,72.46,0.000472660050923707,GREEN,"n_prev_24h, log_hrs_since_prev, hour"
814171,1330,2025-12-28 15:54:22,71.91,0.0004698796632282723,GREEN,"n_prev_24h, log_hrs_since_prev, amt_z"
820873,1171,2025-12-31 16:09:45,734.82,0.000468174170178312,GREEN,"log_amt, amt_z, log_hrs_since_prev"
805723,2800,2025-12-25 03:13:57,72.55,0.0004658968005284135,GREEN,"night, hour"
805710,522,2025-12-25 02:24:41,58.88,0.0004640032267253295,GREEN,"night, hour, amt_z"
815255,1397,2025-12-29 09:29:49,283.46,0.0004637831931851225,GREEN,"log_amt, amt_z, log_hrs_since_prev"
807952,3430,2025-12-26 02:31:25,35.3,0.00046227223824063155,GREEN,"night, hour, amt_z"
820144,1388,2025-12-31 12:21:00,683.99,0.00046193100079235545,GREEN,"log_amt, amt_z, log_hrs_since_prev"
812488,1402,2025-12-27 23:46:38,158.87,0.00046184672606363946,GREEN,"night, log_amt, amt_z"
820597,1911,2025-12-31 14:35:32,30.92,0.00046144318671294607,GREEN,foreign
803247,2530,2025-12-23 19:17:03,37.51,0.0004599810039650456,GREEN,foreign
819275,892,2025-12-31 05:50:23,66.78,0.0004550922686566726,GREEN,"night, hour, amt_z"
803239,1584,2025-12-23 19:08:16,34.21,0.0004501037109207561,GREEN,foreign
807215,664,2025-12-25 15:14:20,25.55,0.00044821038386176534,GREEN,foreign
813728,2793,2025-12-28 13:24:21,913.03,0.00044753250926190147,GREEN,"log_amt, amt_z"
808188,891,2025-12-26 07:22:31,35.14,0.00044670365608692606,GREEN,"n_prev_24h, log_hrs_since_prev, hour"
813415,2444,2025-12-28 11:44:57,20.37,0.00044601228976559544,GREEN,"foreign, hour"
802345,177,2025-12-23 13:09:51,632.84,0.0004446394757456121,GREEN,"log_amt, log_hrs_since_prev, amt_z"
802493,2269,2025-12-23 13:49:02,683.49,0.00044450638816749907,GREEN,"log_amt, amt_z"
814861,173,2025-12-29 05:11:48,86.58,0.0004435982484701448,GREEN,"night, hour, log_amt"
805888,2019,2025-12-25 07:05:36,495.78,0.00044277852939081006,GREEN,"log_amt, amt_z, hour"
807169,3423,2025-12-25 14:57:30,20.96,0.00044141001537391724,GREEN,foreign
810587,2652,2025-12-27 08:15:19,437.53,0.000440075213782263,GREEN,"log_amt, amt_z, hour"
805464,1766,2025-12-24 19:17:57,648.89,0.00043966885052813793,GREEN,"log_amt, amt_z, log_hrs_since_prev"
810226,1724,2025-12-27 01:20:33,32.02,0.00043829518996017596,GREEN,"night, hour, amt_z"
810348,242,2025-12-27 05:40:49,37.91,0.00043686814868045383,GREEN,"night, hour, log_hrs_since_prev"
812552,383,2025-12-28 03:03:03,56.04,0.00043499244636446024,GREEN,"night, hour, amt_z"
812618,1418,2025-12-28 04:55:58,32.77,0.0004349841247318398,GREEN,"night, hour, log_hrs_since_prev"
813045,401,2025-12-28 09:48:08,17.74,0.00043429501740667757,GREEN,"foreign, hour"
815123,2035,2025-12-29 08:33:40,424.96,0.0004342846979961522,GREEN,"log_amt, amt_z, hour"
807095,2019,2025-12-25 14:33:04,63.31,0.00043404205992042186,GREEN,"n_prev_24h, log_hrs_since_prev, amt_z"
799470,167,2025-12-22 09:29:20,20.59,0.00043381328313236593,GREEN,"foreign, hour"
812539,2107,2025-12-28 02:22:49,43.53,0.0004336752876067338,GREEN,"night, hour"
811590,2191,2025-12-27 14:09:33,25.27,0.0004334185542396367,GREEN,foreign
804451,1371,2025-12-24 12:39:13,88.93,0.00043257041093217383,GREEN,"n_prev_24h, log_hrs_since_prev, log_amt"
810959,1488,2025-12-27 10:52:37,517.2,0.00043219064419433096,GREEN,"log_amt, amt_z, hour"
804858,2059,2025-12-24 14:40:04,26.23,0.00042983418732945493,GREEN,foreign
803347,2278,2025-12-23 21:12:03,660.77,0.0004290886246950256,GREEN,"log_amt, amt_z, log_hrs_since_prev"
814714,3227,2025-12-28 22:44:59,109.83,0.00042898277075202064,GREEN,"night, amt_z, log_amt"
816202,2331,2025-12-29 15:10:23,18.17,0.0004287384927103242,GREEN,foreign
801225,2712,2025-12-23 00:08:58,29.92,0.0004279427250236143,GREEN,"night, hour, log_hrs_since_prev"
812543,428,2025-12-28 02:30:17,46.24,0.0004274842382157122,GREEN,"night, hour"
810183,2318,2025-12-26 22:51:53,111.79,0.0004272945684322714,GREEN,"night, log_amt, log_hrs_since_prev"
801227,1572,2025-12-23 00:19:53,26.53,0.0004271916249070037,GREEN,"night, hour, amt_z"
812206,218,2025-12-27 18:04:13,567.09,0.0004259686903255735,GREEN,"log_amt, amt_z, log_hrs_since_prev"
810307,1522,2025-12-27 05:03:20,54.54,0.00042434316906548236,GREEN,"night, hour"
803746,1319,2025-12-24 08:21:50,435.43,0.0004234487998521171,GREEN,"log_amt, amt_z, hour"
807245,409,2025-12-25 15:28:03,31.52,0.0004232592435045797,GREEN,foreign
819183,2488,2025-12-31 03:14:24,45.22,0.0004226891623230189,GREEN,"night, hour, amt_z"
800663,3379,2025-12-22 16:10:25,713.03,0.0004222853887514219,GREEN,"log_amt, amt_z"
807896,3137,2025-12-25 22:51:25,161.9,0.00042193815507176723,GREEN,"night, log_amt, amt_z"
821372,2482,2025-12-31 21:19:00,26.16,0.00042110856981001835,GREEN,foreign
821251,794,2025-12-31 19:12:52,27.75,0.0004207553754533318,GREEN,foreign
803504,2467,2025-12-24 04:27:11,60.31,0.0004192842865799802,GREEN,"night, hour"
810275,1672,2025-12-27 04:12:44,55.39,0.00041803153632417574,GREEN,"night, hour"
807929,3392,2025-12-26 00:36:10,51.34,0.0004177450574453933,GREEN,"night, hour"
807944,2670,2025-12-26 01:35:34,48.31,0.0004167806342866429,GREEN,"night, hour, log_hrs_since_prev"
808030,2346,2025-12-26 05:02:54,46.07,0.0004151973164486425,GREEN,"night, hour"
818006,2205,2025-12-30 12:59:19,14.85,0.0004149886116925811,GREEN,"foreign, hour"
819854,1036,2025-12-31 10:43:19,18.2,0.0004139198555670763,GREEN,"foreign, hour"
804083,2056,2025-12-24 10:40:48,560.54,0.00041381469268946707,GREEN,"log_amt, amt_z, hour"
817502,2149,2025-12-30 10:19:09,14.51,0.0004133428768302316,GREEN,"foreign, hour"
808264,1585,2025-12-26 08:07:36,537.52,0.00041308518038525436,GREEN,"log_amt, amt_z, hour"
812466,618,2025-12-27 22:25:23,145.59,0.00041286875168617776,GREEN,"night, log_amt, amt_z"
802934,200,2025-12-23 16:24:31,32.52,0.00041093336101891245,GREEN,foreign
801162,2041,2025-12-22 22:24:14,149.67,0.0004099652776473384,GREEN,"night, log_amt, amt_z"
810257,1698,2025-12-27 03:12:19,52.66,0.0004092384996451593,GREEN,"night, hour"
799483,1834,2025-12-22 09:31:49,391.0,0.00040815528004072346,GREEN,"log_amt, amt_z, log_hrs_since_prev"
819150,1872,2025-12-31 00:27:23,59.65,0.00040762416301070285,GREEN,"night, hour"
814717,3329,2025-12-28 22:53:01,119.15,0.000407340267156481,GREEN,"night, amt_z, log_amt"
812489,1059,2025-12-27 23:47:07,5.42,0.0004056363883813782,GREEN,"foreign, night"
816546,2671,2025-12-29 17:18:14,20.48,0.0004054915495067075,GREEN,foreign
808072,3367,2025-12-26 05:53:39,44.95,0.0004045285423561844,GREEN,"night, hour"
811435,360,2025-12-27 13:27:15,643.13,0.0004039941521308537,GREEN,"log_amt, amt_z"
805628,1501,2025-12-24 22:10:36,147.31,0.0004013836138401973,GREEN,"night, log_amt, log_hrs_since_prev"
820167,2761,2025-12-31 12:27:13,331.07,0.0004004623988989219,GREEN,"log_amt, amt_z, log_hrs_since_prev"
801241,3291,2025-12-23 01:34:11,34.64,0.00039987654280163466,GREEN,"night, hour, log_hrs_since_prev"
803474,1839,2025-12-24 03:09:03,44.69,0.00039855269095824346,GREEN,"night, hour"
806074,469,2025-12-25 08:54:10,11.52,0.00039849579470133443,GREEN,"foreign, hour"
803445,2214,2025-12-24 00:46:17,20.65,0.00039836829219893125,GREEN,"night, hour, log_hrs_since_prev"
812786,2214,2025-12-28 07:32:21,235.83,0.0003958700098909069,GREEN,"log_amt, amt_z, hour"
807832,1259,2025-12-25 20:49:21,968.93,0.00039410930649919686,GREEN,"log_amt, amt_z"
811569,1861,2025-12-27 14:04:53,90.7,0.00039403821006589766,GREEN,"n_prev_24h, log_hrs_since_prev, log_amt"
818894,1371,2025-12-30 18:27:36,77.7,0.0003933563453304638,GREEN,"n_prev_24h, log_hrs_since_prev, log_amt"
810980,336,2025-12-27 11:01:15,14.24,0.0003928170745118992,GREEN,"foreign, hour"
816260,3346,2025-12-29 15:25:58,497.08,0.000390414104470443,GREEN,"log_amt, amt_z, log_hrs_since_prev"
801677,223,2025-12-23 09:20:56,535.04,0.0003899675261458306,GREEN,"log_amt, amt_z, hour"
819937,413,2025-12-31 11:15:54,532.94,0.0003899027099352705,GREEN,"log_amt, amt_z, log_hrs_since_prev"
805901,1988,2025-12-25 07:14:14,32.1,0.0003894368475027356,GREEN,"n_prev_24h, log_hrs_since_prev, hour"
813678,428,2025-12-28 13:05:58,50.64,0.0003893310622512729,GREEN,"n_prev_24h, log_hrs_since_prev, amt_z"
815677,2384,2025-12-29 12:10:26,21.51,0.0003881518616569358,GREEN,"foreign, hour"
812480,566,2025-12-27 23:14:25,111.88,0.00038675044565063233,GREEN,"night, amt_z, log_amt"
810159,1785,2025-12-26 21:54:04,80.25,0.00038603635728533817,GREEN,"n_prev_24h, log_hrs_since_prev, amt_z"
805622,2656,2025-12-24 21:52:10,17.46,0.0003852006586760664,GREEN,"foreign, log_hrs_since_prev"
799468,3011,2025-12-22 09:27:24,355.17,0.00038503164636087333,GREEN,"log_amt, amt_z, hour"
798989,277,2025-12-22 01:40:52,32.28,0.00038274750636253476,GREEN,"night, hour"
812124,1502,2025-12-27 17:25:51,18.78,0.0003814837151968086,GREEN,foreign
816872,776,2025-12-29 22:28:29,155.28,0.000381114784864652,GREEN,"night, log_amt, amt_z"
805794,310,2025-12-25 05:25:13,49.51,0.0003806347136020048,GREEN,"night, hour, amt_z"
814786,2919,2025-12-29 02:41:01,38.47,0.00038047029551111996,GREEN,"night, hour"
805921,1044,2025-12-25 07:33:17,227.9,0.0003788633518334651,GREEN,"log_amt, amt_z, hour"
805623,1354,2025-12-24 21:56:18,76.4,0.00037779437980722883,GREEN,"n_prev_24h, log_hrs_since_prev"
807931,2930,2025-12-26 00:40:49,37.56,0.00037759258061500497,GREEN,"night, hour"
807897,1305,2025-12-25 22:52:18,95.87,0.00037752210682553104,GREEN,"night, log_amt, amt_z"
813530,672,2025-12-28 12:19:50,544.26,0.00037749496669238345,GREEN,"log_amt, log_hrs_since_prev, amt_z"
812591,2516,2025-12-28 04:25:26,27.86,0.0003742364811375356,GREEN,"night, hour, amt_z"
805870,2634,2025-12-25 06:50:51,298.92,0.00037411364624124945,GREEN,"log_amt, amt_z, hour"
819121,257,2025-12-30 23:59:24,153.0,0.0003738749678182357,GREEN,"night, log_amt, amt_z"
816648,3109,2025-12-29 18:09:18,652.46,0.0003724398279405159,GREEN,"log_amt, amt_z"
810189,346,2025-12-26 23:19:41,111.68,0.0003721147034795177,GREEN,"night, log_amt, amt_z"
812020,365,2025-12-27 16:45:09,29.85,0.0003691029022667284,GREEN,foreign
815829,775,2025-12-29 13:02:25,13.8,0.0003681042717656415,GREEN,foreign
805413,2113,2025-12-24 18:41:54,17.18,0.0003666318497050283,GREEN,"foreign, log_hrs_since_prev"
815293,524,2025-12-29 09:43:07,177.53,0.00036662585843766663,GREEN,"amt_z, log_amt, hour"
799490,1071,2025-12-22 09:33:08,274.74,0.0003658083982230443,GREEN,"log_amt, amt_z, hour"
803792,2132,2025-12-24 08:37:07,451.09,0.00036573201317894444,GREEN,"log_amt, amt_z, hour"
808507,973,2025-12-26 09:48:14,365.21,0.00036506813478041266,GREEN,"log_amt, log_hrs_since_prev, amt_z"
808422,1038,2025-12-26 09:15:00,12.61,0.0003649155770077963,GREEN,"foreign, hour"
818406,491,2025-12-30 15:07:51,13.41,0.00036465202563466185,GREEN,foreign
804964,915,2025-12-24 15:18:43,69.59,0.00036435544438449835,GREEN,"n_prev_24h, log_hrs_since_prev"
815919,1985,2025-12-29 13:35:52,399.23,0.0003629469697543733,GREEN,"log_amt, amt_z, log_hrs_since_prev"
817248,101,2025-12-30 08:26:38,425.7,0.000361276764628945,GREEN,"log_amt, amt_z, hour"
814775,119,2025-12-29 01:21:52,28.21,0.0003609288847998264,GREEN,"night, hour, log_hrs_since_prev"
804000,1570,2025-12-24 10:09:59,14.38,0.0003606073086174894,GREEN,"foreign, hour"
814710,1211,2025-12-28 22:34:54,75.52,0.0003590944143612475,GREEN,"night, log_hrs_since_prev, amt_z"
803539,1358,2025-12-24 05:22:00,33.0,0.0003568337931268687,GREEN,"night, hour"
801844,1678,2025-12-23 10:25:18,302.55,0.00035678155838540527,GREEN,"log_amt, amt_z, log_hrs_since_prev"
814616,3456,2025-12-28 19:51:10,58.55,0.000355617108725789,GREEN,"n_prev_24h, log_hrs_since_prev"
814148,2690,2025-12-28 15:46:00,396.36,0.0003550317111417449,GREEN,"log_amt, amt_z, log_hrs_since_prev"
815771,3457,2025-12-29 12:41:57,396.86,0.00035493270772015697,GREEN,"log_amt, amt_z, hour"
819144,344,2025-12-31 00:12:37,28.75,0.00035407105125485807,GREEN,"night, hour, log_hrs_since_prev"
812603,1058,2025-12-28 04:39:19,41.18,0.00035385786247332405,GREEN,"night, hour"
805287,3312,2025-12-24 17:29:18,15.23,0.00035385116982351107,GREEN,foreign
812864,2507,2025-12-28 08:18:27,252.26,0.0003527073602633479,GREEN,"log_amt, amt_z, hour"
814695,264,2025-12-28 22:02:30,99.53,0.0003526365169383168,GREEN,"night, log_amt, amt_z"
799050,86,2025-12-22 04:35:01,37.6,0.00035233964312137437,GREEN,"night, hour"
807902,3201,2025-12-25 23:11:38,114.41,0.0003513518886313858,GREEN,"night, log_amt, amt_z"
815002,2598,2025-12-29 07:24:57,336.67,0.0003512274854880518,GREEN,"log_amt, hour, amt_z"
803212,1773,2025-12-23 18:40:51,71.09,0.0003510662852591137,GREEN,"n_prev_24h, log_hrs_since_prev"
801277,1044,2025-12-23 03:48:06,38.22,0.00035095956077425356,GREEN,"night, hour"
801490,3337,2025-12-23 07:40:13,349.59,0.000350950321111373,GREEN,"log_amt, amt_z, hour"
815691,1982,2025-12-29 12:14:52,316.92,0.00035063005989881426,GREEN,"log_amt, amt_z, log_hrs_since_prev"
807446,2341,2025-12-25 16:42:45,10.74,0.00034965995513873725,GREEN,foreign
814946,2694,2025-12-29 06:36:00,316.73,0.000349179701980916,GREEN,"log_amt, amt_z, hour"
816880,1700,2025-12-29 22:50:28,79.51,0.0003490921314246478,GREEN,"night, amt_z, log_hrs_since_prev"
799258,933,2025-12-22 07:38:46,36.21,0.00034889858004462354,GREEN,"n_prev_24h, log_hrs_since_prev, hour"
805498,3348,2025-12-24 19:37:25,77.51,0.00034830296666943497,GREEN,"n_prev_24h, log_hrs_since_prev, log_amt"
807937,3300,2025-12-26 01:06:51,24.03,0.00034816070100743475,GREEN,"night, hour, log_hrs_since_prev"
801533,598,2025-12-23 08:08:49,458.7,0.00034794635204189164,GREEN,"log_amt, hour, amt_z"
803405,1255,2025-12-23 23:28:52,98.95,0.000347179206607022,GREEN,"night, log_amt, amt_z"
816969,2981,2025-12-30 04:13:40,32.25,0.0003460930096596699,GREEN,"night, hour"
799945,1007,2025-12-22 12:14:52,13.18,0.00034603378740999505,GREEN,"foreign, hour"
820353,190,2025-12-31 13:22:06,347.35,0.0003458684078774404,GREEN,"log_amt, amt_z, log_hrs_since_prev"
814831,904,2025-12-29 04:35:44,31.06,0.00034509793419285257,GREEN,"night, hour, log_hrs_since_prev"
819744,585,2025-12-31 10:03:43,380.85,0.0003442248782398663,GREEN,"log_amt, amt_z, hour"
807320,3007,2025-12-25 15:56:13,475.64,0.00034374004492267635,GREEN,"log_amt, amt_z"
810602,2212,2025-12-27 08:22:59,9.29,0.0003429856871663279,GREEN,"foreign, hour"
805657,1185,2025-12-24 23:18:56,81.59,0.0003418773480626303,GREEN,"night, log_hrs_since_prev, log_amt"
813637,3045,2025-12-28 12:54:07,61.16,0.000341297803009585,GREEN,"n_prev_24h, log_hrs_since_prev, hour"
814440,225,2025-12-28 17:38:47,48.95,0.00034046424445222627,GREEN,"n_prev_24h, log_hrs_since_prev"
801186,697,2025-12-22 23:13:11,71.51,0.00034008647090107407,GREEN,"night, log_hrs_since_prev, amt_z"
812616,213,2025-12-28 04:53:56,44.55,0.0003396113907877769,GREEN,"night, hour"
810244,288,2025-12-27 02:40:58,30.06,0.0003383513814851543,GREEN,"night, hour"
810381,1411,2025-12-27 06:03:13,32.11,0.00033762129792853094,GREEN,"n_prev_24h, log_hrs_since_prev, hour"
801168,2552,2025-12-22 22:29:57,92.06,0.00033662631926404735,GREEN,"night, log_amt, amt_z"
808879,369,2025-12-26 11:56:12,47.31,0.00033654505846776334,GREEN,"n_prev_24h, log_hrs_since_prev, hour"
807939,2180,2025-12-26 01:17:17,38.29,0.0003363896727509727,GREEN,"night, hour"
814729,2841,2025-12-28 23:20:19,77.4,0.00033469198201701135,GREEN,"night, amt_z, log_amt"
800901,300,2025-12-22 18:02:09,376.0,0.000333424425798445,GREEN,"log_amt, amt_z, log_hrs_since_prev"
819167,2587,2025-12-31 02:01:03,41.32,0.00033245713705791475,GREEN,"night, hour"
814720,540,2025-12-28 22:57:29,92.04,0.000332210981365631,GREEN,"night, log_amt, log_hrs_since_prev"
820211,2784,2025-12-31 12:41:02,301.01,0.0003318981534591321,GREEN,"log_amt, amt_z, hour"
809390,2844,2025-12-26 14:25:26,13.83,0.00033183623339562803,GREEN,foreign
810187,2155,2025-12-26 23:02:29,89.67,0.00033162186017712656,GREEN,"night, log_hrs_since_prev, log_amt"
813515,2036,2025-12-28 12:15:50,45.83,0.00033060620800656125,GREEN,"n_prev_24h, log_hrs_since_prev, hour"
816861,1713,2025-12-29 21:53:57,594.44,0.0003304278535854064,GREEN,"log_amt, amt_z"
807422,2832,2025-12-25 16:36:17,291.05,0.0003293363453134837,GREEN,"amt_z, log_amt"
810461,1725,2025-12-27 07:06:09,262.06,0.0003288301431993354,GREEN,"log_amt, amt_z, hour"
812427,346,2025-12-27 21:12:32,78.94,0.0003283564436175765,GREEN,"n_prev_24h, log_hrs_since_prev, log_amt"
802608,36,2025-12-23 14:31:04,42.98,0.00032755172270309993,GREEN,"n_prev_24h, log_hrs_since_prev"
801480,129,2025-12-23 07:34:13,226.99,0.00032716797886848,GREEN,"log_amt, amt_z, hour"
803837,1470,2025-12-24 08:56:48,278.55,0.00032675621255622483,GREEN,"log_amt, amt_z, hour"
805652,63,2025-12-24 23:07:46,79.34,0.00032673968079429555,GREEN,"night, log_hrs_since_prev, log_amt"
810357,662,2025-12-27 05:45:30,41.42,0.0003245722845003615,GREEN,"night, hour"
810434,2729,2025-12-27 06:40:03,31.11,0.0003245608702906828,GREEN,"n_prev_24h, log_hrs_since_prev, hour"
806364,1950,2025-12-25 10:43:15,43.61,0.00032422437938754803,GREEN,"n_prev_24h, log_hrs_since_prev, hour"
812584,1802,2025-12-28 04:15:24,51.04,0.0003230791954445926,GREEN,"night, hour"
812884,2761,2025-12-28 08:28:26,170.2,0.00032283723517197166,GREEN,"log_amt, amt_z, log_hrs_since_prev"
820081,3226,2025-12-31 12:03:38,244.95,0.0003225746745876176,GREEN,"log_amt, amt_z, log_hrs_since_prev"
809503,2779,2025-12-26 15:01:34,14.11,0.00032238468567841313,GREEN,foreign
799008,2351,2025-12-22 03:25:02,39.65,0.0003203005182237148,GREEN,"night, hour"
799209,719,2025-12-22 07:12:39,256.57,0.0003190997691815682,GREEN,"log_amt, hour, amt_z"
810225,3151,2025-12-27 01:18:11,23.25,0.00031850123326878575,GREEN,"night, hour"
801914,1335,2025-12-23 10:46:42,208.79,0.00031639095065758087,GREEN,"log_amt, amt_z, hour"
812398,2741,2025-12-27 20:31:39,79.74,0.00031638569401090726,GREEN,"n_prev_24h, log_hrs_since_prev, log_amt"
817789,1700,2025-12-30 11:53:44,35.8,0.0003163825725654816,GREEN,"n_prev_24h, log_hrs_since_prev, hour"
799896,2152,2025-12-22 12:00:15,326.14,0.00031627940339550936,GREEN,"log_amt, amt_z, log_hrs_since_prev"
801352,1160,2025-12-23 05:55:54,32.93,0.00031612124194716103,GREEN,"night, hour"
810765,1388,2025-12-27 09:39:47,367.49,0.000315769022866284,GREEN,"log_amt, amt_z, hour"
804562,620,2025-12-24 13:10:55,409.68,0.00031527592256808053,GREEN,"log_amt, amt_z"
799228,954,2025-12-22 07:25:14,203.73,0.00031459521727867924,GREEN,"log_amt, amt_z, hour"
818637,815,2025-12-30 16:25:08,580.68,0.0003140078535228067,GREEN,"log_amt, amt_z"
813691,273,2025-12-28 13:11:55,341.7,0.0003134074453712666,GREEN,"log_amt, amt_z"
806146,2553,2025-12-25 09:22:12,340.4,0.00031170264368995726,GREEN,"log_amt, amt_z, hour"
819117,2414,2025-12-30 23:57:23,69.37,0.00031159476552374097,GREEN,"night, amt_z"
808185,549,2025-12-26 07:20:58,7.04,0.00031071332977396053,GREEN,"foreign, hour"
817511,3270,2025-12-30 10:22:34,307.35,0.00031025222353061514,GREEN,"log_amt, log_hrs_since_prev, hour"
813192,2621,2025-12-28 10:39:13,268.09,0.00030951718005385603,GREEN,"log_amt, log_hrs_since_prev, amt_z"
807069,909,2025-12-25 14:23:35,318.19,0.0003093629293947543,GREEN,"log_amt, amt_z"
817225,821,2025-12-30 08:10:42,273.36,0.00030829919316379805,GREEN,"log_amt, amt_z, hour"
803332,2973,2025-12-23 20:53:41,39.96,0.00030782167303976927,GREEN,"n_prev_24h, log_hrs_since_prev"
810356,896,2025-12-27 05:44:56,36.0,0.00030752233519870924,GREEN,"night, hour"
801238,214,2025-12-23 01:24:31,26.69,0.00030594736288221727,GREEN,"night, hour"
819158,1530,2025-12-31 01:12:41,18.5,0.0003050051863424656,GREEN,"night, hour"
801266,16,2025-12-23 03:06:38,17.45,0.0003048309449889643,GREEN,"night, hour, log_hrs_since_prev"
816624,1305,2025-12-29 17:59:43,35.36,0.000303985163652298,GREEN,"n_prev_24h, log_hrs_since_prev"
802230,1162,2025-12-23 12:30:58,32.33,0.00030238762933661786,GREEN,"n_prev_24h, log_hrs_since_prev, hour"
806726,234,2025-12-25 12:39:14,41.05,0.0003020878380224359,GREEN,"n_prev_24h, log_hrs_since_prev, hour"
814157,259,2025-12-28 15:49:18,350.29,0.0003013215538321749,GREEN,"log_amt, amt_z"
802462,2690,2025-12-23 13:41:39,298.39,0.00030067795148280445,GREEN,"log_amt, amt_z, log_hrs_since_prev"
799015,2015,2025-12-22 03:37:20,27.42,0.00030062787141193093,GREEN,"night, hour"
805986,2436,2025-12-25 08:08:53,208.3,0.0002987642673056233,GREEN,"log_amt, amt_z, hour"
820916,1060,2025-12-31 16:26:58,478.01,0.0002985669921032246,GREEN,"log_amt, amt_z"
801592,2896,2025-12-23 08:38:55,261.66,0.00029842143946554067,GREEN,"log_amt, log_hrs_since_prev, hour"
801242,1490,2025-12-23 01:36:06,20.82,0.0002979728923820804,GREEN,"night, hour"
817221,2644,2025-12-30 08:08:28,213.84,0.00029783089816420573,GREEN,"log_amt, amt_z, hour"
807966,108,2025-12-26 03:20:52,25.51,0.00029731771932505467,GREEN,"night, hour, log_hrs_since_prev"
804037,404,2025-12-24 10:23:23,280.73,0.0002969240276737217,GREEN,"log_amt, amt_z, hour"
811191,2442,2025-12-27 12:05:55,284.05,0.0002968222459739176,GREEN,"log_amt, amt_z, hour"
818381,1371,2025-12-30 15:01:02,357.19,0.0002963888609748807,GREEN,"log_amt, amt_z, log_hrs_since_prev"
803451,2795,2025-12-24 01:31:05,25.72,0.00029511107337096775,GREEN,"night, hour"
814810,2564,2025-12-29 03:53:12,25.47,0.00029500424209635747,GREEN,"night, hour"
805977,2526,2025-12-25 08:03:28,327.09,0.0002948392223038316,GREEN,"log_amt, hour, amt_z"
804846,55,2025-12-24 14:37:54,383.63,0.0002946284035426882,GREEN,"log_amt, amt_z"
820546,3201,2025-12-31 14:21:00,313.09,0.00029457952522395986,GREEN,"log_amt, amt_z, log_hrs_since_prev"
807945,2424,2025-12-26 01:50:21,27.73,0.00029339329015914343,GREEN,"night, hour"
815949,1639,2025-12-29 13:45:05,31.05,0.00029290888273931067,GREEN,"n_prev_24h, log_hrs_since_prev"
812315,189,2025-12-27 19:25:37,595.05,0.00029190346094558274,GREEN,"log_amt, amt_z"
804818,2067,2025-12-24 14:26:46,54.56,0.0002917757390058727,GREEN,"n_prev_24h, log_hrs_since_prev"
813912,630,2025-12-28 14:20:49,263.81,0.0002916919615287264,GREEN,"log_amt, amt_z, log_hrs_since_prev"
803645,1114,2025-12-24 07:16:49,300.83,0.00029137742044494546,GREEN,"log_amt, hour, log_hrs_since_prev"
813745,3296,2025-12-28 13:29:42,317.18,0.00029105533315445674,GREEN,"log_amt, amt_z"
804822,2148,2025-12-24 14:27:44,43.79,0.00028999031445559097,GREEN,"n_prev_24h, log_hrs_since_prev"
808741,1947,2025-12-26 11:13:43,296.65,0.00028983350790291377,GREEN,"log_amt, log_hrs_since_prev, amt_z"
810172,1185,2025-12-26 22:25:24,56.15,0.00028823467920081826,GREEN,"night, log_hrs_since_prev"
810253,634,2025-12-27 02:58:02,18.78,0.000287774122060702,GREEN,"night, hour, log_hrs_since_prev"
812364,934,2025-12-27 20:01:10,14.22,0.00028752033234802804,GREEN,"foreign, log_hrs_since_prev"
814885,941,2025-12-29 05:42:53,35.17,0.00028641593177394325,GREEN,"night, hour"
819680,445,2025-12-31 09:37:04,274.55,0.0002862291485832442,GREEN,"log_amt, amt_z, hour"
814492,3001,2025-12-28 18:13:21,13.1,0.0002852060873981604,GREEN,foreign
801164,2495,2025-12-22 22:24:52,73.26,0.0002835070045934336,GREEN,"night, amt_z"
811360,2690,2025-12-27 13:01:44,278.38,0.00028220331539850773,GREEN,"log_amt, amt_z, log_hrs_since_prev"
812339,2710,2025-12-27 19:46:45,447.32,0.0002818359394669163,GREEN,"log_amt, amt_z, log_hrs_since_prev"
804999,3348,2025-12-24 15:30:25,447.45,0.00028071288633948755,GREEN,"log_amt, amt_z"
820379,2761,2025-12-31 13:29:08,24.04,0.00028039085932270386,GREEN,"n_prev_24h, log_hrs_since_prev"
817527,784,2025-12-30 10:27:21,41.88,0.0002802728062491184,GREEN,"n_prev_24h, log_hrs_since_prev, hour"
818037,3377,2025-12-30 13:08:33,296.6,0.00028020912576106444,GREEN,"log_amt, log_hrs_since_prev, amt_z"
803946,998,2025-12-24 09:43:47,295.5,0.0002801772867131277,GREEN,"log_amt, hour, amt_z"
812245,1838,2025-12-27 18:30:50,385.42,0.0002801747829494476,GREEN,"log_amt, amt_z"
806260,78,2025-12-25 10:09:18,237.33,0.00027820913204596316,GREEN,"log_amt, amt_z, hour"
819308,1875,2025-12-31 06:16:50,215.99,0.00027677024333445005,GREEN,"log_amt, hour, log_hrs_since_prev"
815537,2261,2025-12-29 11:19:06,221.0,0.0002765976504384954,GREEN,"log_amt, log_hrs_since_prev, amt_z"
810002,1134,2025-12-26 19:07:18,402.4,0.00027581357729315775,GREEN,"log_amt, amt_z"
800375,1942,2025-12-22 14:39:19,7.57,0.0002755469450399898,GREEN,"foreign, log_hrs_since_prev"
811257,1263,2025-12-27 12:26:09,246.37,0.000275513828894783,GREEN,"log_amt, amt_z, log_hrs_since_prev"
819837,1175,2025-12-31 10:37:20,272.36,0.0002753126907548699,GREEN,"log_amt, amt_z, hour"
821115,409,2025-12-31 17:53:06,378.71,0.0002752209745968843,GREEN,"log_amt, amt_z, log_hrs_since_prev"
803376,2899,2025-12-23 22:08:17,75.32,0.00027521298784784106,GREEN,"night, amt_z"
801442,661,2025-12-23 07:09:46,178.07,0.000275046121603508,GREEN,"log_amt, amt_z, hour"
808931,3464,2025-12-26 12:08:33,249.44,0.0002747851335303701,GREEN,"log_amt, amt_z, log_hrs_since_prev"
820648,2259,2025-12-31 14:50:58,256.3,0.00027442096711371175,GREEN,"log_amt, amt_z"
803166,920,2025-12-23 18:09:21,400.51,0.00027315645018869496,GREEN,"log_amt, amt_z"
820924,915,2025-12-31 16:29:16,406.94,0.0002726114131802422,GREEN,"log_amt, amt_z"
799767,605,2025-12-22 11:14:24,161.0,0.00027234682192770073,GREEN,"log_amt, amt_z, log_hrs_since_prev"
799195,2251,2025-12-22 07:05:30,194.12,0.0002720217737860551,GREEN,"log_amt, hour, amt_z"
809433,838,2025-12-26 14:39:07,21.41,0.000270460900324043,GREEN,"n_prev_24h, log_hrs_since_prev"
812257,1943,2025-12-27 18:39:31,269.87,0.00026934696210445107,GREEN,"log_amt, amt_z"
814431,2645,2025-12-28 17:35:37,287.4,0.00026929728332397273,GREEN,"log_amt, amt_z, log_hrs_since_prev"
808115,2703,2025-12-26 06:25:42,145.2,0.00026909608409315835,GREEN,"log_amt, hour, log_hrs_since_prev"
801189,1523,2025-12-22 23:27:42,64.94,0.00026898544615908473,GREEN,"night, amt_z"
814325,950,2025-12-28 16:48:35,35.21,0.0002687398246147058,GREEN,"n_prev_24h, log_hrs_since_prev"
818565,2039,2025-12-30 15:57:55,33.56,0.0002679513669909078,GREEN,"n_prev_24h, log_hrs_since_prev"
815807,703,2025-12-29 12:56:46,219.51,0.00026790660915423144,GREEN,"log_amt, amt_z, log_hrs_since_prev"
816894,551,2025-12-29 23:49:21,70.22,0.0002677789301940987,GREEN,"night, amt_z"
812443,3268,2025-12-27 21:42:19,435.34,0.00026734154537260546,GREEN,"log_amt, amt_z, log_hrs_since_prev"
800683,1143,2025-12-22 16:17:04,40.43,0.0002668240051806452,GREEN,"n_prev_24h, log_hrs_since_prev"
810171,325,2025-12-26 22:22:41,79.23,0.0002666895185208916,GREEN,"night, amt_z, log_amt"
819426,2115,2025-12-31 07:41:45,197.95,0.0002652658493689906,GREEN,"log_amt, hour, amt_z"
820229,2145,2025-12-31 12:46:20,192.97,0.00026489312260705877,GREEN,"log_amt, amt_z, log_hrs_since_prev"
820580,2676,2025-12-31 14:30:04,213.24,0.0002640704828196967,GREEN,"log_amt, amt_z, log_hrs_since_prev"
807927,138,2025-12-26 00:07:55,15.88,0.0002633280260637983,GREEN,"night, hour, log_hrs_since_prev"
799103,44,2025-12-22 05:51:13,24.45,0.00026267863543826003,GREEN,"night, hour"
814889,2657,2025-12-29 05:44:45,16.0,0.0002624629973644052,GREEN,"night, hour"
804207,276,2025-12-24 11:20:00,304.03,0.00026196505883127385,GREEN,"log_amt, amt_z, hour"
810198,180,2025-12-26 23:56:02,54.46,0.00026179146432117796,GREEN,"night, amt_z"
799558,1270,2025-12-22 09:58:26,28.14,0.00026055798353713115,GREEN,"n_prev_24h, log_hrs_since_prev, hour"
804777,716,2025-12-24 14:13:04,220.9,0.00026036815243500204,GREEN,"log_amt, amt_z, log_hrs_since_prev"
816877,1232,2025-12-29 22:44:36,63.48,0.00026036273776059007,GREEN,"night, amt_z"
813367,1330,2025-12-28 11:32:02,177.61,0.00026008944214638366,GREEN,"log_amt, amt_z, log_hrs_since_prev"
815162,1743,2025-12-29 08:57:09,152.18,0.00025966194308523556,GREEN,"log_amt, amt_z, hour"
820283,885,2025-12-31 13:02:22,211.51,0.00025946213721108713,GREEN,"log_amt, amt_z"
808572,469,2025-12-26 10:14:05,118.09,0.00025838366375639105,GREEN,"amt_z, log_hrs_since_prev, log_amt"
813056,1134,2025-12-28 09:51:57,158.38,0.00025804448764857535,GREEN,"log_amt, log_hrs_since_prev, hour"
816381,2560,2025-12-29 16:09:54,265.9,0.0002580067272324936,GREEN,"log_amt, amt_z"
814541,92,2025-12-28 18:44:53,334.39,0.00025743691859264297,GREEN,"log_amt, amt_z"
814284,2710,2025-12-28 16:35:16,52.09,0.0002571255281915228,GREEN,"n_prev_24h, log_hrs_since_prev"
803450,3,2025-12-24 01:30:15,19.8,0.000257033327157937,GREEN,"night, hour"
820633,1602,2025-12-31 14:46:47,9.06,0.0002568776980794677,GREEN,foreign
821258,1267,2025-12-31 19:17:50,346.16,0.0002556860993903276,GREEN,"log_amt, amt_z, log_hrs_since_prev"
810271,2159,2025-12-27 04:08:50,23.63,0.00025513709023661853,GREEN,"night, hour"
816816,3330,2025-12-29 20:47:14,315.89,0.0002538825559857184,GREEN,"log_amt, amt_z, log_hrs_since_prev"
803136,3041,2025-12-23 17:55:23,269.42,0.00025219913906904896,GREEN,"log_amt, amt_z, log_hrs_since_prev"
817725,2720,2025-12-30 11:33:53,165.02,0.00025204069625975957,GREEN,"log_amt, amt_z, log_hrs_since_prev"
803611,2148,2025-12-24 06:48:32,228.47,0.00025182862209898637,GREEN,"log_amt, hour, amt_z"
803479,2306,2025-12-24 03:23:52,24.24,0.00025167077566404667,GREEN,"night, hour"
819374,623,2025-12-31 07:05:54,153.44,0.0002503886024478294,GREEN,"amt_z, log_amt, hour"
802113,1374,2025-12-23 11:53:23,239.7,0.0002502599398147259,GREEN,"log_amt, log_hrs_since_prev, amt_z"
819310,2310,2025-12-31 06:18:49,219.96,0.0002501208348479463,GREEN,"log_amt, hour, amt_z"
812378,167,2025-12-27 20:15:32,422.39,0.00025011403558785657,GREEN,"log_amt, amt_z, log_hrs_since_prev"
812268,3476,2025-12-27 18:46:31,39.05,0.000248161478008552,GREEN,"n_prev_24h, log_hrs_since_prev"
808950,131,2025-12-26 12:13:44,220.8,0.0002480678922386583,GREEN,"log_amt, amt_z, log_hrs_since_prev"
810823,492,2025-12-27 10:05:48,227.21,0.0002470259135900568,GREEN,"log_amt, amt_z, hour"
805835,2993,2025-12-25 06:15:06,142.47,0.00024667680189176223,GREEN,"log_amt, hour, amt_z"
804895,1416,2025-12-24 14:55:12,5.75,0.00024657632890825266,GREEN,"foreign, log_hrs_since_prev"
804076,245,2025-12-24 10:36:36,197.54,0.00024618965445944205,GREEN,"log_amt, amt_z, hour"
801958,352,2025-12-23 11:02:36,193.19,0.0002458882510819496,GREEN,"log_amt, amt_z, hour"
807778,1211,2025-12-25 20:04:21,247.09,0.00024486614128726487,GREEN,"log_amt, amt_z, log_hrs_since_prev"
819267,3372,2025-12-31 05:43:17,28.11,0.00024471824678047095,GREEN,"night, hour"
805644,479,2025-12-24 22:46:41,81.18,0.0002444741499956393,GREEN,"night, log_amt"
818702,2076,2025-12-30 16:48:47,266.35,0.00024410888326883528,GREEN,"log_amt, amt_z, log_hrs_since_prev"
807829,1928,2025-12-25 20:47:38,273.32,0.00024408672070188654,GREEN,"log_amt, amt_z"
800765,1977,2025-12-22 16:43:44,42.55,0.0002440774567298679,GREEN,"n_prev_24h, log_hrs_since_prev"
812994,607,2025-12-28 09:25:55,7.04,0.00024270854409308404,GREEN,"foreign, hour"
818047,2039,2025-12-30 13:12:24,232.82,0.00024250268577810562,GREEN,"log_amt, amt_z, log_hrs_since_prev"
818570,1430,2025-12-30 15:59:37,238.32,0.00024241091621722219,GREEN,"log_amt, amt_z"
804193,2760,2025-12-24 11:15:15,5.99,0.00024110750151167887,GREEN,"foreign, hour"
814649,3034,2025-12-28 20:34:31,291.16,0.0002409411670734742,GREEN,"log_amt, amt_z, log_hrs_since_prev"
809905,981,2025-12-26 17:59:58,197.86,0.00024084429522011676,GREEN,"log_amt, amt_z, log_hrs_since_prev"
804881,1470,2025-12-24 14:49:30,26.38,0.0002403182893472421,GREEN,"n_prev_24h, log_hrs_since_prev"
810180,799,2025-12-26 22:41:13,59.17,0.0002399681581020091,GREEN,night
805900,2938,2025-12-25 07:14:09,139.53,0.00023992563727636763,GREEN,"log_amt, amt_z, hour"
815827,1397,2025-12-29 13:01:07,16.37,0.00023972836623576947,GREEN,"n_prev_24h, log_hrs_since_prev"
803054,2626,2025-12-23 17:15:38,276.01,0.00023882382081957592,GREEN,"log_amt, amt_z, log_hrs_since_prev"
820233,3238,2025-12-31 12:46:51,168.04,0.0002385097357400494,GREEN,"log_amt, amt_z, log_hrs_since_prev"
803349,2438,2025-12-23 21:13:52,457.4,0.00023844233116223832,GREEN,"log_amt, amt_z"
818572,2152,2025-12-30 16:00:26,295.97,0.00023829131024960827,GREEN,"log_amt, amt_z"
802633,1603,2025-12-23 14:39:26,279.15,0.00023774279926752794,GREEN,"log_amt, amt_z"
810583,1875,2025-12-27 08:13:01,193.59,0.00023771859210561678,GREEN,"log_amt, hour, log_hrs_since_prev"
816779,784,2025-12-29 19:54:02,357.33,0.00023436907203877878,GREEN,"log_amt, amt_z, log_hrs_since_prev"
817901,1743,2025-12-30 12:31:38,135.08,0.00023430548617411033,GREEN,"log_amt, log_hrs_since_prev, amt_z"
805631,2703,2025-12-24 22:17:55,58.42,0.00023424568622516844,GREEN,night
801960,2579,2025-12-23 11:03:05,204.82,0.00023414897490971312,GREEN,"log_amt, log_hrs_since_prev, amt_z"
805332,1354,2025-12-24 17:52:50,225.72,0.0002340041448060128,GREEN,"log_amt, amt_z, log_hrs_since_prev"
804332,1985,2025-12-24 12:02:00,161.18,0.00023395457287124185,GREEN,"log_amt, amt_z, log_hrs_since_prev"
805654,2206,2025-12-24 23:11:30,61.76,0.00023299646843101486,GREEN,night
808093,891,2025-12-26 06:11:56,118.3,0.0002327635555892062,GREEN,"hour, log_amt, amt_z"
817757,381,2025-12-30 11:41:12,209.99,0.00023271762613335815,GREEN,"log_amt, amt_z, hour"
813953,3428,2025-12-28 14:35:46,184.96,0.00023223070442741453,GREEN,"log_amt, amt_z, log_hrs_since_prev"
808960,1746,2025-12-26 12:16:58,176.07,0.00023179886978678705,GREEN,"log_amt, amt_z, hour"
807850,3425,2025-12-25 21:14:29,209.5,0.0002317551323378585,GREEN,"amt_z, log_amt"
809819,2737,2025-12-26 17:09:12,198.46,0.00023131795331326086,GREEN,"log_amt, amt_z, log_hrs_since_prev"
801456,1041,2025-12-23 07:20:00,105.53,0.0002312984550077812,GREEN,"hour, log_amt, log_hrs_since_prev"
812781,1289,2025-12-28 07:30:32,117.54,0.00023064629373184566,GREEN,"log_amt, hour, amt_z"
818996,809,2025-12-30 19:50:14,318.45,0.0002304501903446364,GREEN,"log_amt, log_hrs_since_prev, amt_z"
806027,2960,2025-12-25 08:30:12,172.67,0.0002300217283186497,GREEN,"log_amt, hour, amt_z"
803442,3479,2025-12-24 00:38:41,14.11,0.0002297745761334789,GREEN,"night, hour"
802403,2534,2025-12-23 13:27:21,197.26,0.00022916677149641896,GREEN,"log_amt, amt_z"
799619,2076,2025-12-22 10:25:04,183.13,0.00022903847038247306,GREEN,"log_amt, hour, log_hrs_since_prev"
803884,1330,2025-12-24 09:17:52,104.16,0.00022871408319914227,GREEN,"log_hrs_since_prev, log_amt, amt_z"
811366,121,2025-12-27 13:03:29,216.64,0.00022785672757651954,GREEN,"log_amt, amt_z"
801434,2762,2025-12-23 07:05:38,154.59,0.0002265237907880796,GREEN,"log_amt, amt_z, hour"
812927,2429,2025-12-28 08:48:54,191.59,0.00022637706937295916,GREEN,"log_amt, hour, amt_z"
817376,1739,2025-12-30 09:32:32,163.24,0.00022528105940748433,GREEN,"log_amt, amt_z, hour"
813875,595,2025-12-28 14:09:03,293.71,0.0002248788309185061,GREEN,"log_amt, amt_z"
808464,3034,2025-12-26 09:30:21,167.61,0.00022475215207696947,GREEN,"log_amt, hour, amt_z"
812939,82,2025-12-28 08:57:15,110.72,0.00022407044005781144,GREEN,"log_amt, hour, log_hrs_since_prev"
812333,1173,2025-12-27 19:41:22,315.85,0.00022405110542338558,GREEN,"log_amt, amt_z, log_hrs_since_prev"
819682,2894,2025-12-31 09:37:51,183.18,0.00022392829147145158,GREEN,"log_amt, hour, amt_z"
799159,2043,2025-12-22 06:42:02,143.21,0.00022390336118902795,GREEN,"log_amt, hour, amt_z"
818827,1172,2025-12-30 17:53:34,226.64,0.0002234136709933364,GREEN,"log_amt, amt_z"
820470,964,2025-12-31 13:55:17,263.06,0.0002231132468314902,GREEN,"log_amt, amt_z"
814758,3139,2025-12-28 23:59:24,39.4,0.00022283967650524108,GREEN,"night, amt_z"
805566,2409,2025-12-24 20:22:14,385.24,0.00022255835583176141,GREEN,"log_amt, amt_z, log_hrs_since_prev"
802020,1970,2025-12-23 11:22:27,158.35,0.0002225262176177378,GREEN,"log_amt, amt_z, hour"
808054,3358,2025-12-26 05:37:00,17.86,0.00022195141798924282,GREEN,"night, hour"
810654,616,2025-12-27 08:48:40,119.58,0.00022142483661942298,GREEN,"amt_z, log_amt, hour"
814753,2791,2025-12-28 23:59:24,57.2,0.0002213722801103428,GREEN,"night, amt_z"
799716,3403,2025-12-22 10:58:30,126.3,0.000221190158919032,GREEN,"log_amt, log_hrs_since_prev, amt_z"
802365,1556,2025-12-23 13:14:57,154.82,0.00022045394662866232,GREEN,"log_amt, amt_z, log_hrs_since_prev"
807224,3478,2025-12-25 15:19:24,229.92,0.00022040348526685386,GREEN,"log_amt, amt_z"
808190,1743,2025-12-26 07:23:41,134.3,0.00022032624018267512,GREEN,"log_amt, hour, amt_z"
801174,2271,2025-12-22 22:42:41,34.28,0.00022016584904098067,GREEN,"night, log_hrs_since_prev"
815148,2346,2025-12-29 08:47:47,117.04,0.00022014591769590282,GREEN,"log_amt, hour, amt_z"
805782,2390,2025-12-25 05:14:28,20.67,0.00021939843192259615,GREEN,"night, hour"
818136,3008,2025-12-30 13:42:12,227.4,0.00021929312605441765,GREEN,"log_amt, amt_z"
809104,5,2025-12-26 13:05:28,162.21,0.000219218543860159,GREEN,"log_amt, amt_z, log_hrs_since_prev"
818959,3071,2025-12-30 19:11:43,247.33,0.00021889878587329705,GREEN,"log_amt, amt_z, log_hrs_since_prev"
805186,2466,2025-12-24 16:35:02,222.04,0.00021882413393474698,GREEN,"log_amt, amt_z, log_hrs_since_prev"
800182,593,2025-12-22 13:29:32,211.64,0.00021880527649549632,GREEN,"log_amt, amt_z"
803410,699,2025-12-23 23:49:07,57.72,0.0002187827173903024,GREEN,night
809327,2453,2025-12-26 14:07:43,212.54,0.00021820394213971028,GREEN,"log_amt, log_hrs_since_prev"
805087,666,2025-12-24 15:59:23,212.75,0.00021667805839033864,GREEN,"log_amt, amt_z, log_hrs_since_prev"
802326,2201,2025-12-23 13:03:17,176.8,0.00021604203368458794,GREEN,"log_amt, amt_z, log_hrs_since_prev"
799596,3351,2025-12-22 10:14:24,117.84,0.00021595758816883703,GREEN,"amt_z, log_amt, hour"
809887,2319,2025-12-26 17:52:17,221.1,0.00021503918153236755,GREEN,"log_amt, amt_z, log_hrs_since_prev"
804202,3100,2025-12-24 11:18:38,209.97,0.00021490238828114568,GREEN,"log_amt, amt_z, hour"
801981,2479,2025-12-23 11:10:10,218.24,0.00021488396104006634,GREEN,"log_amt, hour, amt_z"
800914,897,2025-12-22 18:09:08,229.78,0.0002145018488787906,GREEN,"log_amt, amt_z"
812278,1248,2025-12-27 18:52:18,263.85,0.00021414273261025475,GREEN,"log_amt, amt_z, log_hrs_since_prev"
807796,1491,2025-12-25 20:18:18,218.85,0.00021373009374776682,GREEN,"log_amt, amt_z, log_hrs_since_prev"
811175,2898,2025-12-27 12:02:02,165.71,0.00021372400658724392,GREEN,"log_amt, amt_z, hour"
801048,1172,2025-12-22 19:50:08,217.99,0.00021310689393535027,GREEN,"log_amt, amt_z, log_hrs_since_prev"
803119,2395,2025-12-23 17:47:41,248.08,0.00021258902853627667,GREEN,"log_amt, amt_z, log_hrs_since_prev"
800298,1828,2025-12-22 14:11:18,246.17,0.00021217248887178683,GREEN,"log_amt, log_hrs_since_prev"
821001,1193,2025-12-31 17:00:10,316.27,0.00021213277823282619,GREEN,"log_amt, amt_z, log_hrs_since_prev"
812589,950,2025-12-28 04:23:48,18.64,0.0002116734688556825,GREEN,"night, hour"
808977,1319,2025-12-26 12:22:46,153.17,0.00021143781190391644,GREEN,"log_amt, log_hrs_since_prev, amt_z"
802335,1419,2025-12-23 13:06:18,128.04,0.0002113189680380913,GREEN,"log_amt, log_hrs_since_prev, amt_z"
799939,17,2025-12-22 12:12:21,226.53,0.00021114354952348684,GREEN,"log_amt, amt_z, hour"
819981,2,2025-12-31 11:30:56,186.15,0.00021069095977526055,GREEN,"log_amt, amt_z, hour"
800778,1309,2025-12-22 16:48:12,137.13,0.00021065749878564178,GREEN,"log_amt, log_hrs_since_prev, amt_z"
812724,2102,2025-12-28 06:44:50,161.27,0.00021033388038316803,GREEN,"log_amt, hour, amt_z"
800547,242,2025-12-22 15:30:07,135.42,0.00021022688930268663,GREEN,"amt_z, log_amt, log_hrs_since_prev"
809052,3144,2025-12-26 12:50:07,8.48,0.000210159326875399,GREEN,"foreign, hour"
811791,1486,2025-12-27 15:15:23,203.57,0.0002097022919276158,GREEN,"log_amt, log_hrs_since_prev"
806934,1535,2025-12-25 13:40:45,12.98,0.0002090128235702225,GREEN,"n_prev_24h, log_hrs_since_prev"
810625,866,2025-12-27 08:31:46,102.97,0.0002088456248680034,GREEN,"hour, log_amt, log_hrs_since_prev"
804594,1512,2025-12-24 13:26:20,174.41,0.00020853100533034383,GREEN,"log_amt, amt_z, log_hrs_since_prev"
805751,111,2025-12-25 04:18:31,18.15,0.00020850286442485941,GREEN,"night, hour"
799803,2774,2025-12-22 11:24:24,107.16,0.00020843743979034,GREEN,"log_amt, amt_z, log_hrs_since_prev"
809149,803,2025-12-26 13:23:04,144.73,0.00020794045540725798,GREEN,"log_amt, amt_z, log_hrs_since_prev"
813340,1204,2025-12-28 11:26:48,179.86,0.00020763122157034752,GREEN,"log_amt, amt_z, hour"
798991,1691,2025-12-22 01:45:03,17.85,0.0002072419220042986,GREEN,"night, hour"
800313,1751,2025-12-22 14:19:29,276.18,0.00020711769181030833,GREEN,"log_amt, amt_z"
814804,3458,2025-12-29 03:45:32,14.38,0.00020655639277311004,GREEN,"night, hour"
805611,234,2025-12-24 21:26:41,291.73,0.00020644579179642905,GREEN,"log_amt, amt_z"
800854,1122,2025-12-22 17:30:03,284.46,0.00020641915594766968,GREEN,"log_amt, amt_z"
815721,2848,2025-12-29 12:24:42,195.31,0.00020616023428523178,GREEN,"log_amt, amt_z, hour"
807336,2785,2025-12-25 16:00:36,16.57,0.00020593978815033954,GREEN,"n_prev_24h, log_hrs_since_prev"
819972,1649,2025-12-31 11:27:34,170.51,0.00020583476331800975,GREEN,"log_amt, amt_z, hour"
820618,603,2025-12-31 14:41:26,200.44,0.00020582614204342023,GREEN,"log_amt, amt_z"
817891,2378,2025-12-30 12:27:34,295.46,0.00020556700624050494,GREEN,"log_amt, amt_z, hour"
802683,3455,2025-12-23 14:57:10,203.19,0.00020542811077536288,GREEN,"log_amt, amt_z"
811280,1915,2025-12-27 12:35:30,164.45,0.00020466452613389943,GREEN,"log_amt, amt_z, log_hrs_since_prev"
808157,1971,2025-12-26 07:00:30,136.37,0.00020437005520985513,GREEN,"log_amt, hour, amt_z"
819040,3487,2025-12-30 20:28:58,355.11,0.0002036079981218198,GREEN,"log_amt, amt_z"
817364,882,2025-12-30 09:26:24,119.86,0.00020341289444275135,GREEN,"log_amt, hour, amt_z"
799137,1908,2025-12-22 06:24:49,120.27,0.00020317618310021807,GREEN,"hour, log_amt, log_hrs_since_prev"
817157,3048,2025-12-30 07:24:24,107.73,0.000203057438903484,GREEN,"hour, log_amt, log_hrs_since_prev"
818763,710,2025-12-30 17:19:45,183.9,0.0002028668820308312,GREEN,"log_amt, log_hrs_since_prev, amt_z"
799858,1464,2025-12-22 11:43:11,123.7,0.00020282318094266749,GREEN,"log_amt, amt_z, hour"
805859,2412,2025-12-25 06:40:15,127.12,0.00020204446315883634,GREEN,"log_amt, hour, amt_z"
809975,2689,2025-12-26 18:48:44,277.03,0.00020180536415751135,GREEN,"log_amt, amt_z"
811494,1816,2025-12-27 13:46:24,160.37,0.00020151288136604538,GREEN,"log_amt, amt_z"
807739,630,2025-12-25 19:17:59,231.66,0.00020081242963961477,GREEN,"log_amt, amt_z"
804109,3103,2025-12-24 10:49:39,171.11,0.00020078146382490326,GREEN,"log_amt, hour, amt_z"
805656,371,2025-12-24 23:18:31,32.95,0.0002005624855988113,GREEN,"night, log_hrs_since_prev"
808231,2866,2025-12-26 07:48:58,89.42,0.0002005257133498155,GREEN,"hour, log_hrs_since_prev, amt_z"
812971,2413,2025-12-28 09:14:33,142.88,0.00020021282563984763,GREEN,"log_amt, amt_z, hour"
811745,585,2025-12-27 15:01:28,225.82,0.00019992893024824564,GREEN,"log_amt, amt_z"
820124,2690,2025-12-31 12:16:56,148.36,0.00019947425046801224,GREEN,"log_amt, log_hrs_since_prev, amt_z"
804582,1012,2025-12-24 13:17:20,170.98,0.00019946796381124863,GREEN,"log_amt, amt_z"
817172,2006,2025-12-30 07:35:11,95.36,0.0001984066889236189,GREEN,"amt_z, hour, log_amt"
820602,295,2025-12-31 14:37:39,221.69,0.0001972337845484392,GREEN,"log_amt, amt_z"
811059,338,2025-12-27 11:26:22,122.61,0.0001971035169807878,GREEN,"log_amt, amt_z, hour"
811338,2703,2025-12-27 12:54:39,119.05,0.0001970441224222558,GREEN,"log_amt, log_hrs_since_prev, amt_z"
799861,1872,2025-12-22 11:44:14,259.52,0.00019663361382965108,GREEN,"log_amt, hour, amt_z"
814672,113,2025-12-28 21:12:42,192.43,0.00019589786831491818,GREEN,"log_amt, amt_z, log_hrs_since_prev"
803968,1755,2025-12-24 09:54:17,90.79,0.00019577437292000636,GREEN,"amt_z, hour, log_amt"
799735,1628,2025-12-22 11:04:52,93.0,0.00019570604204197429,GREEN,"log_hrs_since_prev, log_amt, amt_z"
809398,1775,2025-12-26 14:27:17,144.95,0.0001953498956686848,GREEN,"log_amt, amt_z"
801393,2434,2025-12-23 06:39:52,12.75,0.00019517672345267787,GREEN,"n_prev_24h, log_hrs_since_prev, hour"
813202,3432,2025-12-28 10:42:14,177.27,0.00019473517637684257,GREEN,"log_amt, hour"
818550,2547,2025-12-30 15:54:00,146.35,0.0001946336588672469,GREEN,"log_amt, log_hrs_since_prev, amt_z"
803411,322,2025-12-23 23:53:02,33.1,0.00019415379997170452,GREEN,"night, amt_z"
804536,98,2025-12-24 13:03:36,183.36,0.00019406106216055715,GREEN,"log_amt, amt_z"
809881,1465,2025-12-26 17:45:24,245.42,0.00019395121736869006,GREEN,"log_amt, amt_z"
815146,2980,2025-12-29 08:46:17,94.25,0.00019383105453229857,GREEN,"amt_z, hour, log_amt"
804591,867,2025-12-24 13:23:56,182.38,0.00019377824816779895,GREEN,"log_amt, amt_z"
814335,3447,2025-12-28 16:52:34,163.49,0.00019369501998402027,GREEN,"log_amt, log_hrs_since_prev, amt_z"
817844,2365,2025-12-30 12:14:12,156.43,0.0001936846323951776,GREEN,"log_amt, amt_z, hour"
819745,3222,2025-12-31 10:03:54,177.02,0.00019345736996536999,GREEN,"log_amt, amt_z, hour"
801470,3027,2025-12-23 07:26:45,191.52,0.00019327570113042387,GREEN,"log_amt, hour, amt_z"
799873,773,2025-12-22 11:48:51,172.63,0.00019261216239588013,GREEN,"log_amt, amt_z, hour"
802866,456,2025-12-23 16:01:20,153.12,0.00019253264394421144,GREEN,"log_amt, amt_z, log_hrs_since_prev"
804290,1081,2025-12-24 11:46:46,110.54,0.00019249813136700613,GREEN,"log_amt, amt_z, log_hrs_since_prev"
811054,3456,2025-12-27 11:25:15,109.3,0.00019241022608177863,GREEN,"log_amt, amt_z, log_hrs_since_prev"
817818,1666,2025-12-30 12:06:10,188.0,0.00019236413767903185,GREEN,"log_amt, amt_z, hour"
819444,1540,2025-12-31 07:48:43,94.16,0.0001913403991913832,GREEN,"hour, log_hrs_since_prev, log_amt"
807720,3148,2025-12-25 19:04:28,244.53,0.0001912173922340467,GREEN,"log_amt, amt_z"
810564,181,2025-12-27 08:04:44,122.28,0.0001910567809816672,GREEN,"log_amt, hour, log_hrs_since_prev"
810935,2472,2025-12-27 10:46:43,109.1,0.00019089062376064625,GREEN,"log_amt, log_hrs_since_prev, hour"
803386,3077,2025-12-23 22:37:52,23.52,0.00019045185547200683,GREEN,"night, log_hrs_since_prev"
806265,2131,2025-12-25 10:10:14,105.85,0.00019037305050114892,GREEN,"log_amt, amt_z, hour"
806086,527,2025-12-25 08:57:37,104.94,0.00019035042422117644,GREEN,"hour, log_amt, log_hrs_since_prev"
818657,2325,2025-12-30 16:33:12,211.04,0.00019011454720269805,GREEN,"log_amt, amt_z, log_hrs_since_prev"
805358,41,2025-12-24 18:05:34,221.83,0.00019009260687187312,GREEN,"log_amt, amt_z"
806059,2271,2025-12-25 08:44:58,78.85,0.00019003253807412584,GREEN,"hour, log_hrs_since_prev, amt_z"
810403,2317,2025-12-27 06:14:52,107.94,0.0001899972469228581,GREEN,"hour, amt_z, log_amt"
821443,1430,2025-12-31 23:59:24,24.61,0.0001899757627957215,GREEN,"night, log_hrs_since_prev"
810737,2940,2025-12-27 09:28:13,148.71,0.000189841033750431,GREEN,"log_amt, hour, log_hrs_since_prev"
809547,2717,2025-12-26 15:20:49,170.56,0.00018981268873757774,GREEN,"log_amt, amt_z, log_hrs_since_prev"
813549,3200,2025-12-28 12:24:34,136.7,0.00018963043720819883,GREEN,"log_amt, log_hrs_since_prev, hour"
813650,2415,2025-12-28 12:58:22,116.81,0.00018951410331224513,GREEN,"log_amt, amt_z, log_hrs_since_prev"
818471,1259,2025-12-30 15:28:46,202.44,0.0001894210876732931,GREEN,"log_amt, log_hrs_since_prev"
802223,1130,2025-12-23 12:29:52,128.22,0.00018904920363262462,GREEN,"log_amt, log_hrs_since_prev, amt_z"
804141,2507,2025-12-24 11:00:35,99.11,0.00018846444395454706,GREEN,"log_hrs_since_prev, log_amt, amt_z"
815860,2107,2025-12-29 13:15:41,99.97,0.00018760512794856313,GREEN,"log_hrs_since_prev, log_amt, amt_z"
806249,788,2025-12-25 10:04:41,113.26,0.00018691546296544496,GREEN,"log_amt, hour, log_hrs_since_prev"
817715,1337,2025-12-30 11:30:44,137.92,0.0001859997656104315,GREEN,"log_amt, amt_z, hour"
816887,2164,2025-12-29 23:26:44,53.6,0.00018594397279279588,GREEN,night
818708,1933,2025-12-30 16:51:41,18.4,0.00018568892384883447,GREEN,"n_prev_24h, log_hrs_since_prev"
806831,2468,2025-12-25 13:13:58,121.23,0.00018543182196016853,GREEN,"log_amt, amt_z, log_hrs_since_prev"
816529,1837,2025-12-29 17:10:15,107.14,0.0001848119618303397,GREEN,"amt_z, log_amt, log_hrs_since_prev"
806887,641,2025-12-25 13:27:57,151.31,0.00018458380802994733,GREEN,"log_amt, amt_z"
817187,2279,2025-12-30 07:43:52,97.88,0.000184353068273188,GREEN,"hour, log_amt, amt_z"
815155,867,2025-12-29 08:53:15,121.25,0.00018396137490766712,GREEN,"log_amt, hour, log_hrs_since_prev"
801086,830,2025-12-22 20:23:03,207.0,0.00018391626282531582,GREEN,"log_amt, amt_z"
801161,2771,2025-12-22 22:18:24,32.67,0.0001834632445746666,GREEN,night
812084,164,2025-12-27 17:08:19,190.37,0.00018309990966177022,GREEN,"log_amt, amt_z"
805766,3114,2025-12-25 04:42:06,18.95,0.00018260491342740593,GREEN,"night, hour"
819702,2603,2025-12-31 09:48:41,86.92,0.00018254076136069484,GREEN,"amt_z, hour, log_amt"
804248,119,2025-12-24 11:35:59,99.1,0.00018170948451665814,GREEN,"log_amt, log_hrs_since_prev, amt_z"
802838,3048,2025-12-23 15:52:26,178.59,0.00018146706674309663,GREEN,"log_amt, amt_z"
805182,1853,2025-12-24 16:33:16,193.06,0.00018122482487167778,GREEN,"log_amt, amt_z"
811660,349,2025-12-27 14:32:12,104.56,0.000180914625603478,GREEN,"log_amt, log_hrs_since_prev, amt_z"
802794,237,2025-12-23 15:34:53,161.47,0.00018025994996260884,GREEN,"log_amt, amt_z"
803276,1691,2025-12-23 19:42:59,167.57,0.00017902673091382525,GREEN,"log_amt, log_hrs_since_prev, amt_z"
818128,13,2025-12-30 13:39:57,162.52,0.00017902642111972364,GREEN,"log_amt, amt_z"
814630,1834,2025-12-28 20:13:12,225.49,0.0001784661472436247,GREEN,"log_amt, amt_z, log_hrs_since_prev"
819789,1535,2025-12-31 10:19:50,75.39,0.000178151764549644,GREEN,"amt_z, hour, log_hrs_since_prev"
817209,1325,2025-12-30 08:00:39,96.01,0.0001779433054393933,GREEN,"hour, log_amt, amt_z"
815819,215,2025-12-29 12:59:24,140.13,0.00017770996455171784,GREEN,"log_amt, amt_z, hour"
804983,123,2025-12-24 15:22:45,169.78,0.00017738833129341843,GREEN,"log_amt, amt_z"
802042,2678,2025-12-23 11:30:48,141.05,0.00017708083370189913,GREEN,"log_amt, amt_z, hour"
800346,1185,2025-12-22 14:30:08,161.21,0.0001763837164997457,GREEN,"log_amt, amt_z"
815838,2664,2025-12-29 13:07:23,133.15,0.00017617649523623099,GREEN,"log_amt, amt_z"
820660,1909,2025-12-31 14:55:04,150.93,0.0001752394171426803,GREEN,"log_amt, amt_z"
799191,2507,2025-12-22 07:03:22,94.92,0.0001751860061694487,GREEN,"hour, log_amt, amt_z"
821039,360,2025-12-31 17:16:13,153.24,0.00017510689184172944,GREEN,"log_amt, amt_z, log_hrs_since_prev"
812394,3017,2025-12-27 20:27:28,140.74,0.0001749706994233234,GREEN,"log_amt, amt_z, log_hrs_since_prev"
811520,2633,2025-12-27 13:53:46,100.71,0.0001747001964777153,GREEN,"amt_z, log_amt, log_hrs_since_prev"
803661,3087,2025-12-24 07:26:34,92.29,0.00017451456760826558,GREEN,"hour, log_amt, log_hrs_since_prev"
804201,352,2025-12-24 11:18:29,68.82,0.00017438972407203746,GREEN,"log_hrs_since_prev, amt_z, hour"
810441,1318,2025-12-27 06:53:56,90.41,0.00017438426607295634,GREEN,"hour, amt_z, log_amt"
817535,57,2025-12-30 10:29:10,89.73,0.00017382046338292994,GREEN,"log_hrs_since_prev, hour, log_amt"
810069,895,2025-12-26 19:58:58,138.53,0.00017379610102497605,GREEN,"log_amt, log_hrs_since_prev, amt_z"
818248,723,2025-12-30 14:19:16,222.23,0.00017378987227950832,GREEN,log_amt
820561,2142,2025-12-31 14:25:41,166.86,0.00017350563956780596,GREEN,"log_amt, amt_z"
820313,2261,2025-12-31 13:10:34,115.97,0.00017294562234127547,GREEN,"log_hrs_since_prev, log_amt"
799246,875,2025-12-22 07:34:30,118.4,0.00017274144253804513,GREEN,"log_amt, hour"
800032,1128,2025-12-22 12:44:09,83.81,0.0001722677108461236,GREEN,"amt_z, log_amt, hour"
806204,1206,2025-12-25 09:49:40,92.97,0.00017217676326389692,GREEN,"log_hrs_since_prev, hour, log_amt"
802920,2067,2025-12-23 16:21:28,195.72,0.0001721234432813043,GREEN,"log_amt, amt_z"
799576,3131,2025-12-22 10:06:54,97.64,0.00017204987057087352,GREEN,"log_amt, amt_z, hour"
802448,2894,2025-12-23 13:37:59,106.67,0.000171908525650327,GREEN,"log_hrs_since_prev, log_amt"
808256,256,2025-12-26 08:02:39,73.99,0.00017178823882310076,GREEN,"hour, amt_z, log_hrs_since_prev"
799371,757,2025-12-22 08:44:46,110.22,0.00017172612207666432,GREEN,"log_amt, hour, amt_z"
814958,1556,2025-12-29 06:43:23,83.09,0.00017166539641347596,GREEN,"hour, log_amt, log_hrs_since_prev"
799745,1097,2025-12-22 11:08:43,109.67,0.0001716423860643724,GREEN,"log_amt, log_hrs_since_prev, hour"
808555,1778,2025-12-26 10:07:16,66.19,0.00017160714031000748,GREEN,"log_hrs_since_prev, hour, amt_z"
814930,2571,2025-12-29 06:24:42,94.25,0.00017130608815604234,GREEN,"hour, amt_z, log_amt"
817589,451,2025-12-30 10:47:32,114.96,0.00017130512644186668,GREEN,"log_amt, hour, amt_z"
816258,1803,2025-12-29 15:25:39,91.75,0.00017124011768839727,GREEN,"amt_z, log_amt, log_hrs_since_prev"
806588,2202,2025-12-25 12:00:26,208.47,0.00017102041229265507,GREEN,"log_amt, hour"
802169,3075,2025-12-23 12:14:38,98.72,0.00017084804016541662,GREEN,"log_hrs_since_prev, log_amt, amt_z"
805313,2595,2025-12-24 17:39:31,127.01,0.00017083415845775055,GREEN,"log_amt, log_hrs_since_prev, amt_z"
800918,3014,2025-12-22 18:12:14,6.28,0.00017053815884894206,GREEN,foreign
811541,377,2025-12-27 13:58:45,117.08,0.0001704796516722384,GREEN,"amt_z, log_amt"
808163,1690,2025-12-26 07:06:06,70.48,0.00016973738640389387,GREEN,"hour, log_hrs_since_prev, amt_z"
812072,3350,2025-12-27 17:04:39,201.23,0.0001689858878479344,GREEN,"log_amt, amt_z"
821305,3450,2025-12-31 19:56:43,92.29,0.00016898396112610288,GREEN,"amt_z, log_hrs_since_prev, log_amt"
819323,3454,2025-12-31 06:25:00,107.56,0.00016884608119097395,GREEN,"hour, log_amt"
818679,527,2025-12-30 16:39:58,154.87,0.0001688237604755184,GREEN,"log_amt, amt_z, log_hrs_since_prev"
802941,1439,2025-12-23 16:26:55,142.52,0.00016870648766297366,GREEN,"log_amt, amt_z, log_hrs_since_prev"
813539,452,2025-12-28 12:22:30,120.39,0.00016860413951541296,GREEN,"log_amt, amt_z, hour"
813680,880,2025-12-28 13:06:13,128.54,0.0001684749809272625,GREEN,"log_amt, log_hrs_since_prev"
812300,2636,2025-12-27 19:06:31,146.86,0.00016838997789562758,GREEN,"log_amt, amt_z, log_hrs_since_prev"
814740,3403,2025-12-28 23:39:28,22.1,0.00016827754103297728,GREEN,"night, log_hrs_since_prev"
809963,2870,2025-12-26 18:39:48,139.05,0.00016800810397751652,GREEN,"log_amt, amt_z, log_hrs_since_prev"
817532,2907,2025-12-30 10:28:06,120.09,0.00016796950795275176,GREEN,"log_amt, hour"
799310,2755,2025-12-22 08:11:23,57.44,0.00016750221331347692,GREEN,"log_hrs_since_prev, hour, amt_z"
810147,2247,2025-12-26 21:34:46,178.81,0.0001674718391714706,GREEN,"log_amt, amt_z"
814724,1537,2025-12-28 23:05:05,31.32,0.00016679813945664755,GREEN,"night, log_hrs_since_prev"
817329,1707,2025-12-30 09:09:51,134.59,0.0001667402307003924,GREEN,"log_amt, hour, amt_z"
806457,315,2025-12-25 11:21:31,97.02,0.00016658665851536014,GREEN,"amt_z, log_amt, hour"
808866,296,2025-12-26 11:51:42,109.5,0.0001664313658048641,GREEN,"log_amt, hour, log_hrs_since_prev"
803052,353,2025-12-23 17:15:23,121.16,0.0001662628329564406,GREEN,"log_amt, amt_z, log_hrs_since_prev"
799561,2332,2025-12-22 09:58:52,91.82,0.0001659029210778313,GREEN,"hour, log_amt, log_hrs_since_prev"
811748,3048,2025-12-27 15:02:04,116.09,0.0001658570087968847,GREEN,"log_amt, log_hrs_since_prev, amt_z"
804413,2913,2025-12-24 12:23:40,118.86,0.000165478946208226,GREEN,"log_amt, amt_z, hour"
812157,3193,2025-12-27 17:42:08,94.88,0.0001651205212725445,GREEN,"amt_z, log_amt, log_hrs_since_prev"
812985,417,2025-12-28 09:22:04,78.92,0.00016499643910164458,GREEN,"log_hrs_since_prev, hour, log_amt"
810747,2266,2025-12-27 09:31:39,116.05,0.0001647812084887116,GREEN,"log_amt, amt_z, hour"
811501,947,2025-12-27 13:48:27,177.49,0.00016455623869900251,GREEN,"log_amt, amt_z"
799788,2478,2025-12-22 11:20:10,106.22,0.00016443931127641082,GREEN,"log_amt, amt_z, hour"
812465,756,2025-12-27 22:24:35,27.88,0.00016423018548627317,GREEN,night
806929,987,2025-12-25 13:39:40,105.75,0.00016412924106643136,GREEN,"log_amt, log_hrs_since_prev"
815334,1971,2025-12-29 10:04:50,90.88,0.00016405559271675605,GREEN,"log_hrs_since_prev, log_amt, hour"
799660,3132,2025-12-22 10:39:04,95.45,0.00016350446558785375,GREEN,"amt_z, log_amt, hour"
801440,99,2025-12-23 07:07:53,88.58,0.00016304385002602578,GREEN,"hour, log_amt, log_hrs_since_prev"
820354,1988,2025-12-31 13:22:08,14.83,0.00016253852516569345,GREEN,"n_prev_24h, log_hrs_since_prev"
809913,3131,2025-12-26 18:01:50,126.71,0.00016202504941111923,GREEN,"log_amt, amt_z, log_hrs_since_prev"
799977,46,2025-12-22 12:27:52,126.57,0.0001619711115926973,GREEN,"log_amt, amt_z, hour"
821262,429,2025-12-31 19:20:37,165.37,0.00016196554584893772,GREEN,"log_amt, log_hrs_since_prev"
815165,3005,2025-12-29 08:58:14,118.13,0.00016195744507588655,GREEN,"log_amt, hour, amt_z"
817327,1058,2025-12-30 09:07:37,63.51,0.00016192183535022553,GREEN,"log_hrs_since_prev, hour, amt_z"
803409,2058,2025-12-23 23:48:59,33.4,0.00016165526376963116,GREEN,night
809598,2368,2025-12-26 15:40:31,103.4,0.00016131840802663866,GREEN,"log_hrs_since_prev, log_amt, amt_z"
811775,2524,2025-12-27 15:11:03,109.58,0.00016096925812507875,GREEN,"log_hrs_since_prev, log_amt"
803734,1515,2025-12-24 08:14:41,86.08,0.00016075850853868506,GREEN,"hour, amt_z, log_amt"
819116,2799,2025-12-30 23:57:00,34.37,0.00016064847235637255,GREEN,night
805184,3104,2025-12-24 16:33:43,119.71,0.00016015259962513833,GREEN,"log_amt, log_hrs_since_prev, amt_z"
821376,3496,2025-12-31 21:28:13,83.14,0.000160013220669862,GREEN,"amt_z, log_hrs_since_prev, log_amt"
813524,1759,2025-12-28 12:18:41,144.07,0.0001596433712367919,GREEN,"log_amt, hour"
817338,108,2025-12-30 09:14:13,80.01,0.00015929973280046932,GREEN,"hour, log_hrs_since_prev, log_amt"
801785,1206,2025-12-23 10:02:32,101.74,0.00015923939215102006,GREEN,"log_amt, hour, log_hrs_since_prev"
802800,604,2025-12-23 15:37:12,108.24,0.00015911246892350998,GREEN,"log_amt, amt_z, log_hrs_since_prev"
806636,1578,2025-12-25 12:15:26,95.91,0.00015907623754160557,GREEN,"log_hrs_since_prev, log_amt, hour"
802951,865,2025-12-23 16:30:11,121.38,0.00015895914095420997,GREEN,"log_amt, amt_z, log_hrs_since_prev"
813766,1950,2025-12-28 13:36:09,106.81,0.0001588566196470352,GREEN,"log_amt, log_hrs_since_prev"
808881,2763,2025-12-26 11:56:50,93.59,0.00015883477193827307,GREEN,"amt_z, log_amt, hour"
821244,1194,2025-12-31 19:06:54,113.01,0.00015878327765571804,GREEN,"log_amt, log_hrs_since_prev, amt_z"
817876,1256,2025-12-30 12:22:27,123.68,0.0001585025313606198,GREEN,"log_amt, amt_z, hour"
818723,429,2025-12-30 16:57:49,246.98,0.00015818059689488552,GREEN,log_amt
802116,166,2025-12-23 11:53:59,109.38,0.00015817275539039673,GREEN,"log_amt, amt_z, hour"
820709,1414,2025-12-31 15:10:12,76.25,0.0001581176335182539,GREEN,"amt_z, log_hrs_since_prev"
818914,234,2025-12-30 18:39:27,142.7,0.00015780730331646498,GREEN,"log_amt, amt_z, log_hrs_since_prev"
800394,1048,2025-12-22 14:45:36,123.51,0.00015723445770842375,GREEN,"log_amt, amt_z"
819327,799,2025-12-31 06:27:07,66.77,0.00015686881564684033,GREEN,"hour, log_hrs_since_prev"
818272,2379,2025-12-30 14:24:48,101.05,0.00015679438063930025,GREEN,"amt_z, log_amt"
820004,2218,2025-12-31 11:38:30,125.98,0.00015675447166137112,GREEN,"log_amt, hour, amt_z"
821204,1713,2025-12-31 18:39:59,113.3,0.00015641884758565638,GREEN,"log_amt, log_hrs_since_prev, amt_z"
803288,3295,2025-12-23 19:54:27,107.59,0.00015624169816127009,GREEN,"log_hrs_since_prev, log_amt, amt_z"
818253,2041,2025-12-30 14:20:07,133.51,0.00015599834767944108,GREEN,log_amt
811739,1953,2025-12-27 14:59:25,123.9,0.0001558111789740787,GREEN,"log_amt, log_hrs_since_prev"
816072,2827,2025-12-29 14:28:23,123.84,0.0001557812729192377,GREEN,"log_amt, amt_z"
817118,641,2025-12-30 07:03:13,72.91,0.00015527246210134897,GREEN,"hour, log_hrs_since_prev"
799377,2894,2025-12-22 08:49:15,112.59,0.00015507916920693958,GREEN,"log_amt, hour"
808503,1794,2025-12-26 09:45:51,91.79,0.0001549911186775052,GREEN,"hour, log_amt, amt_z"
814057,1697,2025-12-28 15:14:34,136.43,0.00015497645589655906,GREEN,"log_amt, amt_z"
816783,142,2025-12-29 19:57:34,138.97,0.0001549028451835421,GREEN,"log_amt, log_hrs_since_prev, amt_z"
817651,2060,2025-12-30 11:10:27,131.01,0.0001544721008931608,GREEN,"log_amt, hour, amt_z"
802536,955,2025-12-23 14:04:08,159.58,0.00015428372423519676,GREEN,log_amt
810382,343,2025-12-27 06:03:32,83.27,0.0001540946290234311,GREEN,"hour, log_amt, amt_z"
821288,1733,2025-12-31 19:31:20,128.2,0.00015408238319429183,GREEN,"amt_z, log_amt"
806949,683,2025-12-25 13:46:29,118.49,0.0001540000765781913,GREEN,"log_amt, amt_z"
818952,2265,2025-12-30 19:06:58,167.68,0.00015363892248368292,GREEN,"log_amt, amt_z"
820037,2138,2025-12-31 11:51:27,90.43,0.00015363286681505857,GREEN,"log_amt, log_hrs_since_prev, hour"
809939,1559,2025-12-26 18:20:50,122.47,0.00015355919954538786,GREEN,"log_amt, log_hrs_since_prev, amt_z"
817796,1321,2025-12-30 11:56:28,87.03,0.0001534997138277586,GREEN,"amt_z, log_amt, hour"
818153,3161,2025-12-30 13:49:31,126.35,0.00015339498890013352,GREEN,log_amt
803115,1998,2025-12-23 17:45:21,116.05,0.0001533515822050856,GREEN,"log_amt, log_hrs_since_prev, amt_z"
816628,3009,2025-12-29 18:00:11,127.8,0.00015312858512930876,GREEN,"log_amt, amt_z"
801371,1330,2025-12-23 06:14:40,79.16,0.0001530330839144643,GREEN,"hour, amt_z, log_amt"
811275,2251,2025-12-27 12:34:24,90.24,0.00015287066922805513,GREEN,"log_hrs_since_prev, log_amt, hour"
811217,177,2025-12-27 12:12:21,129.16,0.0001526994975440786,GREEN,"log_amt, log_hrs_since_prev, hour"
800146,446,2025-12-22 13:20:41,97.17,0.00015256758358300442,GREEN,"log_amt, amt_z"
809561,1611,2025-12-26 15:26:09,113.58,0.0001524201690841369,GREEN,"amt_z, log_amt"
800905,1987,2025-12-22 18:04:43,172.83,0.00015238142160243722,GREEN,"log_amt, amt_z"
820695,99,2025-12-31 15:06:27,133.05,0.00015197921587290053,GREEN,"log_amt, amt_z"
802417,316,2025-12-23 13:30:29,74.05,0.0001518861690024936,GREEN,"log_hrs_since_prev, amt_z"
799366,1411,2025-12-22 08:42:46,72.49,0.00015143979491186722,GREEN,"hour, amt_z"
820364,1518,2025-12-31 13:24:43,97.42,0.00015141304586170062,GREEN,"amt_z, log_amt"
812057,3085,2025-12-27 17:00:04,194.83,0.00015126821852462976,GREEN,"log_amt, amt_z"
806583,162,2025-12-25 11:59:22,118.04,0.0001511829841900515,GREEN,"log_amt, amt_z, hour"
818062,2400,2025-12-30 13:18:40,110.91,0.00015116663350846896,GREEN,"log_amt, amt_z"
811456,155,2025-12-27 13:35:13,123.68,0.00015111603598302122,GREEN,"log_amt, amt_z"
800290,1398,2025-12-22 14:10:23,162.25,0.00015096668582000774,GREEN,"log_amt, amt_z"
801896,1558,2025-12-23 10:42:15,82.01,0.00015087150455781522,GREEN,"hour, amt_z, log_amt"
815785,1457,2025-12-29 12:48:32,94.39,0.00015040506979496868,GREEN,"amt_z, log_amt, hour"
813015,1480,2025-12-28 09:34:21,96.8,0.00014922563389379152,GREEN,"hour, log_amt, amt_z"
813916,2195,2025-12-28 14:23:06,135.13,0.00014919267578382013,GREEN,log_amt
809273,1411,2025-12-26 13:55:29,84.88,0.00014899625087073018,GREEN,"amt_z, log_hrs_since_prev, log_amt"
799763,687,2025-12-22 11:12:27,93.84,0.00014899373417190674,GREEN,"log_hrs_since_prev, log_amt, hour"
806579,3344,2025-12-25 11:57:32,61.55,0.00014889691104612982,GREEN,"log_hrs_since_prev, hour, amt_z"
807679,2639,2025-12-25 18:37:41,113.85,0.00014874502657743607,GREEN,"amt_z, log_amt"
799138,108,2025-12-22 06:25:03,85.59,0.00014858304413898184,GREEN,"hour, log_amt, amt_z"
806070,1862,2025-12-25 08:52:50,59.1,0.00014856444346570406,GREEN,"hour, log_hrs_since_prev"
801901,3258,2025-12-23 10:43:27,72.21,0.0001484324992916916,GREEN,"hour, amt_z"
806092,2655,2025-12-25 09:00:55,67.48,0.00014827777159262843,GREEN,"log_hrs_since_prev, hour"
818313,577,2025-12-30 14:37:40,116.45,0.00014802630566321926,GREEN,"log_amt, amt_z"
799189,2981,2025-12-22 07:00:01,77.03,0.00014785384994297842,GREEN,"hour, amt_z, log_amt"
818760,3456,2025-12-30 17:17:35,87.25,0.00014779930645633185,GREEN,"log_hrs_since_prev, amt_z, log_amt"
805470,667,2025-12-24 19:21:13,121.35,0.00014778154015583845,GREEN,"log_amt, log_hrs_since_prev, amt_z"
815591,1766,2025-12-29 11:39:16,82.78,0.00014744364729495608,GREEN,"hour, log_hrs_since_prev, log_amt"
814920,1887,2025-12-29 06:18:13,96.56,0.00014744304820539034,GREEN,"hour, log_amt"
808697,1860,2025-12-26 10:57:51,55.39,0.0001472702466500858,GREEN,"log_hrs_since_prev, hour, amt_z"
804603,22,2025-12-24 13:27:58,126.46,0.00014700198088317342,GREEN,"log_amt, log_hrs_since_prev"
821122,2977,2025-12-31 17:56:59,97.42,0.00014679518123557724,GREEN,"amt_z, log_amt, log_hrs_since_prev"
816807,2868,2025-12-29 20:33:02,131.62,0.00014675121919267365,GREEN,"log_amt, log_hrs_since_prev, amt_z"
817827,507,2025-12-30 12:08:03,114.62,0.00014674433803136064,GREEN,"log_amt, amt_z, hour"
809231,3295,2025-12-26 13:47:30,82.83,0.00014661105640890494,GREEN,"log_hrs_since_prev, log_amt"
806845,2472,2025-12-25 13:17:43,142.31,0.00014629147048320627,GREEN,"log_amt, amt_z"
800861,2650,2025-12-22 17:34:45,99.7,0.00014626397960427562,GREEN,"log_amt, log_hrs_since_prev, amt_z"
803850,3346,2025-12-24 09:02:16,63.15,0.00014618914683144034,GREEN,"hour, log_hrs_since_prev"
806613,2953,2025-12-25 12:10:00,101.67,0.00014599519561494427,GREEN,"log_hrs_since_prev, log_amt, hour"
802197,1086,2025-12-23 12:23:25,94.73,0.00014584903821642894,GREEN,"log_amt, amt_z, hour"
800011,1878,2025-12-22 12:36:50,77.83,0.000145464936875826,GREEN,"amt_z, log_amt, hour"
805023,1595,2025-12-24 15:38:13,98.66,0.00014543618032695135,GREEN,"log_amt, log_hrs_since_prev"
819688,882,2025-12-31 09:40:17,50.6,0.00014539877638395298,GREEN,"log_hrs_since_prev, hour"
811582,2696,2025-12-27 14:07:36,108.9,0.00014523927187781762,GREEN,"log_amt, amt_z"
804156,721,2025-12-24 11:03:40,86.25,0.0001452245856935446,GREEN,"amt_z, log_amt, hour"
804796,1344,2025-12-24 14:18:22,98.29,0.00014505443935045715,GREEN,"log_hrs_since_prev, log_amt"
801011,1033,2025-12-22 19:18:10,98.63,0.00014342857104781507,GREEN,"log_hrs_since_prev, log_amt, amt_z"
816407,304,2025-12-29 16:20:36,114.56,0.00014302834346678457,GREEN,"log_amt, log_hrs_since_prev, amt_z"
802916,1311,2025-12-23 16:19:39,89.23,0.00014299217275508646,GREEN,"log_hrs_since_prev, log_amt, amt_z"
820778,2516,2025-12-31 15:33:30,51.68,0.00014272989030892345,GREEN,"amt_z, log_hrs_since_prev"
802635,2820,2025-12-23 14:39:33,69.48,0.00014230414825761294,GREEN,"amt_z, log_hrs_since_prev"
801034,3295,2025-12-22 19:37:17,110.97,0.00014187135104922838,GREEN,"log_amt, log_hrs_since_prev, amt_z"
805564,2051,2025-12-24 20:21:08,118.8,0.0001418199237500216,GREEN,"amt_z, log_amt"
806574,1829,2025-12-25 11:56:29,76.34,0.00014172309082358814,GREEN,"amt_z, hour"
802200,1947,2025-12-23 12:24:32,133.86,0.0001414688396632824,GREEN,"log_amt, hour"
806555,2599,2025-12-25 11:50:51,63.7,0.0001412671862340964,GREEN,"log_hrs_since_prev, hour, amt_z"
806284,446,2025-12-25 10:16:07,61.73,0.0001411827273953572,GREEN,"log_hrs_since_prev, hour"
811461,2181,2025-12-27 13:36:12,94.98,0.00014118010766138144,GREEN,"log_amt, log_hrs_since_prev"
812901,3455,2025-12-28 08:35:13,67.73,0.00014105953683431744,GREEN,"hour, log_hrs_since_prev"
816585,2243,2025-12-29 17:36:39,111.26,0.00014101598971862173,GREEN,"log_amt, amt_z"
801116,1105,2025-12-22 21:05:13,144.14,0.00014062328659286076,GREEN,"log_amt, amt_z"
799899,691,2025-12-22 12:02:20,77.56,0.00014055192272725101,GREEN,"log_hrs_since_prev, log_amt, hour"
807621,1884,2025-12-25 18:03:33,146.47,0.0001403656634087898,GREEN,"log_amt, amt_z"
814104,2920,2025-12-28 15:33:05,94.16,0.00014002417231107563,GREEN,"log_hrs_since_prev, log_amt"
802021,2241,2025-12-23 11:22:39,68.69,0.00013998469445072637,GREEN,"hour, amt_z, log_hrs_since_prev"
819748,1525,2025-12-31 10:04:35,58.93,0.00013966297225510068,GREEN,"amt_z, hour"
808311,1538,2025-12-26 08:33:06,69.46,0.0001396226196928859,GREEN,hour
808178,115,2025-12-26 07:17:28,78.41,0.00013958874316771398,GREEN,"hour, log_amt"
815083,525,2025-12-29 08:12:50,59.65,0.00013950640656848723,GREEN,"hour, log_hrs_since_prev"
819731,1973,2025-12-31 10:00:05,68.86,0.0001393749941212582,GREEN,"amt_z, hour"
816789,743,2025-12-29 20:04:09,85.88,0.00013930094004432507,GREEN,"amt_z, log_amt"
820474,381,2025-12-31 13:56:53,65.06,0.00013920280759539323,GREEN,log_hrs_since_prev
816695,3234,2025-12-29 18:40:35,60.27,0.00013890131116032524,GREEN,"amt_z, log_hrs_since_prev"
807518,992,2025-12-25 17:17:04,112.63,0.00013886332033701186,GREEN,"log_amt, log_hrs_since_prev"
807800,3128,2025-12-25 20:20:05,164.0,0.00013881038448093633,GREEN,"log_amt, amt_z"
808186,1555,2025-12-26 07:21:47,53.56,0.00013815134619101462,GREEN,"hour, amt_z"
799825,2339,2025-12-22 11:29:08,94.84,0.00013803914307236752,GREEN,"amt_z, log_amt, hour"
806592,1912,2025-12-25 12:01:50,87.08,0.00013775538472835536,GREEN,"log_amt, log_hrs_since_prev, hour"
801070,25,2025-12-22 20:09:34,107.0,0.00013703161254543825,GREEN,"log_amt, amt_z, log_hrs_since_prev"
814165,3238,2025-12-28 15:52:04,124.2,0.00013690278804006446,GREEN,"log_amt, amt_z"
814441,1540,2025-12-28 17:40:03,126.5,0.00013687261560708393,GREEN,"log_amt, amt_z"
811180,3163,2025-12-27 12:03:31,86.55,0.00013685120723612478,GREEN,"amt_z, log_amt, hour"
817921,1780,2025-12-30 12:38:37,74.06,0.00013669274155201247,GREEN,"amt_z, hour"
815960,615,2025-12-29 13:48:52,96.63,0.00013639817721104784,GREEN,"amt_z, log_amt"
809674,137,2025-12-26 16:04:05,112.07,0.00013632135488251564,GREEN,"amt_z, log_amt"
815438,1477,2025-12-29 10:44:17,94.75,0.0001361604839594778,GREEN,"log_amt, hour"
803816,1418,2025-12-24 08:48:03,40.62,0.00013613036594742434,GREEN,"log_hrs_since_prev, hour, amt_z"
805642,1917,2025-12-24 22:42:14,18.36,0.00013604598542741228,GREEN,night
819700,1690,2025-12-31 09:48:04,61.99,0.0001358326123072694,GREEN,"hour, log_hrs_since_prev"
815596,191,2025-12-29 11:40:28,82.58,0.00013572524805050752,GREEN,"amt_z, hour, log_amt"
799783,2430,2025-12-22 11:18:49,63.34,0.0001356396513903912,GREEN,"log_hrs_since_prev, hour"
802516,1649,2025-12-23 13:56:24,78.8,0.00013552108732217195,GREEN,"log_hrs_since_prev, log_amt"
820523,1989,2025-12-31 14:13:24,103.7,0.00013547888781810638,GREEN,"amt_z, log_amt"
803296,2256,2025-12-23 19:58:14,93.07,0.00013541332659490764,GREEN,"log_hrs_since_prev, log_amt, amt_z"
806150,3063,2025-12-25 09:25:03,58.43,0.0001353339118409002,GREEN,"hour, log_hrs_since_prev"
801146,1573,2025-12-22 21:53:23,125.49,0.0001350325672708011,GREEN,"log_amt, amt_z, log_hrs_since_prev"
801853,1376,2025-12-23 10:28:50,77.77,0.00013497435478658165,GREEN,"hour, log_amt"
812947,135,2025-12-28 09:01:18,58.5,0.0001345260510481619,GREEN,"amt_z, hour"
815087,1880,2025-12-29 08:15:23,81.53,0.00013442183397781784,GREEN,"hour, log_amt, amt_z"
818441,2878,2025-12-30 15:20:09,86.8,0.0001343144738511295,GREEN,"amt_z, log_amt"
806062,2745,2025-12-25 08:46:48,72.23,0.00013429638980649028,GREEN,"hour, amt_z"
816641,2507,2025-12-29 18:06:58,77.78,0.00013417530373299069,GREEN,"log_hrs_since_prev, amt_z, log_amt"
808254,2005,2025-12-26 08:01:55,63.36,0.00013407743350764785,GREEN,hour
804461,2751,2025-12-24 12:41:53,124.05,0.0001339604100027334,GREEN,"log_amt, hour"
802151,2219,2025-12-23 12:08:50,56.24,0.0001339358341459885,GREEN,"log_hrs_since_prev, hour"
803594,11,2025-12-24 06:35:08,51.83,0.00013376145678983527,GREEN,"hour, log_hrs_since_prev"
804810,1084,2025-12-24 14:23:10,89.62,0.00013355983971587144,GREEN,"log_amt, amt_z"
802156,835,2025-12-23 12:10:03,64.52,0.00013351537818238074,GREEN,"amt_z, hour"
803864,1325,2025-12-24 09:09:45,56.23,0.00013332147341954434,GREEN,"hour, log_hrs_since_prev"
815290,848,2025-12-29 09:41:59,49.89,0.00013322936554225628,GREEN,"hour, log_hrs_since_prev"
804360,2636,2025-12-24 12:09:33,78.52,0.00013287987819376795,GREEN,"log_amt, hour"
816279,2166,2025-12-29 15:33:18,102.46,0.0001328790412760017,GREEN,"log_amt, amt_z"
813826,2619,2025-12-28 13:55:39,93.47,0.00013268302562795733,GREEN,log_amt
809277,878,2025-12-26 13:56:18,98.63,0.00013257632228524341,GREEN,"amt_z, log_amt"
800324,540,2025-12-22 14:23:37,84.17,0.00013256088410575138,GREEN,"log_hrs_since_prev, log_amt"
810392,3024,2025-12-27 06:08:58,58.68,0.00013247222622862892,GREEN,hour
821021,928,2025-12-31 17:07:33,93.19,0.00013230787639438997,GREEN,"amt_z, log_amt"
820878,2467,2025-12-31 16:10:54,108.66,0.00013173349365258087,GREEN,log_amt
819492,1916,2025-12-31 08:13:05,72.14,0.0001317047816066946,GREEN,hour
807365,687,2025-12-25 16:15:13,98.23,0.0001314433251754639,GREEN,"log_amt, log_hrs_since_prev"
812338,3275,2025-12-27 19:46:16,136.1,0.00013133348324155674,GREEN,"log_amt, amt_z"
806140,3428,2025-12-25 09:20:26,77.53,0.0001312481013418489,GREEN,"hour, log_amt"
802492,987,2025-12-23 13:49:00,88.55,0.00013101233689608507,GREEN,"log_amt, log_hrs_since_prev"
811115,3063,2025-12-27 11:44:34,50.23,0.0001308806343881851,GREEN,"log_hrs_since_prev, hour"
807322,895,2025-12-25 15:57:03,67.27,0.0001304865641548245,GREEN,log_hrs_since_prev
802044,2655,2025-12-23 11:31:10,57.66,0.00013041353287398028,GREEN,"log_hrs_since_prev, hour"
800747,2991,2025-12-22 16:37:30,81.22,0.00013012150654929526,GREEN,"amt_z, log_amt, log_hrs_since_prev"
803083,707,2025-12-23 17:28:46,91.63,0.00013005940348624262,GREEN,"log_amt, amt_z"
802510,2406,2025-12-23 13:54:49,52.92,0.00012992502000481147,GREEN,"amt_z, log_hrs_since_prev"
804640,3310,2025-12-24 13:37:35,137.9,0.0001298122326974614,GREEN,log_amt
813577,2493,2025-12-28 12:34:30,83.93,0.00012977608388749112,GREEN,"log_amt, hour"
810572,3092,2025-12-27 08:07:26,60.29,0.00012976291266866794,GREEN,hour
817108,3469,2025-12-30 06:49:10,53.59,0.00012940506255901775,GREEN,"hour, log_hrs_since_prev"
816261,1400,2025-12-29 15:26:00,87.21,0.00012911290366722202,GREEN,"amt_z, log_amt"
800897,2595,2025-12-22 17:59:03,85.77,0.0001290181236154432,GREEN,"log_hrs_since_prev, log_amt, amt_z"
802593,1631,2025-12-23 14:23:50,96.63,0.00012898131007473536,GREEN,log_amt
811666,2732,2025-12-27 14:34:12,75.23,0.00012885222840032425,GREEN,amt_z
816281,1691,2025-12-29 15:34:03,93.43,0.0001287733931539154,GREEN,"log_amt, log_hrs_since_prev"
816701,2632,2025-12-29 18:45:09,114.27,0.00012858700517133566,GREEN,"log_amt, amt_z"
809219,2460,2025-12-26 13:44:04,88.21,0.00012850572442987666,GREEN,"log_amt, log_hrs_since_prev"
815173,3459,2025-12-29 09:00:59,62.75,0.000127999798726914,GREEN,"hour, log_hrs_since_prev"
807822,2306,2025-12-25 20:42:50,85.11,0.00012759328361615789,GREEN,"log_hrs_since_prev, log_amt, amt_z"
820173,2216,2025-12-31 12:29:37,78.24,0.0001275329464367267,GREEN,"amt_z, log_amt, hour"
819403,3151,2025-12-31 07:28:29,39.81,0.00012747195639246654,GREEN,"hour, log_hrs_since_prev, amt_z"
800670,2646,2025-12-22 16:12:18,131.7,0.00012746527266595565,GREEN,log_amt
808312,1264,2025-12-26 08:34:04,48.95,0.00012744844867572407,GREEN,"hour, amt_z"
810337,688,2025-12-27 05:31:01,5.28,0.00012736033229650103,GREEN,"night, hour, log_hrs_since_prev"
820914,3469,2025-12-31 16:24:32,68.9,0.0001272347730948834,GREEN,log_hrs_since_prev
803009,5,2025-12-23 16:52:25,71.17,0.00012710312680487443,GREEN,log_hrs_since_prev
799164,1429,2025-12-22 06:45:29,64.6,0.0001270719451746998,GREEN,"hour, amt_z"
812608,2227,2025-12-28 04:47:06,4.62,0.0001269532342350138,GREEN,"night, hour"
809199,2802,2025-12-26 13:38:29,104.76,0.00012694015528664587,GREEN,"log_amt, amt_z"
814255,1955,2025-12-28 16:23:08,98.06,0.0001268192556819696,GREEN,log_amt
805343,1309,2025-12-24 17:59:34,68.33,0.00012675005802804994,GREEN,"log_hrs_since_prev, amt_z"
811867,3011,2025-12-27 15:43:52,80.46,0.0001264857134649494,GREEN,"log_hrs_since_prev, log_amt"
802779,3223,2025-12-23 15:28:28,88.19,0.00012639024871008347,GREEN,"amt_z, log_amt"
811593,1572,2025-12-27 14:10:41,51.37,0.00012638444822253027,GREEN,"amt_z, log_hrs_since_prev"
805949,883,2025-12-25 07:50:58,69.32,0.00012629424755084893,GREEN,hour
805066,914,2025-12-24 15:52:00,99.22,0.00012622692761241606,GREEN,"log_amt, log_hrs_since_prev"
813464,3065,2025-12-28 12:01:25,98.18,0.00012610929454959035,GREEN,"log_amt, amt_z, hour"
806614,1221,2025-12-25 12:10:23,65.44,0.00012610809439719334,GREEN,"amt_z, hour"
814469,2395,2025-12-28 17:54:33,108.72,0.00012602397535494496,GREEN,"log_amt, log_hrs_since_prev"
799985,448,2025-12-22 12:29:11,85.25,0.00012559907301514192,GREEN,"log_amt, hour"
804073,152,2025-12-24 10:34:58,58.56,0.00012553405687557322,GREEN,hour
818270,2933,2025-12-30 14:24:24,75.54,0.0001254985829586898,GREEN,amt_z
815777,1248,2025-12-29 12:45:55,70.11,0.00012548451638737568,GREEN,"log_hrs_since_prev, hour"
812267,3267,2025-12-27 18:46:00,91.93,0.00012547975020580604,GREEN,"amt_z, log_amt"
799613,256,2025-12-22 10:23:26,43.14,0.00012543656767996067,GREEN,"log_hrs_since_prev, hour"
810121,2043,2025-12-26 21:03:01,108.09,0.00012499940249732194,GREEN,"log_amt, amt_z, log_hrs_since_prev"
807307,1767,2025-12-25 15:52:27,93.2,0.00012495283080186844,GREEN,"amt_z, log_amt"
819545,2451,2025-12-31 08:38:38,90.99,0.0001245979050778642,GREEN,"hour, log_amt"
814111,131,2025-12-28 15:35:27,73.56,0.00012451185170449095,GREEN,log_hrs_since_prev
817142,1099,2025-12-30 07:13:02,56.0,0.00012440080011701769,GREEN,hour
815064,2726,2025-12-29 08:02:14,68.36,0.00012438669508477518,GREEN,hour
806460,2906,2025-12-25 11:22:35,64.42,0.0001243517171432069,GREEN,"log_hrs_since_prev, hour"
802699,3435,2025-12-23 15:00:50,78.55,0.00012429745516899269,GREEN,"amt_z, log_amt"
808591,944,2025-12-26 10:21:26,71.84,0.0001242973773487818,GREEN,"amt_z, hour"
814187,2886,2025-12-28 15:58:23,113.94,0.00012397095637788302,GREEN,"log_amt, amt_z"
808757,3069,2025-12-26 11:18:22,71.87,0.00012396221702388113,GREEN,"amt_z, hour"
809021,2783,2025-12-26 12:37:58,56.03,0.00012370292189498416,GREEN,"amt_z, hour"
807540,2966,2025-12-25 17:29:24,127.73,0.00012369838880609856,GREEN,"log_amt, amt_z"
810703,2496,2025-12-27 09:05:37,61.17,0.00012362555716234513,GREEN,hour
816135,1788,2025-12-29 14:50:06,71.37,0.00012346412169185025,GREEN,amt_z
820877,1943,2025-12-31 16:10:32,68.95,0.0001234507458365553,GREEN,"log_hrs_since_prev, amt_z"
812265,1419,2025-12-27 18:45:03,87.52,0.00012342298548084844,GREEN,"log_amt, log_hrs_since_prev, amt_z"
807280,3136,2025-12-25 15:42:30,56.43,0.00012262754155769795,GREEN,"log_hrs_since_prev, amt_z"
817553,2917,2025-12-30 10:34:11,42.6,0.0001224210185583824,GREEN,"amt_z, hour"
802416,694,2025-12-23 13:30:25,53.58,0.00012221938642074725,GREEN,log_hrs_since_prev
806608,1682,2025-12-25 12:08:06,64.15,0.00012205996871733789,GREEN,"amt_z, hour"
812416,1389,2025-12-27 20:51:40,76.67,0.00012196744882136601,GREEN,"amt_z, log_hrs_since_prev"
819772,2215,2025-12-31 10:12:40,78.31,0.00012165717980616226,GREEN,"hour, log_amt"
802456,2668,2025-12-23 13:39:44,72.4,0.000121415900729171,GREEN,log_hrs_since_prev
816292,921,2025-12-29 15:39:02,67.76,0.0001214001748105394,GREEN,"log_hrs_since_prev, amt_z"
819481,2992,2025-12-31 08:08:46,63.36,0.00012127753865611399,GREEN,hour
812934,2440,2025-12-28 08:55:05,67.49,0.00012127650606904768,GREEN,"hour, log_hrs_since_prev"
815968,2762,2025-12-29 13:50:29,59.56,0.0001212613952266613,GREEN,"amt_z, log_hrs_since_prev"
799966,2440,2025-12-22 12:22:44,85.04,0.00012083795554067879,GREEN,"log_amt, hour"
807479,369,2025-12-25 16:57:59,68.12,0.00012072048148095924,GREEN,log_hrs_since_prev
799730,2581,2025-12-22 11:03:58,41.63,0.00012067902997016504,GREEN,"amt_z, log_hrs_since_prev, hour"
800519,1276,2025-12-22 15:20:09,84.7,0.00012045163606700616,GREEN,"amt_z, log_amt"
818651,1988,2025-12-30 16:31:37,72.78,0.00012034208204285132,GREEN,"amt_z, log_hrs_since_prev"
811488,2110,2025-12-27 13:45:28,65.38,0.00011995778536912606,GREEN,amt_z
802341,2396,2025-12-23 13:09:06,87.68,0.00011896887928332699,GREEN,"log_amt, amt_z"
802014,2823,2025-12-23 11:18:53,61.16,0.00011890247868487424,GREEN,"log_hrs_since_prev, hour"
815731,1967,2025-12-29 12:28:49,56.26,0.0001188811657461983,GREEN,"log_hrs_since_prev, hour"
804237,2925,2025-12-24 11:31:16,51.69,0.00011859149928005101,GREEN,"hour, amt_z"
803154,2527,2025-12-23 18:04:22,56.51,0.0001185673481219831,GREEN,"log_hrs_since_prev, amt_z"
802126,2681,2025-12-23 11:57:31,71.08,0.00011836120664242099,GREEN,hour
811846,3270,2025-12-27 15:34:55,102.47,0.00011822070612146889,GREEN,"log_amt, log_hrs_since_prev"
803730,2581,2025-12-24 08:10:03,30.41,0.00011815764946274248,GREEN,"hour, log_hrs_since_prev"
805347,866,2025-12-24 18:00:45,100.34,0.00011802371381453281,GREEN,"log_amt, amt_z"
807903,905,2025-12-25 23:16:48,20.19,0.00011786116787631246,GREEN,night
816794,3395,2025-12-29 20:13:39,92.9,0.00011779464786292365,GREEN,"log_amt, amt_z"
810041,3142,2025-12-26 19:37:11,91.56,0.0001177680941059201,GREEN,"log_amt, log_hrs_since_prev"
807437,3017,2025-12-25 16:41:11,98.86,0.00011770047256355898,GREEN,"log_amt, amt_z"
799218,3153,2025-12-22 07:19:10,63.61,0.00011754526556391106,GREEN,hour
810113,848,2025-12-26 20:51:00,110.18,0.00011744557695160518,GREEN,"amt_z, log_amt"
818678,1173,2025-12-30 16:39:05,75.1,0.0001173717841636935,GREEN,log_hrs_since_prev
809447,1468,2025-12-26 14:42:31,65.17,0.00011671013125480757,GREEN,amt_z
814531,912,2025-12-28 18:39:08,112.05,0.00011664933236622333,GREEN,log_amt
814109,2773,2025-12-28 15:34:22,77.36,0.00011664292273175552,GREEN,log_amt
802067,981,2025-12-23 11:39:11,56.89,0.00011648914030113593,GREEN,"hour, amt_z"
820750,1270,2025-12-31 15:21:38,70.33,0.00011632686473177834,GREEN,log_hrs_since_prev
801141,803,2025-12-22 21:39:49,119.42,0.00011630377039219604,GREEN,"log_amt, amt_z"
820831,333,2025-12-31 15:51:15,87.58,0.0001162552985865686,GREEN,"amt_z, log_amt"
813116,2811,2025-12-28 10:14:42,57.75,0.00011619026006140309,GREEN,hour
799299,2498,2025-12-22 08:02:48,45.3,0.00011592759112703899,GREEN,"hour, log_hrs_since_prev"
811102,2261,2025-12-27 11:39:42,67.56,0.00011587693996021993,GREEN,"log_hrs_since_prev, hour"
805912,1535,2025-12-25 07:24:06,42.59,0.00011582092400400788,GREEN,"hour, amt_z"
819079,2689,2025-12-30 21:33:32,102.61,0.00011558660949955788,GREEN,"log_amt, log_hrs_since_prev"
811998,6,2025-12-27 16:35:33,115.93,0.0001155146556820073,GREEN,log_amt
808703,2840,2025-12-26 11:02:01,63.5,0.00011502791412529656,GREEN,"hour, amt_z"
816353,1767,2025-12-29 16:03:34,59.11,0.00011496033613475288,GREEN,"log_hrs_since_prev, amt_z"
814721,3067,2025-12-28 22:59:52,16.41,0.00011467542426818674,GREEN,night
801502,629,2025-12-23 07:45:08,40.87,0.00011463021024168947,GREEN,"hour, log_hrs_since_prev"
806400,1762,2025-12-25 10:57:11,49.29,0.00011456507599627512,GREEN,"hour, amt_z"
818193,739,2025-12-30 14:01:43,105.07,0.00011438927463984956,GREEN,log_amt
801696,3349,2025-12-23 09:27:48,65.23,0.00011425441251025133,GREEN,"hour, amt_z"
815945,2105,2025-12-29 13:43:47,85.53,0.00011404366091021671,GREEN,log_amt
811649,2490,2025-12-27 14:28:02,74.41,0.00011394608755029771,GREEN,log_hrs_since_prev
817519,2768,2025-12-30 10:24:35,44.29,0.00011392132857507936,GREEN,"log_hrs_since_prev, hour"
805274,1446,2025-12-24 17:25:27,63.25,0.00011375722887875682,GREEN,log_hrs_since_prev
814406,913,2025-12-28 17:27:19,82.96,0.00011360794189024098,GREEN,"log_amt, amt_z"
800830,2280,2025-12-22 17:16:40,77.32,0.00011344817640910004,GREEN,"amt_z, log_amt"
800895,418,2025-12-22 17:58:02,60.44,0.00011312611629891675,GREEN,log_hrs_since_prev
818948,2806,2025-12-30 19:05:09,78.15,0.00011292061545313423,GREEN,"amt_z, log_hrs_since_prev, log_amt"
809081,1267,2025-12-26 13:00:44,75.72,0.00011291663427730964,GREEN,
818016,1933,2025-12-30 13:03:02,75.56,0.00011285899090154036,GREEN,
808381,1039,2025-12-26 09:00:20,41.86,0.00011268142988005255,GREEN,"hour, log_hrs_since_prev"
800935,1957,2025-12-22 18:23:43,94.39,0.00011212444854226637,GREEN,"log_amt, amt_z"
811061,3191,2025-12-27 11:26:38,66.18,0.0001121053450324361,GREEN,"amt_z, hour"
819806,82,2025-12-31 10:28:14,43.33,0.00011210278275682975,GREEN,"log_hrs_since_prev, hour"
801978,2633,2025-12-23 11:09:58,59.93,0.00011206485830411001,GREEN,"hour, amt_z"
811938,2970,2025-12-27 16:09:52,67.43,0.00011203896282433309,GREEN,amt_z
809348,1347,2025-12-26 14:12:35,73.49,0.00011194166402463669,GREEN,amt_z
804119,956,2025-12-24 10:51:35,53.78,0.00011147375999685329,GREEN,hour
811614,2692,2025-12-27 14:15:00,69.42,0.00011142492282078509,GREEN,
803385,1559,2025-12-23 22:36:22,18.62,0.00011122263644279655,GREEN,night
821332,456,2025-12-31 20:29:30,88.38,0.00011109474927291234,GREEN,"log_amt, amt_z"
810475,330,2025-12-27 07:11:26,49.52,0.00011109396671213253,GREEN,hour
819335,3476,2025-12-31 06:35:08,36.67,0.00011105180604287954,GREEN,"hour, log_hrs_since_prev"
820273,2824,2025-12-31 12:59:46,61.68,0.00011101919526983108,GREEN,hour
817145,2569,2025-12-30 07:15:56,50.25,0.00011098288484081312,GREEN,hour
804247,3422,2025-12-24 11:35:52,74.8,0.00011093816209747557,GREEN,hour
816029,713,2025-12-29 14:13:42,79.4,0.00011074396912294768,GREEN,"amt_z, log_amt"
808915,2946,2025-12-26 12:05:46,56.51,0.00011071265475693761,GREEN,"amt_z, hour"
807455,745,2025-12-25 16:45:17,68.66,0.00011062751831490977,GREEN,amt_z
812437,1086,2025-12-27 21:32:11,84.49,0.00011050290258100716,GREEN,"log_hrs_since_prev, log_amt, amt_z"
814558,2145,2025-12-28 18:56:28,60.33,0.00011030769586361437,GREEN,log_hrs_since_prev
811534,2868,2025-12-27 13:56:23,66.09,0.0001102313437986602,GREEN,log_hrs_since_prev
799980,2484,2025-12-22 12:28:34,48.45,0.00011022127281509285,GREEN,"log_hrs_since_prev, hour"
821310,407,2025-12-31 19:59:20,96.79,0.00011018079173192696,GREEN,"log_amt, amt_z"
811707,1954,2025-12-27 14:47:41,84.98,0.0001101681009923978,GREEN,log_amt
804615,2823,2025-12-24 13:30:51,46.87,0.00010978883389711306,GREEN,log_hrs_since_prev
804368,2947,2025-12-24 12:12:05,52.86,0.00010972589781733973,GREEN,hour
819306,1896,2025-12-31 06:16:28,43.81,0.00010969350912180973,GREEN,hour
808180,3200,2025-12-26 07:18:40,46.22,0.00010965260500350987,GREEN,"hour, log_hrs_since_prev"
818819,153,2025-12-30 17:49:52,64.21,0.00010959799540253771,GREEN,log_hrs_since_prev
816626,1866,2025-12-29 18:00:06,95.89,0.00010948057330281393,GREEN,"log_amt, amt_z"
818206,192,2025-12-30 14:04:14,61.29,0.00010933322645743793,GREEN,amt_z
809215,185,2025-12-26 13:43:03,81.4,0.00010922183819275044,GREEN,log_amt
819037,1081,2025-12-30 20:27:23,77.57,0.00010910487530232318,GREEN,"amt_z, log_amt, log_hrs_since_prev"
808373,3499,2025-12-26 08:58:37,51.88,0.00010894779081266133,GREEN,hour
805323,2368,2025-12-24 17:48:09,81.99,0.00010874266212453109,GREEN,log_amt
804531,1860,2025-12-24 13:02:10,42.56,0.00010852468493101527,GREEN,log_hrs_since_prev
802626,3071,2025-12-23 14:37:43,62.27,0.0001083984039946065,GREEN,log_hrs_since_prev
814604,3311,2025-12-28 19:35:42,55.95,0.00010799647042753665,GREEN,"log_hrs_since_prev, amt_z"
815924,998,2025-12-29 13:37:45,55.15,0.0001076816699487705,GREEN,log_hrs_since_prev
818228,1097,2025-12-30 14:12:55,67.65,0.00010763412962542096,GREEN,
801794,105,2025-12-23 10:06:32,47.82,0.00010755516212157954,GREEN,"amt_z, hour"
799894,1705,2025-12-22 11:59:29,46.36,0.00010742334999955804,GREEN,"log_hrs_since_prev, hour"
802069,1532,2025-12-23 11:40:21,40.01,0.00010733749558196553,GREEN,"log_hrs_since_prev, hour"
810126,2741,2025-12-26 21:07:47,112.91,0.00010702245145462518,GREEN,log_amt
803655,3370,2025-12-24 07:22:39,36.88,0.00010698386697355892,GREEN,hour
813071,2680,2025-12-28 09:58:29,61.08,0.00010694847538648501,GREEN,hour
804421,2733,2025-12-24 12:27:28,37.09,0.00010672600040073214,GREEN,"amt_z, log_hrs_since_prev, hour"
817912,1166,2025-12-30 12:36:07,61.51,0.00010657840350004072,GREEN,hour
809745,1301,2025-12-26 16:32:56,2.41,0.00010657489550266519,GREEN,foreign
821265,2025,2025-12-31 19:21:26,7.19,0.00010654074037178954,GREEN,"n_prev_24h, log_hrs_since_prev"
814545,1949,2025-12-28 18:45:34,95.21,0.00010634823853383227,GREEN,log_amt
816270,251,2025-12-29 15:30:44,71.03,0.0001063030134287667,GREEN,
818969,3092,2025-12-30 19:18:54,66.28,0.00010622086712982439,GREEN,log_hrs_since_prev
810494,2165,2025-12-27 07:19:50,47.04,0.00010607372234414065,GREEN,"hour, amt_z"
801843,349,2025-12-23 10:25:11,57.24,0.00010594132788260412,GREEN,hour
808721,838,2025-12-26 11:07:42,33.03,0.0001057800700260198,GREEN,"amt_z, hour, log_hrs_since_prev"
800087,2025,2025-12-22 13:02:08,60.58,0.00010575546555230342,GREEN,amt_z
803909,3452,2025-12-24 09:29:19,49.22,0.00010539633197442201,GREEN,"hour, amt_z"
803180,2765,2025-12-23 18:19:39,63.99,0.00010468070483845904,GREEN,log_hrs_since_prev
817168,3441,2025-12-30 07:34:49,40.82,0.00010466716237392552,GREEN,hour
817237,3381,2025-12-30 08:19:30,47.9,0.00010429701466111421,GREEN,hour
821208,3176,2025-12-31 18:42:55,78.71,0.00010402824598708765,GREEN,"amt_z, log_amt"
820411,1181,2025-12-31 13:36:53,70.58,0.00010299575455410286,GREEN,
804376,2414,2025-12-24 12:14:11,50.9,0.00010273065541009368,GREEN,hour
820060,912,2025-12-31 11:57:04,53.14,0.00010256098479148853,GREEN,"log_hrs_since_prev, hour"
808558,1606,2025-12-26 10:09:16,42.79,0.00010239646069144653,GREEN,"hour, log_hrs_since_prev"
800794,11,2025-12-22 16:55:36,87.41,0.00010233128643822075,GREEN,log_amt
805104,190,2025-12-24 16:03:48,49.58,0.00010221333509014968,GREEN,log_hrs_since_prev
805172,2710,2025-12-24 16:29:57,89.91,0.00010200249123867176,GREEN,log_amt
807570,1790,2025-12-25 17:41:25,61.75,0.00010199444951572832,GREEN,log_hrs_since_prev
816535,1939,2025-12-29 17:14:03,73.16,0.00010190192491249974,GREEN,amt_z
802998,671,2025-12-23 16:48:55,71.59,0.00010189402988135234,GREEN,
815982,2411,2025-12-29 13:55:14,59.95,0.00010176129294373851,GREEN,
808512,1138,2025-12-26 09:49:25,54.45,0.00010138551850508847,GREEN,hour
816551,3180,2025-12-29 17:20:02,55.37,0.00010129086579519498,GREEN,log_hrs_since_prev
809441,34,2025-12-26 14:40:21,58.05,0.00010120306840611094,GREEN,log_hrs_since_prev
820091,502,2025-12-31 12:06:56,45.96,0.00010119078112288566,GREEN,"log_hrs_since_prev, hour"
815068,414,2025-12-29 08:03:08,42.89,0.00010091730980628944,GREEN,"hour, amt_z"
814879,3494,2025-12-29 05:39:08,7.42,0.00010091685109798703,GREEN,"night, hour"
816426,2262,2025-12-29 16:27:13,67.65,0.00010087619626929545,GREEN,amt_z
800043,2620,2025-12-22 12:49:19,35.2,0.00010077899196063142,GREEN,"log_hrs_since_prev, hour"
810123,2882,2025-12-26 21:05:23,114.8,0.0001005842467947979,GREEN,"log_amt, amt_z"
815073,3046,2025-12-29 08:05:16,45.82,0.00010051461270253531,GREEN,hour
803283,869,2025-12-23 19:48:22,79.26,0.00010030709258327919,GREEN,"amt_z, log_amt"
810454,2925,2025-12-27 07:02:53,27.0,0.00010023411915607494,GREEN,"hour, log_hrs_since_prev"
818711,792,2025-12-30 16:52:34,58.81,0.00010009263760478162,GREEN,
803726,2706,2025-12-24 08:07:33,50.0,9.975379790323425e-05,GREEN,hour
814287,2527,2025-12-28 16:36:42,46.45,9.959097655101245e-05,GREEN,"log_hrs_since_prev, amt_z"
806961,1927,2025-12-25 13:49:40,43.38,9.917441788236906e-05,GREEN,
799710,3464,2025-12-22 10:56:56,32.97,9.894100314529356e-05,GREEN,"log_hrs_since_prev, hour"
806683,1785,2025-12-25 12:27:16,42.5,9.889955769564405e-05,GREEN,hour
819976,783,2025-12-31 11:29:26,36.69,9.868842048915756e-05,GREEN,"amt_z, hour"
820345,2830,2025-12-31 13:20:20,68.57,9.856085147210308e-05,GREEN,
817392,3017,2025-12-30 09:38:56,32.57,9.846239884384763e-05,GREEN,"hour, log_hrs_since_prev"
813842,661,2025-12-28 13:59:19,45.34,9.827710361268056e-05,GREEN,log_hrs_since_prev
820591,3387,2025-12-31 14:34:53,55.69,9.816746883282854e-05,GREEN,
800866,2313,2025-12-22 17:39:58,80.22,9.814852351983298e-05,GREEN,"amt_z, log_amt"
812807,2889,2025-12-28 07:48:42,38.54,9.80876072203222e-05,GREEN,"hour, amt_z"
816902,1020,2025-12-29 23:59:24,11.35,9.807614523755849e-05,GREEN,night
816161,911,2025-12-29 14:58:51,48.56,9.806815460834373e-05,GREEN,amt_z
812451,1821,2025-12-27 21:48:23,71.63,9.785096388375378e-05,GREEN,amt_z
816287,853,2025-12-29 15:36:54,46.53,9.780708877302517e-05,GREEN,log_hrs_since_prev
813880,2460,2025-12-28 14:12:56,48.17,9.726971403093206e-05,GREEN,log_hrs_since_prev
819084,1159,2025-12-30 21:52:40,65.38,9.690878646475397e-05,GREEN,amt_z
820992,2870,2025-12-31 16:57:09,48.92,9.664612229926903e-05,GREEN,log_hrs_since_prev
802379,895,2025-12-23 13:19:14,39.81,9.661630253083634e-05,GREEN,log_hrs_since_prev
800974,1273,2025-12-22 18:50:43,87.41,9.658098405821916e-05,GREEN,"log_amt, amt_z"
816447,1555,2025-12-29 16:32:10,4.16,9.648656652783712e-05,GREEN,"n_prev_24h, log_hrs_since_prev"
800263,3216,2025-12-22 14:01:13,55.83,9.631366194700002e-05,GREEN,amt_z
820237,1897,2025-12-31 12:47:39,68.9,9.611228576074682e-05,GREEN,hour
808082,2977,2025-12-26 06:02:28,29.27,9.593972981647705e-05,GREEN,hour
800505,1042,2025-12-22 15:15:41,57.37,9.592516851681056e-05,GREEN,
814737,2342,2025-12-28 23:37:00,16.76,9.573871682429493e-05,GREEN,night
817935,3142,2025-12-30 12:43:25,40.94,9.566138008302304e-05,GREEN,"log_hrs_since_prev, hour"
814159,1291,2025-12-28 15:49:57,58.45,9.562082398977814e-05,GREEN,
818165,3013,2025-12-30 13:52:41,38.36,9.560500089418025e-05,GREEN,log_hrs_since_prev
815267,133,2025-12-29 09:33:49,35.85,9.524215823217428e-05,GREEN,"hour, amt_z"
800328,2656,2025-12-22 14:25:09,46.24,9.505368955921638e-05,GREEN,
817164,2140,2025-12-30 07:33:19,31.0,9.504545201949171e-05,GREEN,hour
809479,1998,2025-12-26 14:52:57,44.18,9.498233220130303e-05,GREEN,log_hrs_since_prev
809636,2759,2025-12-26 15:50:40,52.84,9.49710984071559e-05,GREEN,
799658,2145,2025-12-22 10:38:09,37.06,9.468394224542547e-05,GREEN,hour
813237,2702,2025-12-28 10:53:24,57.73,9.452886417569396e-05,GREEN,hour
809807,1151,2025-12-26 17:03:16,58.48,9.44632907971571e-05,GREEN,log_hrs_since_prev
800516,2806,2025-12-22 15:20:02,65.49,9.43506263718536e-05,GREEN,amt_z
810905,57,2025-12-27 10:38:27,42.44,9.404352336453852e-05,GREEN,hour
811256,3031,2025-12-27 12:25:43,52.95,9.397833795827134e-05,GREEN,hour
807609,2876,2025-12-25 17:58:17,48.49,9.397544969666353e-05,GREEN,amt_z
817867,1927,2025-12-30 12:20:01,35.04,9.389676394222446e-05,GREEN,"log_hrs_since_prev, hour"
810724,637,2025-12-27 09:19:49,44.54,9.371418801717735e-05,GREEN,hour
808134,3052,2025-12-26 06:37:10,27.69,9.361313977199053e-05,GREEN,"hour, log_hrs_since_prev"
802527,369,2025-12-23 14:00:01,52.19,9.355112215925054e-05,GREEN,
801239,2917,2025-12-23 01:31:26,3.07,9.349181071160073e-05,GREEN,"night, hour"
817123,936,2025-12-30 07:05:42,28.48,9.337781862272288e-05,GREEN,"hour, log_hrs_since_prev"
808610,619,2025-12-26 10:27:57,31.38,9.334615007510416e-05,GREEN,"hour, log_hrs_since_prev"
803040,2445,2025-12-23 17:10:10,58.6,9.323389632921421e-05,GREEN,
805336,1438,2025-12-24 17:55:53,48.17,9.312605833501618e-05,GREEN,amt_z
803593,893,2025-12-24 06:32:49,39.16,9.311890833780124e-05,GREEN,hour
818503,432,2025-12-30 15:40:31,55.07,9.311161394086251e-05,GREEN,
806792,3072,2025-12-25 12:57:11,61.6,9.308907042445886e-05,GREEN,hour
802918,66,2025-12-23 16:20:40,68.27,9.304418698403619e-05,GREEN,amt_z
808535,3335,2025-12-26 09:57:10,37.32,9.291707166760824e-05,GREEN,hour
811244,549,2025-12-27 12:22:10,23.03,9.270263136360522e-05,GREEN,"log_hrs_since_prev, hour"
812677,353,2025-12-28 06:11:01,25.92,9.26844351851732e-05,GREEN,"hour, log_hrs_since_prev"
816496,1305,2025-12-29 16:50:48,42.33,9.265807944528994e-05,GREEN,log_hrs_since_prev
820120,2129,2025-12-31 12:15:32,39.77,9.265799832984466e-05,GREEN,"log_hrs_since_prev, hour"
808540,2803,2025-12-26 09:58:45,28.3,9.264830717058755e-05,GREEN,"hour, log_hrs_since_prev"
805391,1304,2025-12-24 18:25:25,81.08,9.233278837924421e-05,GREEN,log_amt
810057,3093,2025-12-26 19:49:52,63.75,9.225627433705368e-05,GREEN,
809513,3447,2025-12-26 15:06:45,42.01,9.212104262943567e-05,GREEN,log_hrs_since_prev
814118,1044,2025-12-28 15:38:11,44.8,9.198244101758262e-05,GREEN,log_hrs_since_prev
810006,828,2025-12-26 19:08:38,78.12,9.188808711017744e-05,GREEN,log_amt
821141,2822,2025-12-31 18:06:40,81.27,9.16285315926125e-05,GREEN,log_amt
809340,3210,2025-12-26 14:10:56,47.11,9.156711451134546e-05,GREEN,
818880,62,2025-12-30 18:18:57,52.82,9.149937848069703e-05,GREEN,amt_z
818652,1692,2025-12-30 16:31:59,51.57,9.144857126686957e-05,GREEN,amt_z
813866,1071,2025-12-28 14:05:55,42.05,9.140812826496247e-05,GREEN,log_hrs_since_prev
815358,380,2025-12-29 10:12:24,48.81,9.136080838247532e-05,GREEN,hour
804559,1144,2025-12-24 13:09:51,48.84,9.127497118231524e-05,GREEN,
801136,52,2025-12-22 21:34:20,68.49,9.126647588152863e-05,GREEN,amt_z
817733,1977,2025-12-30 11:34:48,45.81,9.100112813891885e-05,GREEN,hour
805344,3152,2025-12-24 17:59:37,56.39,9.093980605450375e-05,GREEN,amt_z
805544,1950,2025-12-24 20:05:57,79.99,9.082308947231783e-05,GREEN,log_amt
819938,998,2025-12-31 11:16:52,40.15,9.067553159561434e-05,GREEN,"log_hrs_since_prev, hour"
809989,113,2025-12-26 19:00:25,60.95,9.062719946599765e-05,GREEN,
807178,3030,2025-12-25 15:00:03,52.71,9.057895863282594e-05,GREEN,
818388,3072,2025-12-30 15:03:28,52.65,9.055739901639945e-05,GREEN,log_hrs_since_prev
819083,2617,2025-12-30 21:46:35,68.24,9.042981066742976e-05,GREEN,
814369,2174,2025-12-28 17:09:06,73.14,9.039365557133913e-05,GREEN,
811027,3100,2025-12-27 11:16:51,38.59,9.024276018562476e-05,GREEN,"log_hrs_since_prev, hour"
817623,3103,2025-12-30 10:58:01,39.41,9.015747183413265e-05,GREEN,"log_hrs_since_prev, hour"
811368,1883,2025-12-27 13:04:36,47.7,8.99970980618417e-05,GREEN,
814554,1798,2025-12-28 18:51:56,51.27,8.994204467843416e-05,GREEN,amt_z
803584,2040,2025-12-24 06:14:23,42.99,8.977095581713485e-05,GREEN,hour
811265,1891,2025-12-27 12:29:23,49.54,8.975560674105937e-05,GREEN,hour
817513,1572,2025-12-30 10:22:42,21.43,8.974727555062115e-05,GREEN,"log_hrs_since_prev, hour"
803110,3136,2025-12-23 17:43:16,54.06,8.958197139832144e-05,GREEN,
816517,180,2025-12-29 17:06:34,39.41,8.95141419714333e-05,GREEN,log_hrs_since_prev
806444,1564,2025-12-25 11:13:41,29.72,8.94774863382493e-05,GREEN,"hour, log_hrs_since_prev"
820122,143,2025-12-31 12:16:16,53.37,8.936576350177261e-05,GREEN,hour
812766,2662,2025-12-28 07:20:29,32.66,8.908194576438187e-05,GREEN,hour
801324,1322,2025-12-23 05:29:36,4.56,8.902336058999178e-05,GREEN,"night, hour"
809255,1528,2025-12-26 13:52:17,45.73,8.89385208628564e-05,GREEN,log_hrs_since_prev
816670,5,2025-12-29 18:25:46,47.3,8.869841888324356e-05,GREEN,log_hrs_since_prev
812413,2755,2025-12-27 20:42:52,48.05,8.862696689412793e-05,GREEN,"amt_z, log_hrs_since_prev"
800607,1133,2025-12-22 15:50:48,27.56,8.792732348386822e-05,GREEN,log_hrs_since_prev
800969,2824,2025-12-22 18:45:02,52.54,8.769189226352856e-05,GREEN,log_hrs_since_prev
809592,1404,2025-12-26 15:39:09,50.41,8.765224780603229e-05,GREEN,amt_z
808279,2621,2025-12-26 08:14:28,41.69,8.76108899685706e-05,GREEN,hour
812436,1165,2025-12-27 21:31:58,86.0,8.752413272936354e-05,GREEN,log_amt
808268,98,2025-12-26 08:08:37,21.96,8.749791884438176e-05,GREEN,"log_hrs_since_prev, hour"
814409,2011,2025-12-28 17:29:11,60.96,8.734683430550664e-05,GREEN,
817131,94,2025-12-30 07:08:51,27.3,8.722525136947155e-05,GREEN,hour
807476,2463,2025-12-25 16:55:56,56.66,8.708470147394215e-05,GREEN,amt_z
806309,921,2025-12-25 10:26:36,35.88,8.689282880961948e-05,GREEN,hour
801922,1726,2025-12-23 10:49:32,23.04,8.65310545765306e-05,GREEN,"hour, log_hrs_since_prev"
804236,3459,2025-12-24 11:31:15,43.29,8.642297893531534e-05,GREEN,hour
806569,3309,2025-12-25 11:54:53,51.88,8.625635005112607e-05,GREEN,hour
820132,221,2025-12-31 12:18:22,35.69,8.610162273700456e-05,GREEN,hour
811845,2036,2025-12-27 15:34:01,46.67,8.594608997447987e-05,GREEN,
802724,2115,2025-12-23 15:10:29,42.72,8.580577409055538e-05,GREEN,log_hrs_since_prev
802449,3314,2025-12-23 13:38:18,37.62,8.577098220836094e-05,GREEN,
819973,1930,2025-12-31 11:28:12,37.95,8.552808335413806e-05,GREEN,hour
800229,2094,2025-12-22 13:47:46,33.98,8.549575276572648e-05,GREEN,log_hrs_since_prev
814132,1850,2025-12-28 15:41:30,59.81,8.543102862972189e-05,GREEN,
809795,2143,2025-12-26 16:56:36,58.43,8.518851609201847e-05,GREEN,log_hrs_since_prev
803354,3419,2025-12-23 21:21:14,52.32,8.474989777703541e-05,GREEN,log_hrs_since_prev
818396,2554,2025-12-30 15:05:13,50.08,8.468303417510115e-05,GREEN,
811219,2949,2025-12-27 12:12:23,26.95,8.464687973912145e-05,GREEN,"log_hrs_since_prev, hour"
821322,2765,2025-12-31 20:17:42,55.91,8.457646873838967e-05,GREEN,
806504,1972,2025-12-25 11:33:36,54.35,8.439156968591492e-05,GREEN,hour
799722,521,2025-12-22 11:01:09,42.99,8.422339001557376e-05,GREEN,hour
801003,2784,2025-12-22 19:13:47,56.3,8.406681612891168e-05,GREEN,
808100,552,2025-12-26 06:15:45,24.19,8.327735761161591e-05,GREEN,hour
817744,201,2025-12-30 11:37:28,42.61,8.327072373106437e-05,GREEN,hour
810085,2852,2025-12-26 20:17:52,61.95,8.318160475201333e-05,GREEN,
813223,1182,2025-12-28 10:49:47,44.33,8.283939847220552e-05,GREEN,hour
811064,1414,2025-12-27 11:27:50,21.16,8.272609843044743e-05,GREEN,"log_hrs_since_prev, hour"
810712,1126,2025-12-27 09:09:30,32.12,8.260491712391973e-05,GREEN,hour
819000,3228,2025-12-30 19:52:21,53.0,8.2541295178284e-05,GREEN,amt_z
808376,818,2025-12-26 08:59:03,27.84,8.197793383710846e-05,GREEN,hour
810025,1532,2025-12-26 19:19:25,45.45,8.190482988298539e-05,GREEN,log_hrs_since_prev
800713,284,2025-12-22 16:28:09,33.32,8.18000961492716e-05,GREEN,log_hrs_since_prev
807676,1599,2025-12-25 18:35:44,49.26,8.169279235402089e-05,GREEN,amt_z
810445,1135,2025-12-27 06:56:28,29.43,8.108963551417244e-05,GREEN,hour
807808,2278,2025-12-25 20:26:35,44.72,8.105577577723969e-05,GREEN,log_hrs_since_prev
808688,1754,2025-12-26 10:55:51,36.99,8.099626213849142e-05,GREEN,hour
811085,1723,2025-12-27 11:34:37,32.72,8.084643299704611e-05,GREEN,"hour, amt_z"
820762,3126,2025-12-31 15:27:14,45.44,8.031518089978424e-05,GREEN,
806175,1021,2025-12-25 09:38:03,29.47,8.018820043656147e-05,GREEN,hour
812622,3057,2025-12-28 04:58:14,3.63,8.015738194791084e-05,GREEN,"night, hour"
806346,3450,2025-12-25 10:37:56,27.16,8.011715580926591e-05,GREEN,hour
820738,452,2025-12-31 15:19:13,32.81,8.007332421290636e-05,GREEN,log_hrs_since_prev
818697,2837,2025-12-30 16:46:53,49.64,8.001032350475708e-05,GREEN,
811613,991,2025-12-27 14:14:52,36.15,7.996906462878661e-05,GREEN,
809775,2456,2025-12-26 16:47:54,41.43,7.994681116632569e-05,GREEN,amt_z
805558,1083,2025-12-24 20:17:27,58.36,7.985337319553212e-05,GREEN,
812701,553,2025-12-28 06:28:41,29.86,7.970114069191691e-05,GREEN,hour
807815,3160,2025-12-25 20:29:49,45.4,7.953270059150763e-05,GREEN,log_hrs_since_prev
803048,2096,2025-12-23 17:13:12,40.94,7.920222296419998e-05,GREEN,amt_z
814357,2203,2025-12-28 17:04:42,48.98,7.917339875373412e-05,GREEN,
814667,2070,2025-12-28 21:04:25,63.56,7.890143028812122e-05,GREEN,
818425,3450,2025-12-30 15:12:34,26.07,7.869496182241487e-05,GREEN,log_hrs_since_prev
799127,768,2025-12-22 06:10:00,28.86,7.858499861290288e-05,GREEN,hour
819065,341,2025-12-30 21:11:57,49.54,7.855407287553603e-05,GREEN,
814252,2113,2025-12-28 16:22:24,33.56,7.839127333045266e-05,GREEN,log_hrs_since_prev
819737,2108,2025-12-31 10:02:17,26.34,7.833802178365268e-05,GREEN,"hour, log_hrs_since_prev"
802210,3375,2025-12-23 12:25:55,32.51,7.81509097445861e-05,GREEN,"amt_z, hour"
815576,1796,2025-12-29 11:33:56,34.63,7.804519907316356e-05,GREEN,hour
799940,1720,2025-12-22 12:13:03,25.97,7.79273337460156e-05,GREEN,"log_hrs_since_prev, hour"
803145,2494,2025-12-23 17:59:24,43.11,7.777417491247245e-05,GREEN,
821318,1033,2025-12-31 20:10:18,45.23,7.777227730723264e-05,GREEN,log_hrs_since_prev
807174,390,2025-12-25 14:58:56,41.84,7.771978464362394e-05,GREEN,
821353,2793,2025-12-31 20:59:22,60.47,7.771707688155952e-05,GREEN,log_hrs_since_prev
799951,3200,2025-12-22 12:15:54,29.93,7.763117701629476e-05,GREEN,"log_hrs_since_prev, hour"
818978,348,2025-12-30 19:29:05,64.25,7.760058067335178e-05,GREEN,
812214,2091,2025-12-27 18:15:01,61.7,7.758293385599364e-05,GREEN,
811579,1705,2025-12-27 14:06:43,38.42,7.757951615157203e-05,GREEN,log_hrs_since_prev
800440,1263,2025-12-22 14:58:30,44.18,7.756177227396213e-05,GREEN,
801711,858,2025-12-23 09:32:26,28.48,7.749321582927622e-05,GREEN,hour
810118,3398,2025-12-26 20:59:05,52.69,7.745775585663897e-05,GREEN,
811462,1244,2025-12-27 13:36:58,41.14,7.714963883762308e-05,GREEN,
820657,548,2025-12-31 14:54:21,33.01,7.703946310082993e-05,GREEN,
817851,2285,2025-12-30 12:15:36,27.88,7.690777038826849e-05,GREEN,hour
814207,226,2025-12-28 16:04:39,49.1,7.66863823612652e-05,GREEN,
817991,1013,2025-12-30 12:55:54,36.5,7.665392478449995e-05,GREEN,hour
818327,948,2025-12-30 14:42:28,41.63,7.663957137164854e-05,GREEN,
816658,2461,2025-12-29 18:14:19,56.44,7.644765366371575e-05,GREEN,
803306,965,2025-12-23 20:16:00,34.74,7.618130424253738e-05,GREEN,log_hrs_since_prev
821205,1470,2025-12-31 18:41:03,44.24,7.615986421568395e-05,GREEN,
809127,46,2025-12-26 13:14:19,30.57,7.610219457893609e-05,GREEN,log_hrs_since_prev
802976,3483,2025-12-23 16:37:55,38.99,7.606944466222392e-05,GREEN,log_hrs_since_prev
809593,1171,2025-12-26 15:39:15,49.26,7.589417287583499e-05,GREEN,
807791,1851,2025-12-25 20:16:12,48.2,7.575662010474222e-05,GREEN,
812179,2300,2025-12-27 17:50:10,42.47,7.572342483750298e-05,GREEN,log_hrs_since_prev
805920,2087,2025-12-25 07:32:27,21.46,7.571119176931345e-05,GREEN,hour
816067,1151,2025-12-29 14:27:42,27.03,7.536064643901953e-05,GREEN,log_hrs_since_prev
807590,605,2025-12-25 17:50:26,29.72,7.534159407581702e-05,GREEN,log_hrs_since_prev
804454,2603,2025-12-24 12:39:41,28.03,7.530419517137371e-05,GREEN,hour
803670,997,2025-12-24 07:31:35,22.1,7.50804880193016e-05,GREEN,hour
816081,981,2025-12-29 14:31:15,24.35,7.498218973735771e-05,GREEN,log_hrs_since_prev
820635,1777,2025-12-31 14:47:20,44.49,7.496868661400346e-05,GREEN,
805063,2480,2025-12-24 15:50:08,50.74,7.469697949068981e-05,GREEN,
810590,2232,2025-12-27 08:16:29,29.5,7.46302182529988e-05,GREEN,hour
820789,2314,2025-12-31 15:35:28,47.3,7.457565086782614e-05,GREEN,
815092,1889,2025-12-29 08:18:23,34.06,7.455172641600955e-05,GREEN,hour
805315,2860,2025-12-24 17:40:32,61.23,7.453147662606184e-05,GREEN,
810139,674,2025-12-26 21:25:26,52.37,7.452290101339569e-05,GREEN,amt_z
800649,376,2025-12-22 16:05:47,30.89,7.433769445357517e-05,GREEN,log_hrs_since_prev
819491,534,2025-12-31 08:13:02,27.35,7.430350906846975e-05,GREEN,hour
814592,2081,2025-12-28 19:26:00,32.53,7.429216091078459e-05,GREEN,amt_z
820776,3221,2025-12-31 15:32:17,51.14,7.429173128513179e-05,GREEN,
808195,2108,2025-12-26 07:28:44,30.24,7.427353532127476e-05,GREEN,hour
800984,2434,2025-12-22 18:57:51,53.83,7.425721816906391e-05,GREEN,
809401,1715,2025-12-26 14:28:16,29.28,7.414214087855864e-05,GREEN,
818577,0,2025-12-30 16:02:47,39.3,7.406148641882656e-05,GREEN,
808554,2297,2025-12-26 10:06:12,27.53,7.40001793076924e-05,GREEN,hour
805586,205,2025-12-24 20:47:38,53.0,7.378650561809565e-05,GREEN,
807607,3053,2025-12-25 17:57:38,47.26,7.365119806602168e-05,GREEN,
813646,1509,2025-12-28 12:56:59,35.75,7.364105649675893e-05,GREEN,hour
812380,1270,2025-12-27 20:15:44,41.57,7.362020115197447e-05,GREEN,log_hrs_since_prev
813362,1925,2025-12-28 11:30:55,23.79,7.355212489540587e-05,GREEN,hour
803151,120,2025-12-23 18:03:05,41.25,7.347165441310323e-05,GREEN,
817515,1409,2025-12-30 10:23:37,33.42,7.341245615926618e-05,GREEN,hour
814228,2955,2025-12-28 16:11:38,42.1,7.33446361209141e-05,GREEN,
820080,2529,2025-12-31 12:03:20,19.59,7.326399165205886e-05,GREEN,"log_hrs_since_prev, hour"
799657,1419,2025-12-22 10:38:05,25.62,7.324697073045276e-05,GREEN,"hour, log_hrs_since_prev"
816584,1440,2025-12-29 17:36:34,34.84,7.31859900307392e-05,GREEN,
808229,657,2025-12-26 07:48:24,26.33,7.315279792693269e-05,GREEN,hour
814629,3002,2025-12-28 20:11:47,52.08,7.301699162483206e-05,GREEN,
802019,1690,2025-12-23 11:20:59,30.6,7.27235716532782e-05,GREEN,hour
810455,1396,2025-12-27 07:03:12,34.49,7.259791083940032e-05,GREEN,hour
799533,161,2025-12-22 09:50:48,24.12,7.223348821433968e-05,GREEN,hour
818459,2223,2025-12-30 15:24:54,19.66,7.222105987604133e-05,GREEN,amt_z
818673,1288,2025-12-30 16:37:34,35.67,7.208993173870936e-05,GREEN,
816857,1255,2025-12-29 21:46:22,46.69,7.19982697956546e-05,GREEN,log_hrs_since_prev
812419,2138,2025-12-27 20:56:58,46.38,7.184962684729686e-05,GREEN,
810630,954,2025-12-27 08:34:22,20.01,7.184136284668746e-05,GREEN,"hour, log_hrs_since_prev"
799875,1781,2025-12-22 11:50:19,25.0,7.17548838001826e-05,GREEN,"hour, log_hrs_since_prev"
817148,3356,2025-12-30 07:17:13,23.1,7.172061075369213e-05,GREEN,hour
807525,1727,2025-12-25 17:20:30,49.57,7.151214294577742e-05,GREEN,
804797,1339,2025-12-24 14:18:31,30.11,7.140582974395735e-05,GREEN,log_hrs_since_prev
812821,852,2025-12-28 07:59:30,18.4,7.11787379826309e-05,GREEN,"hour, log_hrs_since_prev"
812317,1514,2025-12-27 19:29:10,59.73,7.110522562262451e-05,GREEN,
820398,2093,2025-12-31 13:33:58,29.52,7.10867178118337e-05,GREEN,
799296,1492,2025-12-22 07:59:03,14.97,7.084459291804805e-05,GREEN,"hour, log_hrs_since_prev"
816569,863,2025-12-29 17:28:21,31.45,7.070856728663703e-05,GREEN,amt_z
799842,131,2025-12-22 11:37:11,24.25,7.068101759016379e-05,GREEN,"log_hrs_since_prev, hour"
803302,3193,2025-12-23 20:13:17,39.21,7.062083671901597e-05,GREEN,
807212,322,2025-12-25 15:12:24,17.61,7.05167301190647e-05,GREEN,log_hrs_since_prev
803367,633,2025-12-23 21:51:21,39.7,7.04520530972614e-05,GREEN,
809085,1139,2025-12-26 13:01:28,37.64,7.035118854757561e-05,GREEN,
803329,3456,2025-12-23 20:51:07,37.92,7.031022523589682e-05,GREEN,
820702,3300,2025-12-31 15:08:29,25.86,7.0233464113914e-05,GREEN,log_hrs_since_prev
804938,1292,2025-12-24 15:07:10,36.24,7.000778488063311e-05,GREEN,
815794,2380,2025-12-29 12:51:14,30.44,6.964115595040928e-05,GREEN,hour
811365,3430,2025-12-27 13:02:49,14.07,6.959840840727112e-05,GREEN,log_hrs_since_prev
820543,338,2025-12-31 14:19:16,24.24,6.95644649825718e-05,GREEN,log_hrs_since_prev
813987,3129,2025-12-28 14:49:15,44.76,6.947109926596158e-05,GREEN,
816724,3164,2025-12-29 19:09:26,26.69,6.944722351528988e-05,GREEN,log_hrs_since_prev
805432,1270,2025-12-24 18:52:32,32.39,6.940353232122664e-05,GREEN,log_hrs_since_prev
813817,117,2025-12-28 13:52:29,24.12,6.927145746935073e-05,GREEN,
818576,2088,2025-12-30 16:02:18,29.78,6.919895426599395e-05,GREEN,
811476,46,2025-12-27 13:41:32,20.25,6.901596973785587e-05,GREEN,log_hrs_since_prev
813789,225,2025-12-28 13:45:56,35.8,6.89578513219149e-05,GREEN,
809337,1965,2025-12-26 14:09:35,37.33,6.87617594523398e-05,GREEN,
803595,3019,2025-12-24 06:37:33,21.93,6.870158145305192e-05,GREEN,hour
804665,3268,2025-12-24 13:45:01,30.12,6.845088355741936e-05,GREEN,log_hrs_since_prev
820682,1365,2025-12-31 15:00:41,39.76,6.811946255403952e-05,GREEN,
818004,213,2025-12-30 12:59:10,24.24,6.797444269310526e-05,GREEN,"log_hrs_since_prev, hour"
818507,2346,2025-12-30 15:40:58,21.02,6.7895353880597e-05,GREEN,log_hrs_since_prev
816214,2803,2025-12-29 15:13:47,23.77,6.786642447629324e-05,GREEN,log_hrs_since_prev
815496,2144,2025-12-29 11:05:12,33.76,6.756882468897947e-05,GREEN,hour
820790,353,2025-12-31 15:35:31,23.54,6.744174512946096e-05,GREEN,log_hrs_since_prev
805881,824,2025-12-25 06:58:15,22.43,6.677850454743195e-05,GREEN,hour
806019,628,2025-12-25 08:26:51,24.73,6.671551846024778e-05,GREEN,hour
805518,3088,2025-12-24 19:46:10,33.1,6.647378023180009e-05,GREEN,
809537,103,2025-12-26 15:18:15,29.95,6.568376069362227e-05,GREEN,log_hrs_since_prev
815745,1555,2025-12-29 12:33:58,14.9,6.568173467141725e-05,GREEN,"log_hrs_since_prev, hour"
814589,530,2025-12-28 19:21:07,37.76,6.560687877268532e-05,GREEN,
802358,2312,2025-12-23 13:14:12,21.91,6.557184450645871e-05,GREEN,amt_z
800916,1877,2025-12-22 18:10:20,35.86,6.536971475811607e-05,GREEN,log_hrs_since_prev
813224,1790,2025-12-28 10:50:33,17.43,6.531524616421084e-05,GREEN,"log_hrs_since_prev, hour"
802266,3058,2025-12-23 12:42:54,31.86,6.525655777896546e-05,GREEN,hour
810388,1394,2025-12-27 06:06:09,19.39,6.519951109264062e-05,GREEN,hour
801600,2803,2025-12-23 08:42:01,25.17,6.504646733193578e-05,GREEN,hour
808319,3307,2025-12-26 08:35:47,17.24,6.502010164089933e-05,GREEN,hour
805195,3262,2025-12-24 16:37:35,39.63,6.495175626147426e-05,GREEN,
800361,1170,2025-12-22 14:34:07,26.95,6.494991688010532e-05,GREEN,
800951,1875,2025-12-22 18:34:57,43.3,6.42891250890845e-05,GREEN,log_hrs_since_prev
817211,966,2025-12-30 08:02:23,29.43,6.423661831441036e-05,GREEN,hour
819322,727,2025-12-31 06:24:52,14.48,6.415988437740623e-05,GREEN,hour
813620,2768,2025-12-28 12:46:34,30.43,6.393173550315535e-05,GREEN,hour
817399,2708,2025-12-30 09:41:16,26.86,6.380699146866045e-05,GREEN,hour
805382,1140,2025-12-24 18:22:02,41.66,6.373518237745839e-05,GREEN,
816804,2670,2025-12-29 20:30:57,39.05,6.355123311196826e-05,GREEN,log_hrs_since_prev
802313,1456,2025-12-23 12:56:36,24.07,6.353820870340737e-05,GREEN,hour
811043,648,2025-12-27 11:20:34,21.87,6.348439522743917e-05,GREEN,hour
818993,1684,2025-12-30 19:45:45,39.99,6.332171921392832e-05,GREEN,
808972,3082,2025-12-26 12:20:21,31.03,6.329256230713945e-05,GREEN,hour
819831,556,2025-12-31 10:35:46,23.24,6.323855723311979e-05,GREEN,hour
810907,703,2025-12-27 10:38:54,20.48,6.319003466081405e-05,GREEN,"hour, log_hrs_since_prev"
817531,317,2025-12-30 10:27:52,20.08,6.308113011394534e-05,GREEN,hour
799124,56,2025-12-22 06:07:10,13.36,6.288172020078694e-05,GREEN,hour
799215,3023,2025-12-22 07:14:15,20.22,6.288149222520303e-05,GREEN,hour
814338,1631,2025-12-28 16:53:33,28.35,6.279346301938857e-05,GREEN,log_hrs_since_prev
803819,3130,2025-12-24 08:48:48,14.54,6.264883709247235e-05,GREEN,hour
817808,2048,2025-12-30 12:01:16,29.65,6.260094002594904e-05,GREEN,hour
801133,959,2025-12-22 21:30:15,41.18,6.252416347880094e-05,GREEN,
803348,3344,2025-12-23 21:12:18,36.46,6.244829155179983e-05,GREEN,
807874,2357,2025-12-25 21:38:14,51.59,6.223863492896833e-05,GREEN,
821042,1290,2025-12-31 17:17:22,29.27,6.222399286498416e-05,GREEN,
801579,622,2025-12-23 08:30:09,20.81,6.206030051863656e-05,GREEN,hour
818489,2091,2025-12-30 15:35:03,22.42,6.183783329386376e-05,GREEN,log_hrs_since_prev
805364,3212,2025-12-24 18:10:14,33.84,6.179690248913308e-05,GREEN,log_hrs_since_prev
818852,950,2025-12-30 18:04:33,22.15,6.175858918242774e-05,GREEN,log_hrs_since_prev
815952,2452,2025-12-29 13:47:20,24.84,6.169020090810198e-05,GREEN,
818161,1902,2025-12-30 13:52:21,27.61,6.168947289267586e-05,GREEN,
811282,3485,2025-12-27 12:36:13,21.83,6.167749329295238e-05,GREEN,hour
805615,3321,2025-12-24 21:39:11,25.02,6.1546936596234e-05,GREEN,log_hrs_since_prev
818416,1425,2025-12-30 15:10:22,18.36,6.152208739356112e-05,GREEN,log_hrs_since_prev
812129,2436,2025-12-27 17:27:05,20.51,6.150642888146619e-05,GREEN,log_hrs_since_prev
811477,2650,2025-12-27 13:41:32,19.94,6.148940274931353e-05,GREEN,log_hrs_since_prev
811978,1579,2025-12-27 16:27:18,24.9,6.146309481940701e-05,GREEN,log_hrs_since_prev
800912,3297,2025-12-22 18:08:01,39.38,6.145875489942603e-05,GREEN,
818792,3366,2025-12-30 17:34:04,24.64,6.133164873537202e-05,GREEN,log_hrs_since_prev
815204,2439,2025-12-29 09:14:14,20.77,6.124437735504777e-05,GREEN,hour
808482,3305,2025-12-26 09:38:02,16.59,6.1034406057274006e-05,GREEN,hour
814294,3056,2025-12-28 16:38:35,23.09,6.101939193428947e-05,GREEN,
800647,2184,2025-12-22 16:04:44,32.53,6.100501864856958e-05,GREEN,
820213,1203,2025-12-31 12:41:30,22.53,6.08778614240006e-05,GREEN,hour
811500,374,2025-12-27 13:48:14,23.26,6.0807089137403475e-05,GREEN,log_hrs_since_prev
808801,2801,2025-12-26 11:29:36,17.64,6.0726057066264136e-05,GREEN,hour
801743,2109,2025-12-23 09:43:51,14.67,6.0649575521736755e-05,GREEN,"log_hrs_since_prev, hour"
819031,2961,2025-12-30 20:16:23,38.99,6.046468395864877e-05,GREEN,
813883,248,2025-12-28 14:13:30,26.28,6.042970997613491e-05,GREEN,
799288,2971,2025-12-22 07:56:31,17.88,6.040027566809996e-05,GREEN,hour
803088,2464,2025-12-23 17:32:05,27.57,6.035945579592843e-05,GREEN,
816363,364,2025-12-29 16:05:12,19.9,6.0354027065444895e-05,GREEN,
820212,902,2025-12-31 12:41:29,23.56,6.015443944345692e-05,GREEN,hour
810430,1425,2025-12-27 06:39:09,17.23,6.015179543554517e-05,GREEN,hour
821092,1547,2025-12-31 17:40:46,25.86,5.9693094248364585e-05,GREEN,log_hrs_since_prev
811814,3030,2025-12-27 15:24:04,19.47,5.9526973200513536e-05,GREEN,log_hrs_since_prev
802567,2055,2025-12-23 14:16:10,23.42,5.9338074991298504e-05,GREEN,
813563,1396,2025-12-28 12:31:17,18.05,5.930099949647948e-05,GREEN,"log_hrs_since_prev, hour"
814497,2835,2025-12-28 18:16:43,21.87,5.92731509133621e-05,GREEN,log_hrs_since_prev
801723,247,2025-12-23 09:35:38,18.14,5.9247449880275696e-05,GREEN,hour
807501,2389,2025-12-25 17:07:48,44.32,5.8627821679067715e-05,GREEN,
806826,1002,2025-12-25 13:11:54,24.22,5.8563090766416554e-05,GREEN,log_hrs_since_prev
807229,3371,2025-12-25 15:22:03,24.43,5.846656486537551e-05,GREEN,
819573,2648,2025-12-31 08:48:07,22.65,5.845474484409259e-05,GREEN,hour
807284,2610,2025-12-25 15:44:04,26.45,5.7734741770547295e-05,GREEN,
812082,2709,2025-12-27 17:08:00,35.72,5.745816822013395e-05,GREEN,
808937,2720,2025-12-26 12:11:35,21.53,5.739228399688555e-05,GREEN,hour
800868,1849,2025-12-22 17:41:35,23.76,5.738973156807722e-05,GREEN,
812342,3038,2025-12-27 19:47:56,29.63,5.730417902604293e-05,GREEN,
805875,3061,2025-12-25 06:53:14,13.19,5.727631564458996e-05,GREEN,hour
820293,1827,2025-12-31 13:05:26,27.45,5.725751782884461e-05,GREEN,
815060,653,2025-12-29 08:00:32,17.82,5.6947320722416915e-05,GREEN,hour
808573,2700,2025-12-26 10:14:29,20.17,5.612895147572802e-05,GREEN,hour
814687,1685,2025-12-28 21:38:52,36.15,5.594489521938616e-05,GREEN,
806288,995,2025-12-25 10:17:59,18.91,5.570470756600564e-05,GREEN,hour
811661,731,2025-12-27 14:32:17,18.82,5.5405468626007597e-05,GREEN,
809699,1196,2025-12-26 16:13:02,24.96,5.528613522046458e-05,GREEN,
800095,2707,2025-12-22 13:04:50,18.89,5.5009887962332754e-05,GREEN,
803765,2949,2025-12-24 08:27:27,15.57,5.47402626046209e-05,GREEN,hour
811586,2515,2025-12-27 14:08:37,23.49,5.464183887898712e-05,GREEN,
807225,349,2025-12-25 15:19:25,16.76,5.461755906248508e-05,GREEN,log_hrs_since_prev
805560,1284,2025-12-24 20:18:12,24.93,5.418388109625432e-05,GREEN,
803156,3252,2025-12-23 18:06:29,26.6,5.396604980245144e-05,GREEN,
806693,3290,2025-12-25 12:28:57,20.59,5.383208002334984e-05,GREEN,hour
817805,3497,2025-12-30 12:00:15,20.88,5.378718073855505e-05,GREEN,hour
818973,2740,2025-12-30 19:25:36,22.92,5.374369841065497e-05,GREEN,
803359,2387,2025-12-23 21:38:24,27.47,5.3704845085458785e-05,GREEN,
801064,3115,2025-12-22 20:05:15,23.69,5.35579565291557e-05,GREEN,log_hrs_since_prev
812440,1033,2025-12-27 21:37:48,27.05,5.335484550725624e-05,GREEN,log_hrs_since_prev
806702,2785,2025-12-25 12:31:27,14.44,5.326974655612296e-05,GREEN,hour
807634,1458,2025-12-25 18:09:20,34.51,5.309134552149065e-05,GREEN,
802624,30,2025-12-23 14:36:11,20.35,5.2755175826498223e-05,GREEN,
818620,217,2025-12-30 16:17:22,16.98,5.2436143519492003e-05,GREEN,
817359,3106,2025-12-30 09:21:42,15.11,5.237089964034597e-05,GREEN,hour
813124,1006,2025-12-28 10:16:39,18.02,5.235648490127512e-05,GREEN,hour
810146,3212,2025-12-26 21:34:44,25.94,5.221667073234866e-05,GREEN,log_hrs_since_prev
815159,2328,2025-12-29 08:55:09,8.82,5.202182930754704e-05,GREEN,"hour, log_hrs_since_prev"
809721,647,2025-12-26 16:20:17,36.49,5.1878899481031576e-05,GREEN,
817365,2950,2025-12-30 09:26:35,13.5,5.18300511907843e-05,GREEN,hour
819455,2634,2025-12-31 07:53:23,9.96,5.182208741256764e-05,GREEN,"hour, log_hrs_since_prev"
807253,774,2025-12-25 15:30:13,23.55,5.178107692738737e-05,GREEN,
805484,1525,2025-12-24 19:29:57,17.67,5.159233953633734e-05,GREEN,log_hrs_since_prev
818575,52,2025-12-30 16:01:37,18.65,5.1239162857156426e-05,GREEN,
816862,594,2025-12-29 21:56:16,29.76,5.112462821791731e-05,GREEN,
808439,525,2025-12-26 09:22:07,20.32,5.095572097021038e-05,GREEN,hour
817730,281,2025-12-30 11:34:28,14.18,5.084395113619355e-05,GREEN,hour
801841,952,2025-12-23 10:24:20,12.56,5.032547505489742e-05,GREEN,hour
816138,3226,2025-12-29 14:50:14,19.75,5.026874579476048e-05,GREEN,
813093,462,2025-12-28 10:06:00,13.77,4.989102633259175e-05,GREEN,hour
814224,1393,2025-12-28 16:10:04,21.09,4.977473270128606e-05,GREEN,
817436,2361,2025-12-30 09:54:06,15.52,4.9628609985550995e-05,GREEN,hour
799948,1231,2025-12-22 12:15:46,17.1,4.951627591384793e-05,GREEN,hour
810607,2915,2025-12-27 08:24:56,10.04,4.941580972453746e-05,GREEN,hour
817071,2661,2025-12-30 06:15:33,10.77,4.902173466487438e-05,GREEN,hour
812161,2895,2025-12-27 17:42:53,19.6,4.894453481890281e-05,GREEN,
801938,36,2025-12-23 10:54:12,22.61,4.8504903955111734e-05,GREEN,hour
812798,2032,2025-12-28 07:42:48,11.76,4.8291595692040544e-05,GREEN,hour
803226,601,2025-12-23 18:52:45,32.55,4.7904155958971595e-05,GREEN,
800092,654,2025-12-22 13:04:27,15.55,4.759405806216221e-05,GREEN,
803082,1700,2025-12-23 17:28:45,17.32,4.752469883606043e-05,GREEN,
815898,1231,2025-12-29 13:29:24,10.42,4.749800811949754e-05,GREEN,log_hrs_since_prev
817634,788,2025-12-30 11:01:50,12.72,4.738905553609658e-05,GREEN,"hour, log_hrs_since_prev"
814254,1816,2025-12-28 16:22:50,12.12,4.7336546262020354e-05,GREEN,log_hrs_since_prev
815851,579,2025-12-29 13:11:47,17.25,4.7077978176923e-05,GREEN,
819069,921,2025-12-30 21:17:59,16.03,4.696902632780881e-05,GREEN,log_hrs_since_prev
802966,2550,2025-12-23 16:33:52,19.33,4.69568299278416e-05,GREEN,
818628,2075,2025-12-30 16:22:17,11.73,4.6349158790463234e-05,GREEN,log_hrs_since_prev
801507,2563,2025-12-23 07:47:07,27.1,4.613533508751385e-05,GREEN,hour
815019,693,2025-12-29 07:36:17,16.69,4.588014460611463e-05,GREEN,hour
805858,505,2025-12-25 06:36:32,11.96,4.5841353894288146e-05,GREEN,hour
809000,849,2025-12-26 12:30:18,18.63,4.555869751641559e-05,GREEN,hour
816733,3273,2025-12-29 19:14:15,19.62,4.546081823282681e-05,GREEN,
814182,1118,2025-12-28 15:57:22,18.48,4.5166721060440476e-05,GREEN,
821045,579,2025-12-31 17:18:57,11.97,4.473291172976e-05,GREEN,log_hrs_since_prev
808378,1125,2025-12-26 08:59:27,11.91,4.4586974405204245e-05,GREEN,hour
812987,2697,2025-12-28 09:23:39,13.5,4.426645483614364e-05,GREEN,hour
814329,2031,2025-12-28 16:49:33,19.38,4.392394887537621e-05,GREEN,
805546,344,2025-12-24 20:06:23,20.64,4.391096956159612e-05,GREEN,
819064,670,2025-12-30 21:11:39,18.4,4.3806190379958116e-05,GREEN,
814676,1187,2025-12-28 21:15:14,22.96,4.36560624365145e-05,GREEN,
820699,1544,2025-12-31 15:07:42,18.58,4.364288790729137e-05,GREEN,
803022,2057,2025-12-23 16:57:59,13.01,4.35509147709203e-05,GREEN,
820805,1260,2025-12-31 15:41:52,16.56,4.34162139758157e-05,GREEN,
805245,680,2025-12-24 17:06:39,21.06,4.3163833129493704e-05,GREEN,
803316,1600,2025-12-23 20:30:36,17.42,4.297135252099659e-05,GREEN,
809993,1968,2025-12-26 19:03:01,15.7,4.292145527552346e-05,GREEN,
816137,1156,2025-12-29 14:50:12,19.37,4.2657778689089556e-05,GREEN,
810019,1148,2025-12-26 19:16:42,10.64,4.2461314798372454e-05,GREEN,log_hrs_since_prev
804230,1546,2025-12-24 11:29:10,12.42,4.218175104022751e-05,GREEN,hour
807831,1439,2025-12-25 20:48:17,14.59,4.097646483896175e-05,GREEN,log_hrs_since_prev
804025,1414,2025-12-24 10:19:12,10.4,4.066613392072191e-05,GREEN,hour
810048,3013,2025-12-26 19:44:20,14.08,4.063116288657272e-05,GREEN,
800419,855,2025-12-22 14:52:29,17.35,4.0315974529397524e-05,GREEN,
820161,3364,2025-12-31 12:24:59,12.07,4.021877692487509e-05,GREEN,hour
818579,578,2025-12-30 16:03:18,22.51,3.996699650629136e-05,GREEN,
815911,1647,2025-12-29 13:33:18,12.62,3.9450486480435834e-05,GREEN,
802269,3263,2025-12-23 12:43:11,9.17,3.927743390754337e-05,GREEN,hour
812326,2850,2025-12-27 19:36:53,14.58,3.88279382194101e-05,GREEN,
804680,2033,2025-12-24 13:48:05,10.99,3.8711171130939087e-05,GREEN,
820278,705,2025-12-31 13:01:09,11.73,3.845348187311389e-05,GREEN,
813088,3472,2025-12-28 10:04:42,10.07,3.821528548806332e-05,GREEN,hour
819759,865,2025-12-31 10:07:51,9.56,3.7743867317127915e-05,GREEN,hour
814910,1533,2025-12-29 06:08:29,9.34,3.769470862378753e-05,GREEN,hour
800978,2908,2025-12-22 18:52:59,16.42,3.760781447872263e-05,GREEN,
801098,2965,2025-12-22 20:38:49,15.8,3.669909813447427e-05,GREEN,
815786,440,2025-12-29 12:48:54,9.57,3.621015901257411e-05,GREEN,hour
805522,484,2025-12-24 19:47:37,15.95,3.496381774220371e-05,GREEN,
818284,1492,2025-12-30 14:27:33,7.11,3.436309851938595e-05,GREEN,
821153,3494,2025-12-31 18:11:11,10.03,3.426715699003117e-05,GREEN,log_hrs_since_prev
804865,2437,2025-12-24 14:43:55,10.9,3.381218020688406e-05,GREEN,
812439,1413,2025-12-27 21:37:18,11.47,3.372339939971093e-05,GREEN,
810000,3076,2025-12-26 19:06:32,12.9,3.350002073799082e-05,GREEN,
812434,3284,2025-12-27 21:28:44,11.03,3.291169968713448e-05,GREEN,
816726,1056,2025-12-29 19:10:12,11.81,3.254150475142195e-05,GREEN,
801108,511,2025-12-22 20:49:50,9.43,3.2250488838835226e-05,GREEN,log_hrs_since_prev
807539,3408,2025-12-25 17:29:13,7.45,3.2210049965730485e-05,GREEN,log_hrs_since_prev
818360,2772,2025-12-30 14:54:34,8.06,3.119571140029146e-05,GREEN,
814660,2056,2025-12-28 20:46:48,11.18,3.105686130513112e-05,GREEN,log_hrs_since_prev
820172,3120,2025-12-31 12:29:24,8.47,2.9588812174490718e-05,GREEN,hour
816053,688,2025-12-29 14:24:31,4.83,2.941721090742478e-05,GREEN,log_hrs_since_prev
815277,1482,2025-12-29 09:38:03,4.3,2.9168344895602413e-05,GREEN,hour
820885,3416,2025-12-31 16:12:52,10.46,2.9011278398615546e-05,GREEN,
805165,1764,2025-12-24 16:25:41,9.05,2.8146620109032247e-05,GREEN,
820987,1040,2025-12-31 16:55:00,8.22,2.7915714375665562e-05,GREEN,
807104,2990,2025-12-25 14:37:25,6.87,2.747378653868464e-05,GREEN,
817315,1403,2025-12-30 08:59:01,5.35,2.7224039339990713e-05,GREEN,hour
803854,2293,2025-12-24 09:05:10,3.62,2.7002410217591063e-05,GREEN,hour
810111,3188,2025-12-26 20:46:10,11.01,2.649117820572318e-05,GREEN,
799653,2884,2025-12-22 10:36:39,5.84,2.4675781442862083e-05,GREEN,"hour, log_hrs_since_prev"
812256,3192,2025-12-27 18:39:21,4.44,2.2732570548973845e-05,GREEN,
811918,2329,2025-12-27 16:02:07,5.41,2.267649575168031e-05,GREEN,
813062,940,2025-12-28 09:56:08,4.98,2.1976594846520105e-05,GREEN,hour
804402,981,2025-12-24 12:21:43,2.26,2.124489640579342e-05,GREEN,"log_hrs_since_prev, hour"
813083,3320,2025-12-28 10:02:54,3.93,2.1225795813172967e-05,GREEN,hour
805542,1694,2025-12-24 20:05:30,5.37,1.856773507391992e-05,GREEN,
820034,140,2025-12-31 11:50:41,3.12,1.610421060980211e-05,GREEN,hour
