customer_id,segment,region,tenure_years,declared_monthly_turnover,country_risk,is_pep,community_id
0,small_business,Kampot,,21050.0,low,0,0
1,retail_salaried,Phnom Penh,3.1,7110.0,low,0,0
2,small_business,Phnom Penh,2.7,48690.0,low,0,0
3,retail_self_employed,Kampot,2.9,3920.0,low,0,0
4,retail_salaried,Phnom Penh,1.0,2130.0,low,0,0
5,corporate,Phnom Penh,,532720.0,low,0,0
6,small_business,Siem Reap,6.7,65230.0,low,0,0
7,small_business,Kampot,0.6,36180.0,low,0,0
8,retail_salaried,Siem Reap,12.0,,low,0,0
9,retail_salaried,Kampot,4.6,5910.0,medium,0,0
10,retail_salaried,Siem Reap,7.1,3310.0,low,0,1
11,cash_intensive,Battambang,14.4,114170.0,low,0,1
12,retail_self_employed,Phnom Penh,8.3,2610.0,high,0,1
13,small_business,Phnom Penh,1.4,129200.0,low,0,1
14,Retail Salaried,Siem Reap,2.6,3650.0,low,0,1
15,retail_salaried,Phnom Penh,1.0,1230.0,low,0,1
16,retail_self_employed,Kampot,2.2,2900.0,low,0,1
17,retail_salaried,Kampot,8.7,2500.0,low,0,1
18,small_business,Sihanoukville,7.9,31390.0,low,0,1
19,retail_self_employed,Kampot,2.1,5730.0,medium,0,1
20,small_business,Phnom Penh,12.9,33310.0,low,0,2
21,retail_salaried,Sihanoukville,9.6,5940.0,low,0,2
22,corporate,Phnom Penh,6.5,304190.0,low,0,2
23,cash_intensive,Siem Reap,3.0,,low,0,2
24,small_business,Battambang,15.2,34220.0,low,0,2
25,retail_salaried,Phnom Penh,3.8,1180.0,low,0,2
26,retail_salaried,Battambang,3.5,6740.0,low,0,2
27,retail_salaried,Siem Reap,4.1,3410.0,low,0,2
28,retail_salaried,Siem Reap,12.0,7620.0,low,0,2
29,Retail Self Employed,Sihanoukville,5.7,7980.0,medium,0,2
30,retail_self_employed,Kampot,4.5,11950.0,medium,0,3
31,corporate,Phnom Penh,10.8,183630.0,low,0,3
32,retail_salaried,Phnom Penh,19.0,4440.0,low,0,3
33,retail_salaried,Phnom Penh,4.7,9220.0,low,0,3
34,retail_salaried,Phnom Penh,3.8,5540.0,low,0,3
35,retail_salaried,Phnom Penh,0.1,4060.0,low,0,3
36,retail_salaried,Siem Reap,5.0,4390.0,low,0,3
37,retail_salaried,Sihanoukville,9.4,830.0,low,0,3
38,retail_salaried,Sihanoukville,6.4,2090.0,low,0,3
39,retail_self_employed,Phnom Penh,11.0,4320.0,low,0,3
40,retail_salaried,Phnom Penh,5.3,800.0,low,0,4
41,small_business,Phnom Penh,8.6,23700.0,low,0,4
42,retail_self_employed,Siem Reap,3.7,2030.0,low,0,4
43,retail_salaried,Sihanoukville,5.4,4220.0,low,0,4
44,small_business,Phnom Penh,1.4,9030.0,low,0,4
45,small_business,Siem Reap,3.0,19870.0,low,0,4
46,retail_salaried,Phnom Penh,8.9,5370.0,medium,0,4
47,retail_salaried,Phnom Penh,9.6,12610.0,low,0,4
48,retail_self_employed,Siem Reap,2.6,21680.0,low,0,4
49,Retail Salaried,Siem Reap,6.1,710.0,low,0,4
50,retail_salaried,Kampot,6.5,7690.0,low,0,5
51,retail_salaried,Kampot,2.8,3610.0,low,0,5
52,small_business,Phnom Penh,1.9,11490.0,low,0,5
53,retail_self_employed,Sihanoukville,3.5,7350.0,low,0,5
54,retail_self_employed,Phnom Penh,,5850.0,low,0,5
55,Small Business,Battambang,4.2,11980.0,low,0,5
56,retail_salaried,Siem Reap,1.5,1280.0,low,0,5
57,retail_self_employed,Phnom Penh,7.4,1260.0,low,0,5
58,retail_salaried,Phnom Penh,7.3,1030.0,low,0,5
59,retail_salaried,Phnom Penh,1.2,2750.0,low,0,5
60,Retail Self Employed,Phnom Penh,0.7,17510.0,low,0,6
61,retail_salaried,Phnom Penh,0.8,1560.0,low,0,6
62,retail_self_employed,Phnom Penh,6.3,6340.0,low,0,6
63,small_business,Battambang,7.0,,low,0,6
64,retail_self_employed,Siem Reap,6.8,5600.0,low,0,6
65,retail_self_employed,Battambang,3.3,,low,0,6
66,retail_self_employed,Phnom Penh,3.4,10280.0,low,0,6
67,retail_salaried,Battambang,0.5,1740.0,medium,0,6
68,retail_salaried,Phnom Penh,7.7,2870.0,low,0,6
69,retail_salaried,Kampot,5.1,1030.0,low,0,6
70,retail_salaried,Phnom Penh,2.2,,low,0,7
71,retail_salaried,Siem Reap,13.5,1510.0,low,0,7
72,small_business,Sihanoukville,8.5,11870.0,low,0,7
73,retail_salaried,Sihanoukville,2.4,1060.0,low,0,7
74,retail_salaried,Phnom Penh,0.4,880.0,low,0,7
75,retail_salaried,Phnom Penh,3.4,5130.0,low,0,7
76,retail_salaried,Kampot,1.9,3040.0,low,0,7
77,retail_self_employed,Battambang,10.2,14640.0,low,0,7
78,retail_self_employed,Phnom Penh,5.3,5450.0,low,0,7
79,small_business,Phnom Penh,2.5,11710.0,medium,0,7
80,retail_self_employed,Phnom Penh,4.7,2730.0,low,0,8
81,retail_salaried,Phnom Penh,1.7,3130.0,low,0,8
82,small_business,Phnom Penh,9.0,11830.0,low,0,8
83,retail_salaried,Siem Reap,2.5,4100.0,low,0,8
84,retail_salaried,Phnom Penh,2.0,4530.0,low,0,8
85,retail_salaried,Phnom Penh,5.9,3590.0,low,0,8
86,retail_self_employed,Siem Reap,12.1,3340.0,low,0,8
87,retail_salaried,Sihanoukville,6.4,7650.0,low,0,8
88,retail_salaried,Siem Reap,3.6,,low,0,8
89,retail_salaried,Phnom Penh,0.4,2260.0,low,0,8
90,retail_salaried,Sihanoukville,,6120.0,medium,0,9
91,Retail Self Employed,Phnom Penh,4.1,1270.0,medium,0,9
92,retail_salaried,Siem Reap,2.4,1080.0,low,0,9
93,retail_salaried,Kampot,,610.0,low,0,9
94,retail_salaried,Phnom Penh,3.3,2860.0,low,0,9
95,retail_self_employed,Sihanoukville,9.8,4240.0,low,0,9
96,retail_salaried,Siem Reap,6.4,1730.0,low,0,9
97,retail_salaried,Phnom Penh,5.2,2660.0,low,0,9
98,retail_salaried,Sihanoukville,2.5,,low,0,9
99,corporate,Battambang,17.1,176610.0,low,0,9
100,cash_intensive,Phnom Penh,16.0,45030.0,low,0,10
101,retail_self_employed,Siem Reap,3.2,7800.0,low,0,10
102,retail_salaried,Phnom Penh,2.9,2190.0,low,0,10
103,corporate,Kampot,3.7,232060.0,low,0,10
104,small_business,Phnom Penh,7.5,33360.0,medium,0,10
105,retail_self_employed,Siem Reap,3.0,4330.0,low,0,10
106,retail_salaried,Siem Reap,1.4,2100.0,low,0,10
107,retail_salaried,Siem Reap,4.1,11220.0,low,0,10
108,retail_salaried,Kampot,8.5,2780.0,low,0,10
109,cash_intensive,Phnom Penh,,43720.0,low,0,10
110,Retail Salaried,Phnom Penh,2.3,3060.0,low,0,11
111,retail_salaried,Sihanoukville,4.0,3020.0,low,0,11
112,retail_salaried,Phnom Penh,9.8,2500.0,low,0,11
113,retail_self_employed,Battambang,17.6,13960.0,medium,0,11
114,retail_salaried,Phnom Penh,2.0,4550.0,low,0,11
115,small_business,Siem Reap,8.5,59540.0,low,0,11
116,small_business,Phnom Penh,7.1,42650.0,low,0,11
117,retail_self_employed,Phnom Penh,8.5,3000.0,low,0,11
118,retail_salaried,Phnom Penh,5.3,3030.0,high,0,11
119,retail_self_employed,Phnom Penh,0.8,2630.0,low,0,11
120,retail_self_employed,Phnom Penh,9.9,7130.0,low,0,12
121,retail_self_employed,Phnom Penh,1.0,1570.0,low,0,12
122,retail_salaried,Siem Reap,7.1,2510.0,medium,0,12
123,retail_salaried,Phnom Penh,6.5,6610.0,low,0,12
124,retail_salaried,Phnom Penh,1.0,1560.0,low,0,12
125,retail_salaried,Phnom Penh,3.2,10620.0,low,0,12
126,retail_salaried,Siem Reap,4.3,2090.0,medium,0,12
127,retail_salaried,Phnom Penh,5.7,1690.0,low,0,12
128,retail_salaried,Sihanoukville,7.8,1750.0,low,0,12
129,retail_self_employed,Kampot,,8430.0,low,0,12
130,retail_salaried,Phnom Penh,10.6,1070.0,low,0,13
131,cash_intensive,Phnom Penh,0.9,51520.0,low,0,13
132,retail_self_employed,Phnom Penh,4.5,5960.0,low,0,13
133,retail_salaried,Phnom Penh,1.9,2320.0,low,0,13
134,retail_self_employed,Battambang,3.1,8340.0,low,0,13
135,retail_salaried,Phnom Penh,2.0,3110.0,low,0,13
136,corporate,Phnom Penh,2.3,499520.0,low,0,13
137,retail_salaried,Phnom Penh,0.8,800.0,low,0,13
138,small_business,Siem Reap,1.2,104460.0,low,0,13
139,retail_salaried,Phnom Penh,3.9,3960.0,medium,0,13
140,retail_salaried,Phnom Penh,1.2,4970.0,medium,0,14
141,retail_salaried,Phnom Penh,0.2,1380.0,low,1,14
142,cash_intensive,Phnom Penh,4.9,148780.0,low,0,14
143,retail_self_employed,Phnom Penh,3.7,7450.0,low,0,14
144,retail_salaried,Siem Reap,7.6,1380.0,low,0,14
145,retail_salaried,Phnom Penh,8.2,2240.0,high,0,14
146,retail_salaried,Sihanoukville,9.2,16140.0,low,0,14
147,retail_salaried,Phnom Penh,7.6,17540.0,low,0,14
148,retail_salaried,Sihanoukville,6.2,,low,0,14
149,retail_salaried,Phnom Penh,2.1,680.0,low,0,14
150,small_business,Phnom Penh,8.9,25530.0,low,0,15
151,cash_intensive,Phnom Penh,4.4,57640.0,medium,0,15
152,retail_salaried,Kampot,1.8,3930.0,low,0,15
153,retail_self_employed,Phnom Penh,4.9,,low,0,15
154,retail_salaried,Sihanoukville,10.8,3250.0,low,0,15
155,retail_self_employed,Phnom Penh,1.4,4860.0,low,0,15
156,Retail Salaried,Phnom Penh,,,medium,0,15
157,retail_self_employed,Kampot,1.9,1100.0,medium,0,15
158,retail_self_employed,Phnom Penh,,4160.0,low,0,15
159,small_business,Phnom Penh,1.7,36210.0,low,0,15
160,retail_salaried,Phnom Penh,11.0,1580.0,low,0,16
161,cash_intensive,Sihanoukville,3.6,57710.0,medium,0,16
162,retail_salaried,Phnom Penh,8.1,12210.0,medium,0,16
163,retail_salaried,Phnom Penh,4.4,4750.0,low,0,16
164,retail_self_employed,Phnom Penh,5.9,2870.0,low,0,16
165,retail_salaried,Battambang,2.0,2700.0,low,0,16
166,small_business,Phnom Penh,9.6,46310.0,low,0,16
167,small_business,Siem Reap,4.4,37000.0,medium,0,16
168,retail_salaried,Sihanoukville,1.7,850.0,low,0,16
169,corporate,Siem Reap,15.0,149290.0,low,0,16
170,retail_salaried,Kampot,0.9,1520.0,low,0,17
171,retail_salaried,Sihanoukville,3.2,1220.0,medium,0,17
172,retail_salaried,Phnom Penh,5.7,1130.0,low,0,17
173,cash_intensive,Siem Reap,3.4,72000.0,low,0,17
174,retail_salaried,Phnom Penh,3.3,10030.0,low,0,17
175,retail_salaried,Battambang,4.7,2410.0,low,0,17
176,retail_salaried,Siem Reap,4.4,7970.0,medium,0,17
177,corporate,Phnom Penh,7.6,678980.0,low,0,17
178,cash_intensive,Siem Reap,0.8,48380.0,low,0,17
179,Retail Self Employed,Phnom Penh,4.2,13160.0,low,0,17
180,cash_intensive,Phnom Penh,6.8,28950.0,low,0,18
181,cash_intensive,Phnom Penh,1.8,102190.0,high,0,18
182,retail_salaried,Siem Reap,3.9,11130.0,low,0,18
183,retail_salaried,Phnom Penh,4.5,16730.0,low,0,18
184,Small Business,Phnom Penh,2.9,63580.0,low,0,18
185,retail_self_employed,Battambang,0.5,8980.0,low,0,18
186,retail_salaried,Sihanoukville,2.4,2850.0,low,0,18
187,retail_salaried,Phnom Penh,12.6,1400.0,low,0,18
188,retail_self_employed,Siem Reap,13.6,,low,0,18
189,retail_salaried,Phnom Penh,0.5,,low,0,18
190,cash_intensive,Phnom Penh,0.5,,low,0,19
191,retail_salaried,Siem Reap,1.4,3050.0,low,0,19
192,retail_salaried,Phnom Penh,3.9,1740.0,low,0,19
193,small_business,Siem Reap,3.7,31460.0,low,0,19
194,retail_salaried,Phnom Penh,2.6,1990.0,low,0,19
195,retail_salaried,Sihanoukville,14.8,980.0,medium,0,19
196,retail_self_employed,Phnom Penh,4.8,1570.0,low,0,19
197,small_business,Phnom Penh,2.4,,low,0,19
198,retail_salaried,Siem Reap,1.0,5250.0,medium,0,19
199,retail_salaried,Kampot,,2150.0,medium,0,19
200,small_business,Sihanoukville,7.9,90760.0,low,0,20
201,corporate,Phnom Penh,3.6,,low,0,20
202,retail_salaried,Siem Reap,2.6,3790.0,low,0,20
203,retail_salaried,Phnom Penh,0.9,1010.0,low,0,20
204,retail_salaried,Phnom Penh,9.2,3170.0,low,0,20
205,retail_salaried,Battambang,2.3,2510.0,medium,0,20
206,retail_salaried,Battambang,4.5,4290.0,low,0,20
207,retail_self_employed,Siem Reap,4.5,8500.0,low,0,20
208,retail_salaried,Kampot,2.0,1320.0,low,0,20
209,retail_salaried,Battambang,8.1,2890.0,low,0,20
210,Retail Self Employed,Sihanoukville,0.7,4480.0,low,0,21
211,retail_self_employed,Siem Reap,0.9,4470.0,low,0,21
212,retail_salaried,Sihanoukville,2.1,5220.0,low,0,21
213,small_business,Siem Reap,3.2,54990.0,low,0,21
214,retail_self_employed,Phnom Penh,2.8,4960.0,low,0,21
215,retail_self_employed,Sihanoukville,2.1,4090.0,low,0,21
216,retail_salaried,Kampot,4.2,1410.0,low,0,21
217,retail_salaried,Phnom Penh,1.8,,low,0,21
218,cash_intensive,Siem Reap,1.7,27080.0,low,0,21
219,retail_salaried,Phnom Penh,4.3,,low,0,21
220,retail_salaried,Phnom Penh,4.8,24470.0,low,0,22
221,retail_salaried,Sihanoukville,10.2,,low,0,22
222,retail_self_employed,Phnom Penh,,,low,0,22
223,corporate,Phnom Penh,11.6,489450.0,low,0,22
224,retail_salaried,Sihanoukville,8.3,1680.0,low,0,22
225,cash_intensive,Phnom Penh,,29050.0,low,0,22
226,retail_salaried,Phnom Penh,5.9,1490.0,low,0,22
227,retail_self_employed,Sihanoukville,2.6,3180.0,low,0,22
228,retail_self_employed,Phnom Penh,5.6,18220.0,low,0,22
229,retail_salaried,Phnom Penh,2.1,810.0,low,0,22
230,Retail Salaried,Phnom Penh,5.2,2170.0,low,0,23
231,Retail Salaried,Phnom Penh,1.0,1460.0,low,0,23
232,corporate,Phnom Penh,0.4,516750.0,low,0,23
233,retail_self_employed,Phnom Penh,2.2,12930.0,low,0,23
234,cash_intensive,Sihanoukville,4.1,58560.0,low,0,23
235,small_business,Kampot,2.8,43230.0,low,0,23
236,retail_salaried,Sihanoukville,6.0,4170.0,low,0,23
237,small_business,Siem Reap,6.1,72520.0,low,0,23
238,retail_salaried,Sihanoukville,0.7,4670.0,low,0,23
239,retail_salaried,Phnom Penh,5.0,4860.0,low,0,23
240,small_business,Sihanoukville,10.1,47680.0,low,0,24
241,small_business,Battambang,7.9,17590.0,low,0,24
242,retail_salaried,Phnom Penh,8.3,720.0,low,0,24
243,retail_salaried,Siem Reap,11.1,2880.0,low,0,24
244,retail_self_employed,Phnom Penh,2.8,5440.0,low,0,24
245,small_business,Phnom Penh,7.6,37810.0,low,0,24
246,retail_self_employed,Battambang,11.8,5020.0,low,0,24
247,Retail Salaried,Siem Reap,6.4,890.0,low,0,24
248,retail_salaried,Phnom Penh,8.7,3550.0,medium,0,24
249,retail_salaried,Siem Reap,1.0,3180.0,low,0,24
250,retail_self_employed,Phnom Penh,5.4,1590.0,low,0,25
251,Small Business,Phnom Penh,6.9,39100.0,low,0,25
252,retail_salaried,Phnom Penh,6.1,,low,0,25
253,retail_salaried,Phnom Penh,9.6,,low,0,25
254,retail_salaried,Sihanoukville,5.8,2510.0,low,0,25
255,retail_self_employed,Phnom Penh,2.4,2480.0,low,0,25
256,small_business,Phnom Penh,5.8,68370.0,low,0,25
257,retail_salaried,Battambang,9.2,4530.0,low,0,25
258,retail_salaried,Phnom Penh,0.6,760.0,medium,0,25
259,retail_self_employed,Battambang,6.9,,low,0,25
260,retail_salaried,Phnom Penh,,2300.0,low,0,26
261,small_business,Siem Reap,2.2,25910.0,low,0,26
262,retail_salaried,Phnom Penh,5.4,740.0,low,0,26
263,retail_salaried,Battambang,,1800.0,low,0,26
264,cash_intensive,Siem Reap,,78250.0,low,0,26
265,retail_salaried,Phnom Penh,3.1,4410.0,low,0,26
266,retail_salaried,Phnom Penh,4.7,1170.0,medium,0,26
267,retail_salaried,Sihanoukville,5.3,2510.0,low,0,26
268,retail_salaried,Battambang,3.7,2680.0,low,0,26
269,retail_salaried,Sihanoukville,3.7,940.0,high,0,26
270,retail_salaried,Phnom Penh,2.8,3360.0,low,0,27
271,retail_salaried,Phnom Penh,3.0,5380.0,low,0,27
272,retail_salaried,Sihanoukville,4.2,1530.0,low,0,27
273,retail_self_employed,Phnom Penh,4.2,,low,0,27
274,retail_self_employed,Kampot,1.2,1690.0,low,0,27
275,retail_salaried,Siem Reap,4.3,870.0,low,0,27
276,retail_salaried,Kampot,,4150.0,high,0,27
277,retail_salaried,Battambang,1.8,2510.0,low,0,27
278,small_business,Siem Reap,6.8,12110.0,low,0,27
279,small_business,Kampot,9.0,35810.0,low,0,27
280,retail_salaried,Siem Reap,10.0,1060.0,low,0,28
281,retail_salaried,Phnom Penh,1.7,2840.0,medium,0,28
282,retail_salaried,Phnom Penh,6.8,3060.0,medium,0,28
283,Retail Salaried,Phnom Penh,3.1,,low,0,28
284,retail_self_employed,Phnom Penh,3.1,10040.0,low,0,28
285,retail_salaried,Kampot,3.9,4160.0,low,0,28
286,retail_salaried,Kampot,10.5,1210.0,low,0,28
287,retail_salaried,Phnom Penh,2.1,,medium,0,28
288,retail_salaried,Kampot,1.8,1730.0,low,0,28
289,retail_salaried,Phnom Penh,13.3,3690.0,medium,0,28
290,small_business,Battambang,6.6,40420.0,low,0,29
291,retail_salaried,Siem Reap,1.2,940.0,low,0,29
292,cash_intensive,Siem Reap,,43770.0,low,0,29
293,retail_salaried,Phnom Penh,7.1,1870.0,medium,0,29
294,small_business,Battambang,6.7,50710.0,low,0,29
295,cash_intensive,Phnom Penh,,40000.0,low,0,29
296,corporate,Phnom Penh,1.4,86630.0,medium,0,29
297,small_business,Phnom Penh,3.7,12840.0,low,0,29
298,small_business,Siem Reap,3.1,14320.0,low,0,29
299,retail_self_employed,Phnom Penh,3.2,,low,0,29
300,small_business,Phnom Penh,8.3,27160.0,low,0,30
301,retail_salaried,Kampot,0.6,,low,0,30
302,retail_salaried,Phnom Penh,9.8,2850.0,low,0,30
303,retail_salaried,Phnom Penh,3.6,3550.0,low,0,30
304,small_business,Phnom Penh,3.9,106810.0,medium,0,30
305,retail_salaried,Kampot,1.4,2120.0,low,0,30
306,retail_salaried,Phnom Penh,5.2,740.0,low,0,30
307,retail_self_employed,Phnom Penh,3.8,4400.0,low,0,30
308,retail_salaried,Battambang,7.2,620.0,medium,0,30
309,retail_salaried,Phnom Penh,9.4,4340.0,medium,0,30
310,Retail Salaried,Siem Reap,5.4,1530.0,low,0,31
311,retail_salaried,Sihanoukville,4.3,8820.0,low,0,31
312,retail_salaried,Phnom Penh,3.7,1740.0,medium,0,31
313,retail_salaried,Siem Reap,1.3,5650.0,medium,0,31
314,Retail Salaried,Kampot,1.7,4990.0,low,0,31
315,retail_salaried,Phnom Penh,7.1,1130.0,low,0,31
316,retail_salaried,Kampot,0.5,1100.0,low,0,31
317,retail_self_employed,Phnom Penh,2.9,4640.0,low,0,31
318,retail_salaried,Sihanoukville,5.5,2840.0,low,0,31
319,cash_intensive,Kampot,4.1,58470.0,low,0,31
320,cash_intensive,Phnom Penh,5.8,190120.0,low,0,32
321,retail_salaried,Kampot,0.6,2090.0,low,0,32
322,retail_salaried,Phnom Penh,1.2,1450.0,low,0,32
323,retail_salaried,Siem Reap,,1420.0,low,0,32
324,small_business,Siem Reap,6.2,24180.0,low,0,32
325,retail_self_employed,Siem Reap,6.2,1320.0,low,0,32
326,small_business,Battambang,3.3,39400.0,low,0,32
327,retail_salaried,Phnom Penh,3.8,1300.0,low,0,32
328,retail_self_employed,Phnom Penh,,2750.0,low,0,32
329,retail_salaried,Kampot,1.2,3170.0,low,0,32
330,retail_self_employed,Phnom Penh,2.1,6560.0,medium,0,33
331,retail_salaried,Phnom Penh,0.6,4240.0,low,0,33
332,retail_self_employed,Sihanoukville,6.7,2620.0,low,0,33
333,small_business,Phnom Penh,6.2,16330.0,low,0,33
334,retail_salaried,Siem Reap,6.0,,medium,0,33
335,retail_self_employed,Phnom Penh,4.4,5440.0,low,0,33
336,retail_salaried,Battambang,1.0,2240.0,low,0,33
337,retail_self_employed,Phnom Penh,2.1,2770.0,low,0,33
338,retail_salaried,Siem Reap,8.3,5920.0,low,0,33
339,cash_intensive,Siem Reap,8.2,16830.0,low,0,33
340,retail_salaried,Battambang,2.7,,low,0,34
341,corporate,Phnom Penh,6.3,94320.0,low,0,34
342,small_business,Siem Reap,9.6,17390.0,medium,0,34
343,retail_self_employed,Sihanoukville,2.9,15890.0,low,0,34
344,small_business,Siem Reap,2.9,,low,0,34
345,small_business,Siem Reap,8.1,30950.0,low,0,34
346,cash_intensive,Siem Reap,5.7,59080.0,low,0,34
347,retail_salaried,Siem Reap,5.5,4770.0,low,0,34
348,retail_self_employed,Phnom Penh,1.9,8060.0,low,0,34
349,retail_salaried,Phnom Penh,1.1,2300.0,low,0,34
350,retail_self_employed,Phnom Penh,1.7,20920.0,low,0,35
351,retail_salaried,Phnom Penh,3.5,2260.0,low,0,35
352,retail_self_employed,Phnom Penh,0.7,4860.0,low,0,35
353,retail_self_employed,Sihanoukville,2.6,7500.0,low,0,35
354,retail_salaried,Siem Reap,0.7,1030.0,low,0,35
355,retail_salaried,Siem Reap,3.0,1900.0,medium,0,35
356,small_business,Phnom Penh,11.1,25310.0,high,0,35
357,small_business,Phnom Penh,0.6,13890.0,low,0,35
358,retail_salaried,Phnom Penh,9.4,4070.0,low,0,35
359,retail_self_employed,Phnom Penh,2.1,,low,0,35
360,cash_intensive,Siem Reap,9.7,10310.0,low,0,36
361,retail_salaried,Siem Reap,4.3,1320.0,low,0,36
362,retail_salaried,Phnom Penh,,1960.0,low,0,36
363,retail_salaried,Phnom Penh,8.3,1330.0,low,0,36
364,retail_self_employed,Kampot,3.0,4470.0,low,0,36
365,retail_salaried,Kampot,2.9,2490.0,low,0,36
366,small_business,Sihanoukville,4.6,14410.0,medium,0,36
367,retail_self_employed,Sihanoukville,7.3,3420.0,low,0,36
368,retail_salaried,Siem Reap,,2570.0,medium,0,36
369,cash_intensive,Siem Reap,7.4,82440.0,low,0,36
370,small_business,Phnom Penh,13.3,38240.0,low,0,37
371,retail_salaried,Kampot,4.9,2350.0,low,0,37
372,retail_salaried,Battambang,4.4,1660.0,low,0,37
373,retail_salaried,Kampot,4.3,,low,0,37
374,retail_salaried,Phnom Penh,9.5,1910.0,medium,1,37
375,retail_salaried,Phnom Penh,3.2,2130.0,low,0,37
376,cash_intensive,Phnom Penh,4.0,12690.0,low,0,37
377,retail_salaried,Siem Reap,11.7,3030.0,low,0,37
378,retail_salaried,Siem Reap,10.6,1040.0,low,0,37
379,retail_self_employed,Phnom Penh,2.8,1880.0,low,0,37
380,retail_self_employed,Kampot,4.0,10330.0,low,0,38
381,cash_intensive,Battambang,1.6,28200.0,low,0,38
382,small_business,Kampot,3.6,,low,0,38
383,retail_salaried,Sihanoukville,7.0,880.0,low,0,38
384,retail_salaried,Battambang,0.5,3090.0,low,0,38
385,corporate,Siem Reap,9.3,178800.0,high,0,38
386,Retail Self Employed,Sihanoukville,5.5,12980.0,low,0,38
387,corporate,Phnom Penh,3.7,125870.0,low,0,38
388,retail_salaried,Siem Reap,5.6,2510.0,low,0,38
389,small_business,Siem Reap,7.4,14160.0,low,0,38
390,Retail Self Employed,Phnom Penh,3.3,1910.0,low,0,39
391,retail_salaried,Sihanoukville,3.6,3220.0,low,0,39
392,retail_self_employed,Battambang,1.9,1550.0,low,0,39
393,retail_self_employed,Sihanoukville,5.3,5090.0,low,0,39
394,retail_salaried,Siem Reap,2.1,1140.0,low,0,39
395,retail_salaried,Phnom Penh,2.9,1000.0,low,0,39
396,small_business,Sihanoukville,2.4,32430.0,low,0,39
397,retail_salaried,Phnom Penh,3.0,,low,0,39
398,retail_salaried,Phnom Penh,1.2,660.0,low,0,39
399,retail_salaried,Phnom Penh,2.8,3000.0,low,0,39
400,retail_salaried,Kampot,0.9,1370.0,low,0,40
401,cash_intensive,Phnom Penh,7.7,72520.0,low,0,40
402,small_business,Phnom Penh,3.5,11930.0,low,0,40
403,retail_salaried,Sihanoukville,1.1,7230.0,low,0,40
404,corporate,Phnom Penh,4.2,175270.0,low,0,40
405,small_business,Phnom Penh,4.3,20440.0,low,0,40
406,retail_salaried,Phnom Penh,4.8,1850.0,low,0,40
407,small_business,Sihanoukville,,76340.0,low,0,40
408,retail_salaried,Phnom Penh,1.2,2080.0,low,1,40
409,corporate,Siem Reap,6.7,,medium,0,40
410,retail_self_employed,Kampot,1.5,4310.0,low,0,41
411,retail_self_employed,Phnom Penh,6.1,5880.0,low,0,41
412,retail_salaried,Phnom Penh,4.3,1160.0,low,0,41
413,cash_intensive,Sihanoukville,4.8,154820.0,low,0,41
414,retail_salaried,Phnom Penh,11.0,1830.0,low,0,41
415,retail_salaried,Phnom Penh,3.4,1420.0,low,0,41
416,retail_salaried,Phnom Penh,2.4,2290.0,medium,0,41
417,small_business,Phnom Penh,8.4,30170.0,low,0,41
418,Retail Salaried,Siem Reap,4.9,3190.0,high,0,41
419,cash_intensive,Phnom Penh,11.6,21970.0,low,0,41
420,retail_self_employed,Siem Reap,10.9,7120.0,low,0,42
421,retail_salaried,Phnom Penh,5.0,960.0,low,0,42
422,retail_salaried,Sihanoukville,4.1,630.0,low,0,42
423,retail_salaried,Phnom Penh,1.9,3960.0,low,0,42
424,retail_self_employed,Sihanoukville,2.5,7760.0,medium,0,42
425,small_business,Siem Reap,2.6,24380.0,low,0,42
426,retail_salaried,Phnom Penh,6.8,4760.0,low,0,42
427,small_business,Siem Reap,8.1,6140.0,low,0,42
428,retail_salaried,Sihanoukville,4.1,3530.0,low,0,42
429,small_business,Kampot,1.2,123960.0,medium,0,42
430,cash_intensive,Sihanoukville,3.0,40990.0,low,0,43
431,small_business,Phnom Penh,7.0,48530.0,low,0,43
432,retail_self_employed,Phnom Penh,,,low,0,43
433,small_business,Siem Reap,2.9,12120.0,low,0,43
434,retail_salaried,Phnom Penh,7.9,480.0,medium,0,43
435,retail_salaried,Phnom Penh,2.2,2050.0,medium,0,43
436,retail_salaried,Battambang,0.9,1400.0,low,0,43
437,retail_salaried,Kampot,7.5,910.0,low,0,43
438,retail_self_employed,Phnom Penh,2.7,6380.0,medium,0,43
439,retail_self_employed,Phnom Penh,8.8,5270.0,low,0,43
440,small_business,Siem Reap,4.6,13640.0,low,0,44
441,Retail Salaried,Phnom Penh,4.8,5580.0,low,0,44
442,retail_self_employed,Phnom Penh,5.6,4270.0,low,0,44
443,retail_salaried,Phnom Penh,5.1,4170.0,low,0,44
444,retail_salaried,Phnom Penh,4.7,780.0,medium,0,44
445,retail_self_employed,Phnom Penh,4.0,11570.0,low,0,44
446,corporate,Phnom Penh,2.4,329970.0,low,0,44
447,retail_self_employed,Sihanoukville,4.3,3440.0,medium,0,44
448,retail_salaried,Siem Reap,2.7,890.0,low,0,44
449,retail_self_employed,Phnom Penh,17.1,11730.0,high,0,44
450,retail_salaried,Battambang,3.6,5060.0,low,0,45
451,cash_intensive,Phnom Penh,8.0,65450.0,low,0,45
452,retail_self_employed,Phnom Penh,4.4,6750.0,low,0,45
453,retail_salaried,Phnom Penh,9.9,1900.0,low,0,45
454,retail_salaried,Siem Reap,4.0,890.0,low,0,45
455,retail_salaried,Phnom Penh,0.4,1620.0,low,0,45
456,Corporate,Kampot,4.8,426730.0,low,0,45
457,retail_salaried,Siem Reap,5.9,4340.0,low,0,45
458,small_business,Siem Reap,5.5,5310.0,low,0,45
459,retail_self_employed,Phnom Penh,2.5,,medium,0,45
460,retail_self_employed,Phnom Penh,1.7,5040.0,low,0,46
461,retail_salaried,Siem Reap,12.2,2440.0,low,0,46
462,Cash Intensive,Battambang,2.9,65610.0,low,0,46
463,retail_salaried,Phnom Penh,3.2,,low,0,46
464,retail_self_employed,Phnom Penh,2.1,7460.0,medium,0,46
465,retail_self_employed,Phnom Penh,5.3,3500.0,low,0,46
466,Retail Self Employed,Sihanoukville,3.4,11060.0,low,0,46
467,cash_intensive,Phnom Penh,0.5,32100.0,low,0,46
468,retail_salaried,Battambang,9.5,2910.0,low,0,46
469,retail_salaried,Phnom Penh,4.4,1100.0,low,0,46
470,retail_salaried,Sihanoukville,5.7,2590.0,low,0,47
471,retail_salaried,Sihanoukville,2.3,1880.0,low,0,47
472,retail_salaried,Siem Reap,7.2,940.0,low,0,47
473,retail_salaried,Siem Reap,4.1,1420.0,medium,0,47
474,retail_salaried,Phnom Penh,6.1,950.0,low,0,47
475,retail_salaried,Sihanoukville,8.2,1100.0,low,0,47
476,retail_salaried,Phnom Penh,6.5,1420.0,low,0,47
477,retail_self_employed,Kampot,2.5,6620.0,low,0,47
478,retail_self_employed,Siem Reap,19.3,2770.0,low,0,47
479,retail_salaried,Phnom Penh,1.7,11590.0,low,0,47
480,retail_salaried,Kampot,2.0,4960.0,low,0,48
481,retail_salaried,Battambang,3.2,3170.0,low,0,48
482,retail_self_employed,Kampot,2.3,14010.0,low,0,48
483,retail_salaried,Sihanoukville,9.4,2070.0,low,0,48
484,retail_salaried,Siem Reap,4.1,710.0,low,0,48
485,retail_salaried,Battambang,1.9,1460.0,low,0,48
486,retail_salaried,Phnom Penh,0.9,2440.0,low,0,48
487,retail_salaried,Siem Reap,5.3,2180.0,low,0,48
488,retail_self_employed,Phnom Penh,4.3,1000.0,low,0,48
489,retail_self_employed,Battambang,13.3,2780.0,low,0,48
490,retail_self_employed,Phnom Penh,5.7,2250.0,low,0,49
491,retail_self_employed,Siem Reap,6.2,2770.0,low,0,49
492,retail_self_employed,Siem Reap,10.5,13780.0,low,0,49
493,retail_salaried,Phnom Penh,11.3,4880.0,low,0,49
494,small_business,Kampot,8.4,24520.0,low,0,49
495,retail_salaried,Phnom Penh,1.0,1300.0,low,0,49
496,retail_salaried,Phnom Penh,5.2,810.0,low,0,49
497,retail_self_employed,Sihanoukville,9.6,5600.0,low,0,49
498,retail_salaried,Sihanoukville,4.6,3700.0,low,0,49
499,retail_salaried,Phnom Penh,6.3,1740.0,low,0,49
500,Retail Self Employed,Phnom Penh,15.2,7410.0,low,0,50
501,cash_intensive,Phnom Penh,4.3,58790.0,low,0,50
502,cash_intensive,Phnom Penh,4.9,33520.0,low,0,50
503,retail_salaried,Phnom Penh,4.1,1300.0,low,0,50
504,retail_salaried,Phnom Penh,2.1,2470.0,low,0,50
505,small_business,Phnom Penh,,58360.0,low,0,50
506,retail_salaried,Phnom Penh,5.0,3040.0,low,0,50
507,Small Business,Phnom Penh,5.9,17170.0,low,0,50
508,retail_salaried,Phnom Penh,6.0,17140.0,low,0,50
509,Retail Salaried,Battambang,3.0,950.0,low,0,50
510,retail_salaried,Phnom Penh,10.4,1010.0,low,0,51
511,small_business,Sihanoukville,1.7,106210.0,low,0,51
512,retail_salaried,Phnom Penh,0.5,1530.0,low,0,51
513,retail_salaried,Sihanoukville,5.1,7000.0,low,0,51
514,retail_salaried,Phnom Penh,3.6,3970.0,low,0,51
515,retail_salaried,Kampot,6.8,7350.0,low,0,51
516,retail_salaried,Siem Reap,,2130.0,low,0,51
517,retail_self_employed,Phnom Penh,3.6,1010.0,low,0,51
518,retail_salaried,Phnom Penh,4.3,5190.0,low,1,51
519,small_business,Phnom Penh,3.6,30310.0,low,0,51
520,small_business,Phnom Penh,4.1,15480.0,low,1,52
521,retail_salaried,Phnom Penh,1.9,4940.0,low,0,52
522,retail_salaried,Phnom Penh,4.7,450.0,low,0,52
523,retail_self_employed,Phnom Penh,3.0,2500.0,low,0,52
524,retail_salaried,Phnom Penh,1.0,2540.0,low,0,52
525,retail_salaried,Siem Reap,5.2,1540.0,medium,0,52
526,corporate,Battambang,5.3,379110.0,low,0,52
527,corporate,Kampot,5.7,857870.0,low,0,52
528,small_business,Sihanoukville,7.0,18520.0,low,0,52
529,retail_salaried,Phnom Penh,1.0,2740.0,low,0,52
530,retail_self_employed,Battambang,,7230.0,high,0,53
531,retail_self_employed,Phnom Penh,11.0,6580.0,low,0,53
532,retail_salaried,Phnom Penh,3.2,2310.0,low,0,53
533,retail_self_employed,Siem Reap,6.5,11770.0,low,0,53
534,retail_salaried,Phnom Penh,1.7,4160.0,high,0,53
535,retail_salaried,Phnom Penh,5.0,1940.0,low,0,53
536,retail_salaried,Siem Reap,9.2,3420.0,low,0,53
537,retail_salaried,Phnom Penh,2.9,1590.0,low,0,53
538,retail_salaried,Phnom Penh,2.1,2620.0,medium,0,53
539,small_business,Siem Reap,8.2,23920.0,low,0,53
540,corporate,Siem Reap,3.0,87870.0,low,0,54
541,retail_self_employed,Phnom Penh,2.6,4810.0,low,0,54
542,small_business,Phnom Penh,6.3,14640.0,low,0,54
543,corporate,Siem Reap,0.3,172720.0,low,0,54
544,retail_salaried,Siem Reap,4.0,6300.0,low,0,54
545,retail_salaried,Phnom Penh,3.8,1630.0,low,0,54
546,retail_salaried,Phnom Penh,2.3,1680.0,low,0,54
547,retail_salaried,Phnom Penh,2.3,1810.0,low,0,54
548,small_business,Phnom Penh,6.1,26920.0,low,0,54
549,retail_salaried,Phnom Penh,9.9,1270.0,low,0,54
550,retail_salaried,Phnom Penh,2.2,1440.0,low,0,55
551,retail_salaried,Phnom Penh,1.2,1710.0,low,0,55
552,retail_salaried,Battambang,5.7,920.0,low,0,55
553,cash_intensive,Siem Reap,1.2,63060.0,low,0,55
554,retail_salaried,Phnom Penh,5.5,4120.0,medium,0,55
555,retail_salaried,Phnom Penh,6.0,2770.0,low,0,55
556,retail_salaried,Kampot,4.2,,low,0,55
557,retail_salaried,Battambang,1.7,,low,0,55
558,Retail Self Employed,Siem Reap,11.6,6990.0,low,0,55
559,retail_salaried,Phnom Penh,0.6,5550.0,low,0,55
560,retail_salaried,Kampot,2.2,980.0,low,0,56
561,retail_salaried,Sihanoukville,7.3,3780.0,low,0,56
562,small_business,Phnom Penh,3.5,22180.0,low,0,56
563,retail_self_employed,Phnom Penh,4.0,3180.0,low,0,56
564,retail_self_employed,Phnom Penh,9.5,5670.0,low,0,56
565,retail_self_employed,Battambang,5.6,940.0,low,0,56
566,small_business,Phnom Penh,4.7,43100.0,low,0,56
567,retail_salaried,Sihanoukville,2.1,680.0,low,0,56
568,Retail Salaried,Battambang,6.4,3720.0,low,0,56
569,retail_salaried,Phnom Penh,3.2,3500.0,low,0,56
570,retail_salaried,Sihanoukville,8.3,1510.0,low,0,57
571,small_business,Phnom Penh,6.8,19460.0,low,0,57
572,retail_salaried,Siem Reap,8.4,3360.0,low,0,57
573,small_business,Siem Reap,5.2,18010.0,low,0,57
574,small_business,Siem Reap,6.3,8000.0,low,0,57
575,retail_salaried,Battambang,15.8,1200.0,low,0,57
576,cash_intensive,Phnom Penh,2.9,,low,0,57
577,retail_self_employed,Kampot,18.4,7940.0,medium,0,57
578,small_business,Siem Reap,3.3,29570.0,low,0,57
579,retail_salaried,Phnom Penh,1.7,1180.0,low,0,57
580,retail_salaried,Siem Reap,11.0,1140.0,low,0,58
581,retail_salaried,Sihanoukville,,900.0,medium,0,58
582,retail_salaried,Siem Reap,12.7,4440.0,low,0,58
583,retail_salaried,Siem Reap,9.6,480.0,low,0,58
584,cash_intensive,Kampot,4.6,51040.0,low,0,58
585,retail_self_employed,Sihanoukville,4.3,7750.0,low,0,58
586,retail_salaried,Kampot,2.9,2760.0,low,0,58
587,retail_salaried,Kampot,6.8,3360.0,medium,0,58
588,retail_salaried,Kampot,2.0,880.0,low,0,58
589,retail_salaried,Phnom Penh,5.0,1470.0,low,0,58
590,cash_intensive,Phnom Penh,1.4,9810.0,low,0,59
591,retail_salaried,Phnom Penh,1.6,2900.0,low,0,59
592,retail_salaried,Phnom Penh,7.7,,low,0,59
593,retail_self_employed,Phnom Penh,6.2,11940.0,medium,0,59
594,retail_salaried,Siem Reap,2.6,2600.0,low,0,59
595,retail_salaried,Kampot,3.7,4580.0,low,0,59
596,retail_self_employed,Phnom Penh,18.0,8280.0,low,0,59
597,retail_self_employed,Kampot,5.6,6330.0,low,0,59
598,corporate,Battambang,3.1,966170.0,low,0,59
599,retail_self_employed,Phnom Penh,1.7,,low,0,59
600,retail_salaried,Kampot,5.5,1710.0,high,0,60
601,small_business,Phnom Penh,12.3,15420.0,low,0,60
602,cash_intensive,Phnom Penh,2.6,52160.0,low,0,60
603,retail_self_employed,Siem Reap,5.8,2310.0,low,0,60
604,Corporate,Siem Reap,5.7,183800.0,high,0,60
605,small_business,Phnom Penh,1.7,35350.0,low,0,60
606,small_business,Phnom Penh,5.5,9940.0,high,0,60
607,retail_salaried,Phnom Penh,2.0,1700.0,low,0,60
608,Retail Self Employed,Battambang,6.6,3910.0,low,0,60
609,retail_salaried,Phnom Penh,6.3,3110.0,low,0,60
610,retail_self_employed,Siem Reap,4.4,5430.0,low,0,61
611,retail_self_employed,Phnom Penh,19.3,13120.0,low,0,61
612,corporate,Siem Reap,0.3,88670.0,low,0,61
613,corporate,Phnom Penh,,243350.0,low,0,61
614,retail_salaried,Phnom Penh,11.2,1220.0,low,0,61
615,retail_self_employed,Phnom Penh,2.9,,low,0,61
616,Retail Self Employed,Phnom Penh,3.1,6440.0,low,0,61
617,Retail Salaried,Siem Reap,3.4,2890.0,low,0,61
618,retail_salaried,Sihanoukville,10.6,12390.0,low,0,61
619,retail_salaried,Battambang,1.2,12620.0,low,0,61
620,small_business,Kampot,1.8,6600.0,low,0,62
621,retail_salaried,Siem Reap,0.4,,low,0,62
622,corporate,Phnom Penh,3.6,145600.0,medium,0,62
623,retail_salaried,Battambang,2.8,2300.0,low,0,62
624,corporate,Battambang,1.7,,low,0,62
625,Retail Salaried,Siem Reap,14.8,610.0,medium,0,62
626,small_business,Siem Reap,3.4,18790.0,low,0,62
627,retail_salaried,Siem Reap,,2420.0,low,0,62
628,retail_self_employed,Sihanoukville,3.7,7050.0,low,0,62
629,Small Business,Sihanoukville,2.0,25180.0,low,0,62
630,cash_intensive,Phnom Penh,2.4,76370.0,low,0,63
631,small_business,Phnom Penh,2.0,35260.0,low,0,63
632,retail_salaried,Phnom Penh,2.9,5110.0,low,0,63
633,retail_salaried,Phnom Penh,1.5,2640.0,low,0,63
634,retail_salaried,Phnom Penh,2.6,,low,0,63
635,retail_salaried,Phnom Penh,3.0,2140.0,low,0,63
636,retail_self_employed,Phnom Penh,7.5,12870.0,high,0,63
637,retail_self_employed,Siem Reap,0.2,6360.0,low,0,63
638,small_business,Phnom Penh,6.3,20370.0,low,0,63
639,small_business,Kampot,4.9,59120.0,medium,0,63
640,retail_self_employed,Phnom Penh,4.9,4330.0,low,0,64
641,small_business,Siem Reap,12.7,42660.0,medium,0,64
642,Retail Salaried,Siem Reap,12.8,2460.0,low,0,64
643,retail_salaried,Phnom Penh,16.0,2060.0,low,0,64
644,retail_self_employed,Battambang,3.3,3050.0,low,0,64
645,small_business,Battambang,2.2,8120.0,low,0,64
646,retail_salaried,Siem Reap,,1100.0,low,0,64
647,retail_salaried,Siem Reap,0.8,1850.0,low,0,64
648,retail_self_employed,Sihanoukville,2.9,4300.0,low,0,64
649,retail_salaried,Phnom Penh,2.3,3360.0,medium,0,64
650,retail_salaried,Phnom Penh,2.3,6540.0,low,0,65
651,cash_intensive,Battambang,2.5,40720.0,low,0,65
652,retail_self_employed,Sihanoukville,2.8,1880.0,medium,0,65
653,Retail Salaried,Phnom Penh,7.8,1810.0,low,0,65
654,small_business,Phnom Penh,3.7,43720.0,low,0,65
655,retail_salaried,Phnom Penh,0.9,3650.0,high,0,65
656,small_business,Phnom Penh,4.4,,low,0,65
657,retail_salaried,Phnom Penh,2.4,1910.0,low,0,65
658,retail_self_employed,Phnom Penh,3.9,3450.0,low,0,65
659,retail_salaried,Phnom Penh,1.6,1850.0,low,0,65
660,retail_salaried,Siem Reap,8.9,2510.0,low,0,66
661,cash_intensive,Kampot,1.4,27400.0,low,0,66
662,retail_salaried,Phnom Penh,5.4,6360.0,low,0,66
663,retail_salaried,Phnom Penh,4.0,,low,0,66
664,retail_salaried,Phnom Penh,1.9,2110.0,medium,0,66
665,retail_self_employed,Phnom Penh,1.3,1970.0,low,0,66
666,small_business,Phnom Penh,8.1,85150.0,low,0,66
667,corporate,Siem Reap,2.8,872040.0,low,0,66
668,retail_salaried,Phnom Penh,4.3,2870.0,medium,0,66
669,retail_salaried,Phnom Penh,5.3,1440.0,low,0,66
670,retail_salaried,Phnom Penh,9.8,520.0,low,0,67
671,retail_self_employed,Kampot,1.5,6590.0,low,0,67
672,corporate,Siem Reap,11.2,337850.0,low,0,67
673,retail_self_employed,Sihanoukville,3.3,7460.0,low,0,67
674,retail_self_employed,Phnom Penh,4.9,5150.0,low,0,67
675,retail_salaried,Battambang,8.7,1660.0,low,0,67
676,cash_intensive,Siem Reap,3.5,28600.0,low,0,67
677,retail_salaried,Phnom Penh,7.7,750.0,low,0,67
678,retail_salaried,Phnom Penh,5.7,5590.0,medium,0,67
679,retail_salaried,Battambang,3.3,1480.0,low,0,67
680,retail_salaried,Sihanoukville,2.2,1760.0,low,0,68
681,retail_salaried,Siem Reap,2.3,5660.0,low,0,68
682,retail_salaried,Phnom Penh,3.2,8310.0,low,0,68
683,retail_salaried,Phnom Penh,8.8,4620.0,low,0,68
684,retail_self_employed,Siem Reap,1.8,15080.0,low,0,68
685,retail_salaried,Phnom Penh,9.5,1820.0,low,0,68
686,Retail Salaried,Battambang,9.8,1340.0,low,0,68
687,corporate,Phnom Penh,3.5,448390.0,low,0,68
688,small_business,Phnom Penh,8.9,14410.0,low,0,68
689,retail_salaried,Phnom Penh,6.1,1910.0,low,0,68
690,retail_salaried,Phnom Penh,3.3,3860.0,low,0,69
691,cash_intensive,Battambang,3.2,26630.0,medium,0,69
692,retail_salaried,Sihanoukville,4.4,2240.0,low,0,69
693,retail_salaried,Phnom Penh,10.8,6530.0,low,0,69
694,cash_intensive,Sihanoukville,5.8,155140.0,low,0,69
695,retail_salaried,Sihanoukville,2.6,5450.0,low,0,69
696,retail_self_employed,Phnom Penh,1.1,2550.0,low,0,69
697,retail_self_employed,Phnom Penh,1.4,8590.0,low,0,69
698,retail_self_employed,Phnom Penh,0.7,10140.0,low,0,69
699,retail_salaried,Siem Reap,5.5,2990.0,low,0,69
700,Retail Salaried,Siem Reap,2.7,1850.0,low,0,70
701,retail_salaried,Siem Reap,2.7,3070.0,low,0,70
702,retail_salaried,Phnom Penh,1.6,3140.0,low,0,70
703,small_business,Siem Reap,13.7,33550.0,low,0,70
704,retail_salaried,Phnom Penh,7.7,2420.0,low,0,70
705,retail_self_employed,Phnom Penh,9.3,1590.0,low,0,70
706,small_business,Sihanoukville,3.6,11710.0,low,0,70
707,small_business,Siem Reap,2.0,47860.0,low,0,70
708,retail_salaried,Phnom Penh,11.7,6110.0,low,0,70
709,retail_salaried,Sihanoukville,10.8,590.0,low,0,70
710,corporate,Kampot,2.1,109500.0,low,0,71
711,retail_self_employed,Phnom Penh,8.2,9250.0,low,0,71
712,small_business,Phnom Penh,3.9,51600.0,low,0,71
713,cash_intensive,Kampot,3.7,28000.0,low,0,71
714,small_business,Battambang,,54670.0,medium,0,71
715,retail_salaried,Phnom Penh,3.3,1110.0,low,0,71
716,retail_self_employed,Sihanoukville,3.5,5530.0,low,0,71
717,retail_salaried,Phnom Penh,2.4,2560.0,low,0,71
718,retail_self_employed,Phnom Penh,2.1,11720.0,low,0,71
719,corporate,Siem Reap,4.2,,low,0,71
720,retail_salaried,Sihanoukville,14.8,1300.0,high,0,72
721,retail_salaried,Phnom Penh,2.9,1590.0,low,0,72
722,retail_salaried,Battambang,9.6,2190.0,low,0,72
723,corporate,Phnom Penh,0.6,1709900.0,medium,0,72
724,retail_salaried,Battambang,2.9,1990.0,low,0,72
725,retail_salaried,Battambang,3.6,2110.0,low,0,72
726,retail_salaried,Phnom Penh,1.9,2310.0,low,0,72
727,retail_salaried,Phnom Penh,7.2,1930.0,low,0,72
728,retail_salaried,Kampot,2.7,1430.0,low,0,72
729,retail_salaried,Phnom Penh,3.8,10440.0,low,0,72
730,Retail Salaried,Phnom Penh,6.5,1330.0,medium,0,73
731,retail_salaried,Sihanoukville,2.4,510.0,medium,0,73
732,retail_salaried,Sihanoukville,7.2,840.0,low,0,73
733,retail_salaried,Siem Reap,2.2,2730.0,low,0,73
734,retail_salaried,Battambang,5.1,1120.0,low,0,73
735,retail_self_employed,Phnom Penh,3.5,5580.0,low,0,73
736,retail_salaried,Phnom Penh,2.6,4710.0,low,0,73
737,retail_salaried,Phnom Penh,9.9,770.0,low,0,73
738,retail_salaried,Siem Reap,2.9,1480.0,low,0,73
739,retail_salaried,Phnom Penh,2.4,1130.0,low,0,73
740,retail_salaried,Phnom Penh,4.7,2310.0,low,0,74
741,retail_salaried,Kampot,3.6,2110.0,high,0,74
742,small_business,Sihanoukville,8.1,17880.0,low,0,74
743,retail_salaried,Phnom Penh,6.1,760.0,medium,0,74
744,retail_salaried,Phnom Penh,4.3,1960.0,low,0,74
745,retail_salaried,Battambang,4.1,830.0,low,0,74
746,retail_salaried,Phnom Penh,5.9,2180.0,low,0,74
747,retail_salaried,Sihanoukville,4.6,8650.0,low,0,74
748,small_business,Sihanoukville,6.2,18790.0,low,0,74
749,small_business,Battambang,14.9,16270.0,low,0,74
750,retail_salaried,Sihanoukville,6.2,1530.0,low,0,75
751,retail_salaried,Phnom Penh,2.8,4290.0,low,0,75
752,retail_salaried,Battambang,0.5,3770.0,low,0,75
753,retail_salaried,Phnom Penh,,4570.0,medium,0,75
754,retail_self_employed,Sihanoukville,1.3,13400.0,low,0,75
755,retail_salaried,Phnom Penh,5.4,2120.0,low,0,75
756,retail_salaried,Phnom Penh,10.0,2540.0,low,0,75
757,cash_intensive,Battambang,2.9,23550.0,medium,0,75
758,retail_salaried,Phnom Penh,9.7,850.0,low,0,75
759,retail_salaried,Phnom Penh,6.2,2760.0,low,0,75
760,retail_self_employed,Sihanoukville,6.1,2950.0,medium,0,76
761,retail_salaried,Phnom Penh,2.8,1710.0,low,0,76
762,retail_salaried,Phnom Penh,5.1,,low,0,76
763,Retail Salaried,Kampot,12.0,1070.0,low,0,76
764,cash_intensive,Phnom Penh,0.5,18900.0,low,0,76
765,retail_salaried,Battambang,5.7,3410.0,low,0,76
766,retail_salaried,Kampot,1.2,1190.0,low,0,76
767,retail_salaried,Siem Reap,4.7,1790.0,low,0,76
768,retail_salaried,Phnom Penh,5.5,2440.0,medium,0,76
769,retail_self_employed,Siem Reap,5.3,4440.0,low,1,76
770,Retail Salaried,Phnom Penh,3.9,560.0,low,0,77
771,retail_self_employed,Siem Reap,1.6,28150.0,low,0,77
772,retail_self_employed,Battambang,6.1,11460.0,low,0,77
773,small_business,Siem Reap,5.3,52330.0,low,0,77
774,retail_salaried,Phnom Penh,0.8,2090.0,low,0,77
775,small_business,Battambang,2.1,52910.0,low,0,77
776,retail_self_employed,Battambang,1.0,36860.0,low,0,77
777,retail_salaried,Phnom Penh,13.4,5030.0,low,0,77
778,small_business,Phnom Penh,2.9,51690.0,low,0,77
779,small_business,Phnom Penh,7.7,59630.0,low,0,77
780,retail_salaried,Phnom Penh,5.9,430.0,low,0,78
781,cash_intensive,Phnom Penh,3.3,49590.0,low,0,78
782,retail_salaried,Kampot,6.3,650.0,low,0,78
783,retail_self_employed,Phnom Penh,3.5,6890.0,low,0,78
784,corporate,Phnom Penh,2.0,155740.0,low,0,78
785,retail_salaried,Phnom Penh,1.7,3960.0,low,0,78
786,small_business,Battambang,4.6,51870.0,low,0,78
787,retail_salaried,Phnom Penh,5.2,2360.0,low,0,78
788,small_business,Phnom Penh,1.4,95980.0,low,0,78
789,retail_self_employed,Phnom Penh,8.9,4650.0,low,0,78
790,retail_salaried,Phnom Penh,8.4,2750.0,low,0,79
791,retail_salaried,Sihanoukville,6.3,1780.0,low,0,79
792,retail_salaried,Battambang,3.4,2000.0,low,0,79
793,Retail Salaried,Battambang,1.5,2900.0,medium,0,79
794,retail_salaried,Battambang,0.3,3290.0,low,0,79
795,retail_salaried,Phnom Penh,2.5,1980.0,low,0,79
796,retail_salaried,Siem Reap,7.1,2020.0,low,0,79
797,retail_salaried,Siem Reap,1.3,3140.0,low,0,79
798,retail_self_employed,Phnom Penh,6.1,7140.0,low,0,79
799,retail_self_employed,Siem Reap,2.1,9900.0,medium,0,79
800,retail_self_employed,Phnom Penh,4.9,23940.0,low,0,80
801,retail_salaried,Sihanoukville,6.7,1250.0,low,0,80
802,cash_intensive,Siem Reap,11.3,88420.0,low,0,80
803,retail_self_employed,Phnom Penh,2.6,11560.0,low,0,80
804,retail_salaried,Battambang,8.1,8600.0,high,0,80
805,retail_salaried,Siem Reap,1.6,730.0,low,0,80
806,retail_self_employed,Phnom Penh,1.6,3420.0,low,0,80
807,retail_salaried,Siem Reap,7.1,4180.0,low,0,80
808,retail_salaried,Siem Reap,1.4,7920.0,medium,0,80
809,corporate,Phnom Penh,0.8,1047670.0,low,0,80
810,retail_salaried,Siem Reap,17.3,2820.0,high,0,81
811,retail_salaried,Kampot,9.7,1030.0,low,0,81
812,corporate,Battambang,4.1,558140.0,low,0,81
813,retail_self_employed,Phnom Penh,0.1,6600.0,low,0,81
814,retail_salaried,Siem Reap,15.5,1410.0,low,0,81
815,cash_intensive,Kampot,5.9,102240.0,low,0,81
816,cash_intensive,Phnom Penh,9.3,93900.0,low,0,81
817,retail_salaried,Phnom Penh,,4120.0,low,0,81
818,retail_self_employed,Phnom Penh,6.8,5120.0,low,0,81
819,retail_salaried,Phnom Penh,2.4,2650.0,low,0,81
820,retail_salaried,Phnom Penh,9.9,1110.0,low,0,82
821,retail_self_employed,Kampot,2.3,16340.0,low,0,82
822,retail_salaried,Battambang,4.3,2360.0,medium,0,82
823,Retail Self Employed,Phnom Penh,11.3,4150.0,low,0,82
824,small_business,Phnom Penh,8.2,7480.0,low,0,82
825,retail_salaried,Battambang,4.4,1220.0,low,0,82
826,Retail Self Employed,Phnom Penh,3.0,2510.0,low,0,82
827,retail_salaried,Battambang,4.2,1520.0,low,0,82
828,small_business,Kampot,1.2,47540.0,low,0,82
829,retail_salaried,Siem Reap,4.8,3380.0,low,0,82
830,retail_self_employed,Phnom Penh,8.1,1550.0,low,0,83
831,retail_self_employed,Phnom Penh,7.9,10420.0,low,0,83
832,retail_salaried,Phnom Penh,13.3,2760.0,medium,0,83
833,retail_self_employed,Phnom Penh,8.0,5850.0,low,0,83
834,retail_self_employed,Phnom Penh,4.0,1120.0,low,0,83
835,retail_self_employed,Phnom Penh,3.7,1400.0,low,0,83
836,small_business,Kampot,1.9,20190.0,low,0,83
837,corporate,Sihanoukville,2.1,621410.0,low,0,83
838,Retail Salaried,Phnom Penh,0.8,2580.0,low,0,83
839,retail_salaried,Sihanoukville,5.1,2000.0,low,0,83
840,retail_salaried,Battambang,2.0,16010.0,low,0,84
841,small_business,Phnom Penh,3.7,8330.0,low,0,84
842,retail_salaried,Kampot,6.0,4070.0,medium,0,84
843,retail_salaried,Phnom Penh,3.7,3330.0,medium,0,84
844,retail_salaried,Siem Reap,2.7,2590.0,low,0,84
845,cash_intensive,Siem Reap,2.3,57730.0,low,0,84
846,retail_salaried,Phnom Penh,4.0,2680.0,low,0,84
847,retail_self_employed,Siem Reap,4.1,2150.0,low,0,84
848,retail_salaried,Phnom Penh,1.8,2730.0,low,0,84
849,corporate,Kampot,12.2,326040.0,low,0,84
850,retail_salaried,Sihanoukville,4.4,1730.0,low,0,85
851,retail_salaried,Sihanoukville,3.4,2830.0,low,0,85
852,small_business,Phnom Penh,10.8,18500.0,low,0,85
853,cash_intensive,Sihanoukville,3.6,26120.0,low,0,85
854,retail_salaried,Siem Reap,6.8,1640.0,low,0,85
855,retail_salaried,Phnom Penh,4.3,4660.0,medium,0,85
856,retail_self_employed,Phnom Penh,11.3,10220.0,low,0,85
857,small_business,Kampot,2.4,26120.0,low,0,85
858,retail_salaried,Phnom Penh,6.9,6390.0,low,0,85
859,Retail Salaried,Phnom Penh,2.1,1300.0,low,0,85
860,retail_self_employed,Siem Reap,,3930.0,medium,0,86
861,retail_self_employed,Battambang,1.8,4430.0,low,0,86
862,small_business,Battambang,1.0,26230.0,low,0,86
863,retail_self_employed,Kampot,4.5,,low,0,86
864,retail_salaried,Sihanoukville,10.5,2580.0,low,0,86
865,cash_intensive,Kampot,0.5,58140.0,low,0,86
866,small_business,Battambang,0.7,27310.0,low,0,86
867,small_business,Phnom Penh,3.5,182680.0,high,0,86
868,retail_salaried,Siem Reap,1.6,1740.0,low,0,86
869,retail_salaried,Phnom Penh,1.9,1210.0,low,0,86
870,retail_self_employed,Sihanoukville,7.2,,low,0,87
871,retail_salaried,Phnom Penh,1.4,3780.0,low,0,87
872,corporate,Sihanoukville,7.3,78980.0,low,0,87
873,retail_salaried,Phnom Penh,3.5,1460.0,low,0,87
874,retail_self_employed,Phnom Penh,4.5,1950.0,medium,0,87
875,cash_intensive,Siem Reap,,88770.0,low,0,87
876,Retail Salaried,Phnom Penh,5.6,3010.0,low,0,87
877,retail_salaried,Phnom Penh,3.4,940.0,low,0,87
878,retail_self_employed,Siem Reap,5.5,7450.0,low,0,87
879,retail_self_employed,Phnom Penh,7.3,,low,0,87
880,retail_salaried,Sihanoukville,7.3,7810.0,low,0,88
881,retail_self_employed,Phnom Penh,4.3,5980.0,low,0,88
882,cash_intensive,Kampot,,54620.0,low,0,88
883,retail_salaried,Kampot,8.4,2440.0,low,0,88
884,retail_salaried,Sihanoukville,10.3,800.0,low,0,88
885,retail_salaried,Siem Reap,1.5,1140.0,low,0,88
886,Retail Salaried,Phnom Penh,8.1,1540.0,low,0,88
887,retail_salaried,Phnom Penh,2.1,4020.0,low,0,88
888,retail_salaried,Phnom Penh,,1710.0,low,0,88
889,retail_self_employed,Phnom Penh,1.0,4510.0,low,0,88
890,retail_salaried,Kampot,3.9,4490.0,low,0,89
891,corporate,Phnom Penh,2.9,86740.0,medium,0,89
892,retail_salaried,Phnom Penh,3.3,,low,0,89
893,retail_salaried,Phnom Penh,7.4,2110.0,low,0,89
894,small_business,Phnom Penh,7.7,19500.0,low,0,89
895,cash_intensive,Phnom Penh,2.5,96340.0,low,0,89
896,retail_salaried,Battambang,13.2,,low,0,89
897,retail_salaried,Siem Reap,5.3,780.0,low,0,89
898,retail_salaried,Phnom Penh,6.6,2780.0,low,0,89
899,retail_salaried,Battambang,0.1,1600.0,low,0,89
900,retail_salaried,Siem Reap,1.1,5270.0,low,0,90
901,retail_salaried,Phnom Penh,8.5,15330.0,low,0,90
902,retail_salaried,Phnom Penh,3.2,1480.0,low,0,90
903,retail_salaried,Phnom Penh,4.8,,low,0,90
904,corporate,Phnom Penh,0.9,253450.0,low,0,90
905,retail_self_employed,Battambang,3.0,7780.0,low,0,90
906,retail_salaried,Kampot,25.0,790.0,medium,0,90
907,retail_salaried,Siem Reap,2.1,1350.0,low,0,90
908,retail_salaried,Phnom Penh,10.8,8940.0,low,0,90
909,retail_salaried,Phnom Penh,1.6,3290.0,low,0,90
910,small_business,Siem Reap,4.3,46650.0,low,0,91
911,small_business,Phnom Penh,16.4,17740.0,low,0,91
912,cash_intensive,Phnom Penh,1.6,387600.0,low,0,91
913,corporate,Phnom Penh,2.6,313290.0,low,0,91
914,corporate,Siem Reap,7.9,474300.0,low,0,91
915,corporate,Sihanoukville,1.4,587250.0,low,0,91
916,retail_salaried,Kampot,9.0,,medium,0,91
917,retail_salaried,Phnom Penh,19.5,1040.0,low,0,91
918,retail_salaried,Phnom Penh,5.2,900.0,low,0,91
919,retail_self_employed,Phnom Penh,2.8,8070.0,low,0,91
920,retail_salaried,Siem Reap,2.5,3160.0,low,0,92
921,small_business,Sihanoukville,3.0,17480.0,low,0,92
922,retail_self_employed,Phnom Penh,4.3,1030.0,low,0,92
923,retail_salaried,Siem Reap,1.0,1080.0,low,0,92
924,retail_salaried,Phnom Penh,7.6,2180.0,low,0,92
925,retail_salaried,Siem Reap,8.6,940.0,low,0,92
926,retail_salaried,Kampot,3.4,1570.0,low,0,92
927,small_business,Siem Reap,6.1,56410.0,low,0,92
928,retail_self_employed,Battambang,3.2,7750.0,low,0,92
929,retail_self_employed,Siem Reap,3.6,2260.0,low,0,92
930,retail_salaried,Phnom Penh,1.9,2830.0,low,0,93
931,retail_salaried,Siem Reap,9.5,,low,0,93
932,retail_salaried,Phnom Penh,7.0,7360.0,low,0,93
933,small_business,Siem Reap,2.5,37530.0,low,0,93
934,small_business,Phnom Penh,3.8,,low,0,93
935,retail_salaried,Sihanoukville,3.0,1730.0,low,0,93
936,cash_intensive,Siem Reap,1.6,13110.0,low,0,93
937,retail_salaried,Sihanoukville,4.2,1500.0,low,0,93
938,Cash Intensive,Phnom Penh,4.4,37340.0,low,0,93
939,retail_salaried,Phnom Penh,4.7,1560.0,medium,0,93
940,retail_salaried,Battambang,3.9,1680.0,low,0,94
941,small_business,Phnom Penh,0.9,142120.0,low,0,94
942,retail_salaried,Siem Reap,12.5,,medium,0,94
943,retail_salaried,Siem Reap,9.2,4840.0,low,0,94
944,retail_salaried,Battambang,1.1,1920.0,low,0,94
945,retail_salaried,Kampot,2.0,1830.0,low,0,94
946,retail_self_employed,Phnom Penh,1.7,2140.0,low,0,94
947,small_business,Kampot,1.9,38180.0,low,0,94
948,small_business,Phnom Penh,9.0,14070.0,medium,0,94
949,retail_salaried,Battambang,4.6,1550.0,low,0,94
950,retail_salaried,Phnom Penh,11.2,3930.0,low,0,95
951,retail_salaried,Battambang,3.2,1650.0,low,0,95
952,retail_salaried,Phnom Penh,1.0,2490.0,low,0,95
953,retail_salaried,Sihanoukville,4.3,6430.0,low,0,95
954,cash_intensive,Sihanoukville,3.8,27840.0,low,0,95
955,cash_intensive,Battambang,11.0,77390.0,low,0,95
956,small_business,Battambang,5.8,105830.0,medium,0,95
957,retail_salaried,Siem Reap,2.7,1080.0,low,0,95
958,Retail Salaried,Siem Reap,2.6,2540.0,low,0,95
959,retail_salaried,Battambang,9.8,2710.0,low,0,95
960,retail_salaried,Sihanoukville,9.1,,medium,0,96
961,retail_salaried,Phnom Penh,4.3,2250.0,low,0,96
962,retail_salaried,Battambang,5.8,1320.0,low,0,96
963,retail_salaried,Kampot,3.9,1080.0,low,0,96
964,corporate,Phnom Penh,0.4,229340.0,high,0,96
965,retail_salaried,Siem Reap,3.2,1750.0,medium,0,96
966,corporate,Kampot,4.3,294420.0,low,0,96
967,retail_salaried,Phnom Penh,4.8,1020.0,low,0,96
968,retail_self_employed,Battambang,9.1,7470.0,medium,0,96
969,retail_salaried,Sihanoukville,8.1,2700.0,low,0,96
970,retail_salaried,Phnom Penh,2.2,,low,0,97
971,retail_salaried,Phnom Penh,9.0,2730.0,low,0,97
972,retail_salaried,Siem Reap,2.9,2860.0,low,0,97
973,cash_intensive,Siem Reap,0.7,44430.0,low,0,97
974,retail_salaried,Phnom Penh,9.9,1240.0,low,0,97
975,retail_self_employed,Phnom Penh,8.0,3350.0,low,0,97
976,retail_salaried,Kampot,4.0,2610.0,low,0,97
977,retail_salaried,Phnom Penh,4.5,1100.0,medium,0,97
978,retail_salaried,Battambang,6.8,3700.0,low,0,97
979,retail_salaried,Sihanoukville,5.3,1840.0,low,0,97
980,corporate,Phnom Penh,6.6,,low,0,98
981,small_business,Siem Reap,1.8,30920.0,medium,0,98
982,retail_self_employed,Sihanoukville,4.8,4020.0,low,0,98
983,retail_salaried,Phnom Penh,1.8,1550.0,low,0,98
984,retail_salaried,Phnom Penh,3.1,2640.0,low,0,98
985,cash_intensive,Siem Reap,3.6,41170.0,low,0,98
986,retail_salaried,Phnom Penh,7.0,1500.0,low,0,98
987,retail_salaried,Sihanoukville,3.5,4820.0,low,0,98
988,retail_salaried,Kampot,5.6,1320.0,low,0,98
989,small_business,Phnom Penh,2.5,26340.0,low,0,98
990,retail_self_employed,Siem Reap,4.5,2370.0,low,0,99
991,small_business,Siem Reap,,5120.0,low,0,99
992,small_business,Siem Reap,5.6,64380.0,medium,0,99
993,retail_salaried,Phnom Penh,12.6,4990.0,low,0,99
994,cash_intensive,Battambang,9.2,24150.0,low,0,99
995,retail_salaried,Phnom Penh,7.1,640.0,low,0,99
996,retail_self_employed,Siem Reap,8.6,1490.0,medium,0,99
997,retail_salaried,Phnom Penh,10.6,1330.0,low,0,99
998,corporate,Phnom Penh,8.7,341370.0,low,0,99
999,retail_salaried,Phnom Penh,3.4,1530.0,low,0,99
1000,Retail Salaried,Phnom Penh,5.3,2180.0,low,0,100
1001,retail_salaried,Phnom Penh,0.5,3070.0,low,0,100
1002,retail_salaried,Siem Reap,10.3,2910.0,high,0,100
1003,retail_salaried,Phnom Penh,4.3,2010.0,low,0,100
1004,retail_self_employed,Battambang,0.9,,low,0,100
1005,retail_salaried,Sihanoukville,9.6,470.0,low,0,100
1006,cash_intensive,Phnom Penh,7.0,17540.0,low,0,100
1007,retail_salaried,Kampot,3.1,1450.0,medium,0,100
1008,retail_self_employed,Phnom Penh,0.5,8140.0,low,0,100
1009,Retail Salaried,Phnom Penh,5.5,600.0,medium,0,100
1010,retail_self_employed,Phnom Penh,2.8,,low,0,101
1011,retail_self_employed,Phnom Penh,,5690.0,low,0,101
1012,retail_salaried,Phnom Penh,1.2,790.0,low,0,101
1013,corporate,Siem Reap,0.5,152080.0,low,0,101
1014,retail_salaried,Battambang,3.4,3730.0,medium,0,101
1015,retail_salaried,Siem Reap,1.5,1920.0,low,0,101
1016,retail_self_employed,Siem Reap,8.4,18240.0,low,0,101
1017,small_business,Siem Reap,3.4,37390.0,medium,0,101
1018,retail_salaried,Sihanoukville,1.0,910.0,low,0,101
1019,retail_salaried,Battambang,6.0,2350.0,low,0,101
1020,cash_intensive,Phnom Penh,2.7,26010.0,low,0,102
1021,retail_self_employed,Phnom Penh,11.9,2910.0,low,0,102
1022,corporate,Phnom Penh,2.7,,low,0,102
1023,retail_salaried,Phnom Penh,3.5,1180.0,low,0,102
1024,retail_self_employed,Phnom Penh,7.1,12380.0,low,0,102
1025,retail_salaried,Sihanoukville,1.6,1350.0,low,0,102
1026,cash_intensive,Sihanoukville,12.7,43670.0,low,0,102
1027,retail_salaried,Kampot,1.7,1080.0,medium,0,102
1028,retail_self_employed,Sihanoukville,5.7,8720.0,low,0,102
1029,retail_salaried,Siem Reap,2.4,1360.0,low,0,102
1030,retail_self_employed,Phnom Penh,1.4,5310.0,low,0,103
1031,retail_self_employed,Phnom Penh,1.9,7650.0,low,0,103
1032,retail_salaried,Battambang,2.0,1340.0,medium,1,103
1033,cash_intensive,Phnom Penh,,57980.0,low,0,103
1034,retail_salaried,Siem Reap,9.6,1090.0,low,0,103
1035,retail_self_employed,Phnom Penh,2.2,9670.0,low,0,103
1036,retail_salaried,Sihanoukville,5.4,1280.0,low,0,103
1037,retail_salaried,Sihanoukville,3.4,2340.0,low,0,103
1038,retail_salaried,Phnom Penh,,2240.0,medium,0,103
1039,Retail Salaried,Siem Reap,4.6,2070.0,medium,0,103
1040,retail_salaried,Sihanoukville,0.3,3230.0,low,0,104
1041,retail_self_employed,Phnom Penh,4.4,7160.0,low,0,104
1042,retail_self_employed,Siem Reap,4.5,4500.0,low,0,104
1043,retail_self_employed,Phnom Penh,5.0,4740.0,low,0,104
1044,retail_salaried,Siem Reap,3.6,4730.0,low,0,104
1045,retail_salaried,Siem Reap,5.9,2110.0,low,0,104
1046,retail_salaried,Phnom Penh,8.7,7380.0,low,0,104
1047,small_business,Sihanoukville,8.2,34250.0,low,0,104
1048,small_business,Phnom Penh,3.8,29630.0,medium,0,104
1049,retail_salaried,Kampot,2.8,1920.0,low,0,104
1050,retail_self_employed,Sihanoukville,6.2,12130.0,low,0,105
1051,retail_salaried,Phnom Penh,1.4,2920.0,low,0,105
1052,retail_salaried,Phnom Penh,8.3,1540.0,low,0,105
1053,retail_salaried,Siem Reap,7.3,1460.0,low,0,105
1054,retail_salaried,Phnom Penh,1.5,4760.0,low,0,105
1055,retail_self_employed,Sihanoukville,0.5,7130.0,low,0,105
1056,cash_intensive,Sihanoukville,10.4,207200.0,medium,0,105
1057,retail_salaried,Kampot,3.9,2580.0,low,0,105
1058,retail_salaried,Kampot,2.2,5800.0,high,0,105
1059,retail_self_employed,Sihanoukville,4.1,6990.0,low,0,105
1060,corporate,Phnom Penh,5.2,856630.0,low,0,106
1061,retail_self_employed,Kampot,12.3,3400.0,medium,0,106
1062,retail_salaried,Siem Reap,4.4,1380.0,high,0,106
1063,retail_self_employed,Phnom Penh,1.2,10110.0,low,0,106
1064,retail_salaried,Sihanoukville,7.4,1660.0,low,0,106
1065,corporate,Phnom Penh,0.6,78900.0,medium,0,106
1066,retail_salaried,Phnom Penh,4.6,4420.0,low,0,106
1067,Retail Self Employed,Battambang,2.7,6650.0,low,0,106
1068,retail_salaried,Phnom Penh,16.4,4180.0,low,0,106
1069,retail_salaried,Kampot,4.8,1700.0,low,0,106
1070,small_business,Phnom Penh,5.4,,low,0,107
1071,retail_self_employed,Siem Reap,4.0,3280.0,low,1,107
1072,retail_salaried,Sihanoukville,8.2,3890.0,low,0,107
1073,cash_intensive,Phnom Penh,2.4,29560.0,low,0,107
1074,small_business,Sihanoukville,6.2,36110.0,low,0,107
1075,retail_salaried,Phnom Penh,1.6,890.0,low,0,107
1076,retail_salaried,Sihanoukville,11.3,1120.0,low,0,107
1077,retail_salaried,Sihanoukville,4.9,580.0,low,0,107
1078,retail_self_employed,Kampot,12.2,,medium,0,107
1079,retail_salaried,Battambang,0.5,400.0,low,0,107
1080,Retail Salaried,Kampot,4.0,3000.0,low,0,108
1081,Cash Intensive,Battambang,5.1,35640.0,low,0,108
1082,cash_intensive,Phnom Penh,4.6,9740.0,low,0,108
1083,small_business,Phnom Penh,4.5,28430.0,medium,0,108
1084,corporate,Phnom Penh,2.3,179310.0,low,0,108
1085,retail_self_employed,Phnom Penh,1.8,9100.0,low,0,108
1086,small_business,Sihanoukville,4.4,18380.0,low,0,108
1087,small_business,Battambang,4.9,17660.0,low,0,108
1088,retail_salaried,Phnom Penh,1.1,2470.0,medium,0,108
1089,retail_salaried,Phnom Penh,9.1,1750.0,low,0,108
1090,retail_salaried,Phnom Penh,15.9,910.0,high,0,109
1091,retail_self_employed,Sihanoukville,2.0,2430.0,low,0,109
1092,retail_salaried,Battambang,5.0,2110.0,medium,0,109
1093,retail_salaried,Sihanoukville,4.9,1030.0,low,0,109
1094,retail_self_employed,Battambang,3.7,9900.0,low,0,109
1095,retail_salaried,Phnom Penh,6.5,1350.0,low,0,109
1096,retail_salaried,Kampot,3.7,3100.0,low,0,109
1097,small_business,Phnom Penh,2.7,96780.0,low,0,109
1098,small_business,Phnom Penh,7.6,37930.0,low,0,109
1099,retail_salaried,Phnom Penh,7.3,2160.0,medium,0,109
1100,retail_salaried,Sihanoukville,6.0,,low,0,110
1101,retail_salaried,Battambang,12.3,450.0,low,0,110
1102,small_business,Battambang,1.6,35990.0,low,0,110
1103,small_business,Battambang,1.8,11560.0,low,0,110
1104,retail_salaried,Siem Reap,1.2,6040.0,low,0,110
1105,small_business,Sihanoukville,4.2,22010.0,high,0,110
1106,retail_salaried,Siem Reap,3.6,8840.0,medium,0,110
1107,retail_salaried,Siem Reap,8.8,2080.0,medium,0,110
1108,corporate,Phnom Penh,3.8,182960.0,medium,0,110
1109,retail_salaried,Phnom Penh,0.6,2410.0,low,0,110
1110,retail_salaried,Sihanoukville,1.8,2350.0,low,0,111
1111,retail_salaried,Phnom Penh,6.0,3760.0,low,0,111
1112,retail_self_employed,Phnom Penh,4.0,6060.0,low,0,111
1113,cash_intensive,Phnom Penh,4.7,22250.0,low,0,111
1114,corporate,Phnom Penh,4.8,418290.0,low,0,111
1115,retail_salaried,Phnom Penh,2.2,1400.0,low,0,111
1116,retail_salaried,Phnom Penh,2.9,2500.0,low,0,111
1117,small_business,Phnom Penh,1.2,8710.0,low,1,111
1118,retail_salaried,Siem Reap,2.0,400.0,medium,0,111
1119,cash_intensive,Siem Reap,8.4,35560.0,low,0,111
1120,retail_self_employed,Phnom Penh,1.6,9030.0,low,0,112
1121,retail_salaried,Battambang,6.8,9870.0,low,1,112
1122,small_business,Battambang,6.7,200120.0,low,0,112
1123,retail_salaried,Sihanoukville,9.8,3920.0,low,0,112
1124,retail_salaried,Phnom Penh,9.2,770.0,low,0,112
1125,retail_self_employed,Phnom Penh,4.1,900.0,low,0,112
1126,retail_salaried,Phnom Penh,1.8,1080.0,low,0,112
1127,retail_self_employed,Siem Reap,2.6,9630.0,low,0,112
1128,retail_self_employed,Phnom Penh,5.5,720.0,low,0,112
1129,corporate,Battambang,2.3,537370.0,low,0,112
1130,corporate,Siem Reap,10.6,528860.0,low,0,113
1131,retail_salaried,Phnom Penh,4.9,1420.0,low,0,113
1132,retail_salaried,Phnom Penh,4.1,2660.0,low,0,113
1133,retail_self_employed,Phnom Penh,,6330.0,low,0,113
1134,corporate,Phnom Penh,4.6,242820.0,low,0,113
1135,retail_salaried,Sihanoukville,3.0,2590.0,medium,0,113
1136,retail_salaried,Phnom Penh,4.2,1720.0,low,0,113
1137,retail_salaried,Battambang,3.6,3320.0,low,0,113
1138,retail_salaried,Battambang,6.5,3500.0,low,0,113
1139,retail_self_employed,Siem Reap,3.4,6930.0,low,0,113
1140,retail_salaried,Sihanoukville,3.4,6500.0,low,0,114
1141,small_business,Phnom Penh,5.0,31120.0,low,0,114
1142,small_business,Sihanoukville,2.8,19040.0,low,0,114
1143,small_business,Phnom Penh,0.9,11260.0,medium,0,114
1144,retail_salaried,Siem Reap,11.2,1470.0,low,0,114
1145,retail_salaried,Phnom Penh,1.6,810.0,high,0,114
1146,retail_self_employed,Battambang,9.0,7490.0,low,0,114
1147,small_business,Siem Reap,16.0,19600.0,low,0,114
1148,retail_salaried,Phnom Penh,1.9,480.0,low,0,114
1149,cash_intensive,Siem Reap,7.3,33200.0,medium,0,114
1150,retail_salaried,Sihanoukville,11.4,6320.0,medium,0,115
1151,small_business,Phnom Penh,1.6,84960.0,low,0,115
1152,retail_salaried,Siem Reap,1.7,3280.0,low,0,115
1153,retail_salaried,Phnom Penh,9.1,10400.0,medium,0,115
1154,retail_salaried,Kampot,10.8,3550.0,medium,0,115
1155,retail_salaried,Phnom Penh,6.0,2970.0,low,0,115
1156,retail_salaried,Sihanoukville,6.2,11080.0,low,0,115
1157,retail_salaried,Battambang,5.1,1530.0,medium,0,115
1158,retail_salaried,Battambang,6.7,4350.0,low,0,115
1159,small_business,Phnom Penh,,36200.0,low,0,115
1160,retail_salaried,Siem Reap,7.8,4450.0,medium,0,116
1161,retail_self_employed,Kampot,12.9,,low,0,116
1162,small_business,Phnom Penh,3.0,52780.0,low,0,116
1163,retail_salaried,Battambang,7.9,2390.0,low,0,116
1164,retail_salaried,Sihanoukville,4.7,9330.0,low,0,116
1165,small_business,Siem Reap,2.6,58690.0,low,0,116
1166,small_business,Siem Reap,0.8,13740.0,low,0,116
1167,retail_salaried,Battambang,7.1,4890.0,low,0,116
1168,small_business,Battambang,6.0,29170.0,low,0,116
1169,retail_salaried,Sihanoukville,0.7,4340.0,low,0,116
1170,retail_salaried,Kampot,10.0,840.0,low,0,117
1171,retail_self_employed,Battambang,3.7,2370.0,low,0,117
1172,retail_salaried,Phnom Penh,2.3,2160.0,low,0,117
1173,small_business,Phnom Penh,0.8,217050.0,low,0,117
1174,retail_salaried,Siem Reap,0.3,1620.0,low,0,117
1175,small_business,Phnom Penh,4.7,46250.0,high,0,117
1176,retail_salaried,Phnom Penh,4.1,1910.0,low,0,117
1177,retail_salaried,Phnom Penh,3.2,,low,0,117
1178,retail_salaried,Sihanoukville,6.5,2000.0,high,0,117
1179,retail_salaried,Siem Reap,4.3,920.0,low,0,117
1180,small_business,Siem Reap,4.8,29560.0,low,0,118
1181,Retail Salaried,Sihanoukville,11.5,7040.0,low,0,118
1182,retail_salaried,Battambang,4.3,4890.0,low,0,118
1183,retail_salaried,Siem Reap,4.0,4390.0,low,0,118
1184,Retail Salaried,Battambang,3.0,1020.0,low,0,118
1185,small_business,Siem Reap,3.0,38090.0,low,0,118
1186,retail_salaried,Phnom Penh,,1170.0,low,0,118
1187,corporate,Siem Reap,,420450.0,low,0,118
1188,retail_salaried,Kampot,4.3,930.0,low,0,118
1189,retail_self_employed,Phnom Penh,14.8,20920.0,low,0,118
1190,retail_salaried,Phnom Penh,2.5,660.0,low,0,119
1191,retail_salaried,Kampot,1.1,2030.0,low,0,119
1192,small_business,Sihanoukville,6.5,22900.0,low,0,119
1193,corporate,Siem Reap,12.6,218980.0,low,0,119
1194,small_business,Phnom Penh,1.7,17240.0,low,0,119
1195,retail_salaried,Siem Reap,9.2,1130.0,low,0,119
1196,retail_salaried,Phnom Penh,3.1,1680.0,low,0,119
1197,retail_self_employed,Phnom Penh,3.3,11550.0,low,0,119
1198,retail_salaried,Battambang,3.6,1640.0,low,0,119
1199,retail_self_employed,Phnom Penh,0.6,4600.0,low,0,119
1200,retail_self_employed,Phnom Penh,4.2,11750.0,low,0,120
1201,retail_self_employed,Battambang,2.2,13600.0,low,0,120
1202,small_business,Siem Reap,7.0,6790.0,low,0,120
1203,retail_self_employed,Phnom Penh,9.3,7910.0,low,0,120
1204,retail_salaried,Siem Reap,3.8,1020.0,low,0,120
1205,retail_salaried,Phnom Penh,6.2,5610.0,low,0,120
1206,retail_self_employed,Sihanoukville,4.4,,medium,0,120
1207,retail_salaried,Phnom Penh,5.4,1630.0,low,0,120
1208,retail_salaried,Phnom Penh,5.4,2360.0,low,0,120
1209,retail_salaried,Phnom Penh,9.8,5370.0,medium,0,120
1210,small_business,Siem Reap,3.6,25690.0,low,0,121
1211,small_business,Siem Reap,3.0,15230.0,low,0,121
1212,retail_self_employed,Phnom Penh,6.1,1950.0,low,0,121
1213,retail_salaried,Sihanoukville,15.7,400.0,high,0,121
1214,retail_salaried,Phnom Penh,2.8,1220.0,low,0,121
1215,retail_salaried,Sihanoukville,0.3,1140.0,low,0,121
1216,retail_salaried,Phnom Penh,8.8,5490.0,low,0,121
1217,retail_self_employed,Sihanoukville,9.9,2810.0,low,0,121
1218,retail_self_employed,Battambang,6.0,1550.0,low,0,121
1219,retail_salaried,Kampot,14.2,1840.0,low,0,121
1220,retail_salaried,Sihanoukville,4.5,860.0,high,0,122
1221,retail_salaried,Phnom Penh,5.8,3650.0,low,0,122
1222,cash_intensive,Kampot,8.4,60920.0,low,0,122
1223,retail_self_employed,Siem Reap,4.4,3110.0,low,0,122
1224,retail_salaried,Battambang,1.9,3250.0,medium,0,122
1225,cash_intensive,Phnom Penh,6.3,65860.0,low,0,122
1226,retail_salaried,Siem Reap,8.8,1010.0,low,0,122
1227,retail_salaried,Battambang,3.1,2860.0,low,0,122
1228,cash_intensive,Phnom Penh,9.7,118950.0,low,0,122
1229,retail_salaried,Phnom Penh,8.2,1830.0,low,0,122
1230,retail_salaried,Siem Reap,6.7,7220.0,low,0,123
1231,Retail Self Employed,Siem Reap,5.9,5780.0,low,0,123
1232,retail_salaried,Sihanoukville,5.9,920.0,low,0,123
1233,retail_self_employed,Sihanoukville,2.0,26000.0,low,0,123
1234,retail_salaried,Kampot,8.9,580.0,low,0,123
1235,retail_salaried,Phnom Penh,8.4,2250.0,low,0,123
1236,retail_salaried,Sihanoukville,19.3,1760.0,low,0,123
1237,retail_salaried,Siem Reap,4.5,720.0,low,0,123
1238,retail_salaried,Phnom Penh,8.3,4190.0,low,0,123
1239,retail_salaried,Kampot,0.3,930.0,low,0,123
1240,small_business,Siem Reap,1.4,13500.0,low,0,124
1241,retail_salaried,Phnom Penh,6.8,1040.0,low,0,124
1242,retail_salaried,Sihanoukville,1.5,,low,0,124
1243,retail_salaried,Phnom Penh,1.6,1980.0,low,0,124
1244,retail_salaried,Phnom Penh,,1370.0,low,0,124
1245,retail_salaried,Phnom Penh,12.5,1370.0,low,0,124
1246,retail_self_employed,Siem Reap,18.1,34140.0,low,0,124
1247,retail_salaried,Phnom Penh,2.5,10770.0,low,0,124
1248,cash_intensive,Phnom Penh,0.3,99020.0,low,0,124
1249,cash_intensive,Phnom Penh,3.0,36520.0,low,0,124
1250,Retail Salaried,Phnom Penh,1.8,4240.0,low,0,125
1251,retail_salaried,Kampot,9.2,2410.0,low,0,125
1252,retail_salaried,Siem Reap,3.6,460.0,low,0,125
1253,retail_self_employed,Phnom Penh,6.2,7690.0,medium,0,125
1254,retail_salaried,Phnom Penh,4.8,,low,0,125
1255,small_business,Phnom Penh,2.1,15410.0,low,0,125
1256,small_business,Phnom Penh,1.7,23460.0,low,0,125
1257,small_business,Sihanoukville,11.4,,medium,0,125
1258,retail_salaried,Phnom Penh,0.8,2840.0,low,0,125
1259,corporate,Phnom Penh,3.4,332630.0,low,0,125
1260,retail_salaried,Siem Reap,4.9,1060.0,low,0,126
1261,retail_salaried,Siem Reap,3.3,3600.0,low,0,126
1262,retail_salaried,Phnom Penh,10.0,5250.0,low,0,126
1263,cash_intensive,Phnom Penh,5.4,53170.0,low,0,126
1264,retail_self_employed,Siem Reap,2.0,6340.0,low,0,126
1265,small_business,Siem Reap,2.5,32750.0,low,0,126
1266,retail_salaried,Phnom Penh,3.0,1100.0,low,0,126
1267,corporate,Phnom Penh,1.7,88380.0,low,0,126
1268,retail_salaried,Sihanoukville,7.1,2290.0,low,0,126
1269,retail_salaried,Phnom Penh,8.9,1050.0,low,0,126
1270,Corporate,Sihanoukville,3.6,479740.0,low,0,127
1271,retail_salaried,Siem Reap,3.0,1870.0,low,0,127
1272,retail_salaried,Kampot,,3540.0,low,0,127
1273,retail_self_employed,Phnom Penh,4.2,18570.0,low,0,127
1274,retail_salaried,Sihanoukville,8.5,2620.0,low,0,127
1275,retail_salaried,Phnom Penh,8.0,1740.0,low,0,127
1276,retail_salaried,Sihanoukville,4.0,1500.0,low,0,127
1277,retail_salaried,Siem Reap,14.4,1590.0,low,0,127
1278,small_business,Battambang,1.3,63500.0,low,0,127
1279,retail_self_employed,Kampot,1.5,3810.0,low,0,127
1280,retail_salaried,Phnom Penh,1.8,1200.0,low,0,128
1281,retail_salaried,Siem Reap,4.4,2020.0,low,0,128
1282,retail_salaried,Sihanoukville,1.5,2730.0,low,0,128
1283,retail_self_employed,Siem Reap,3.1,1220.0,low,0,128
1284,cash_intensive,Siem Reap,5.1,21180.0,low,0,128
1285,cash_intensive,Sihanoukville,8.2,79300.0,medium,0,128
1286,retail_salaried,Phnom Penh,3.2,5530.0,medium,0,128
1287,retail_salaried,Phnom Penh,0.6,1410.0,low,0,128
1288,retail_salaried,Sihanoukville,7.3,3080.0,low,0,128
1289,retail_self_employed,Phnom Penh,9.6,2670.0,medium,0,128
1290,Retail Salaried,Phnom Penh,0.7,3900.0,high,0,129
1291,retail_self_employed,Sihanoukville,8.8,5170.0,medium,0,129
1292,retail_self_employed,Phnom Penh,2.3,4710.0,high,0,129
1293,retail_salaried,Battambang,2.3,1740.0,medium,0,129
1294,retail_salaried,Phnom Penh,0.9,5030.0,low,0,129
1295,retail_salaried,Phnom Penh,1.4,1290.0,low,0,129
1296,retail_salaried,Siem Reap,1.5,1580.0,low,0,129
1297,retail_salaried,Kampot,5.3,3010.0,low,0,129
1298,retail_self_employed,Phnom Penh,2.1,4740.0,low,0,129
1299,retail_salaried,Phnom Penh,3.7,860.0,low,0,129
1300,retail_salaried,Phnom Penh,4.8,4370.0,low,0,130
1301,retail_self_employed,Phnom Penh,3.5,8740.0,low,0,130
1302,small_business,Phnom Penh,,9240.0,low,0,130
1303,retail_salaried,Siem Reap,1.9,580.0,low,0,130
1304,small_business,Phnom Penh,1.5,,low,0,130
1305,cash_intensive,Phnom Penh,0.6,36910.0,low,0,130
1306,retail_self_employed,Phnom Penh,7.1,8730.0,low,0,130
1307,retail_self_employed,Battambang,7.2,6670.0,low,0,130
1308,retail_salaried,Phnom Penh,4.2,3500.0,medium,0,130
1309,cash_intensive,Phnom Penh,9.3,19190.0,medium,0,130
1310,retail_salaried,Phnom Penh,5.1,,low,0,131
1311,cash_intensive,Battambang,4.6,35670.0,low,0,131
1312,retail_self_employed,Siem Reap,5.5,3180.0,low,0,131
1313,retail_salaried,Siem Reap,2.7,1560.0,low,0,131
1314,retail_salaried,Phnom Penh,3.8,,low,0,131
1315,retail_self_employed,Siem Reap,3.7,1590.0,low,0,131
1316,retail_self_employed,Sihanoukville,2.1,4920.0,low,0,131
1317,retail_salaried,Kampot,5.1,1560.0,low,0,131
1318,retail_self_employed,Phnom Penh,6.1,6860.0,low,0,131
1319,small_business,Siem Reap,2.7,46430.0,low,0,131
1320,retail_salaried,Phnom Penh,6.4,4370.0,low,0,132
1321,retail_salaried,Phnom Penh,1.8,2920.0,low,0,132
1322,retail_salaried,Siem Reap,2.3,1340.0,low,0,132
1323,small_business,Siem Reap,0.8,27010.0,low,0,132
1324,retail_salaried,Phnom Penh,5.1,4770.0,low,0,132
1325,small_business,Kampot,4.1,78810.0,low,0,132
1326,retail_salaried,Phnom Penh,2.5,2030.0,low,0,132
1327,retail_self_employed,Kampot,10.8,4760.0,low,0,132
1328,retail_salaried,Phnom Penh,1.7,2200.0,low,0,132
1329,retail_salaried,Kampot,6.9,700.0,low,0,132
1330,small_business,Phnom Penh,3.7,26180.0,low,0,133
1331,retail_salaried,Siem Reap,3.6,2210.0,medium,0,133
1332,retail_salaried,Kampot,,2570.0,high,0,133
1333,corporate,Sihanoukville,0.2,162990.0,low,0,133
1334,corporate,Siem Reap,3.5,592760.0,low,0,133
1335,small_business,Siem Reap,7.9,20280.0,low,0,133
1336,retail_salaried,Sihanoukville,2.6,2850.0,low,0,133
1337,retail_self_employed,Phnom Penh,2.5,10860.0,medium,0,133
1338,small_business,Phnom Penh,3.1,37170.0,low,0,133
1339,retail_salaried,Kampot,4.6,2120.0,medium,0,133
1340,retail_salaried,Phnom Penh,4.4,,low,0,134
1341,small_business,Phnom Penh,2.8,16590.0,low,0,134
1342,retail_salaried,Phnom Penh,4.0,1840.0,low,0,134
1343,retail_self_employed,Phnom Penh,5.1,17740.0,low,0,134
1344,corporate,Phnom Penh,6.1,657900.0,low,0,134
1345,retail_self_employed,Kampot,7.7,12640.0,high,0,134
1346,retail_salaried,Phnom Penh,18.4,5160.0,low,0,134
1347,retail_salaried,Sihanoukville,7.5,11800.0,low,0,134
1348,retail_salaried,Sihanoukville,,2170.0,medium,0,134
1349,retail_salaried,Siem Reap,5.0,890.0,low,0,134
1350,small_business,Kampot,2.0,11010.0,low,0,135
1351,small_business,Phnom Penh,1.2,62250.0,low,0,135
1352,retail_salaried,Siem Reap,4.4,4230.0,medium,0,135
1353,retail_salaried,Siem Reap,1.5,2190.0,low,0,135
1354,small_business,Phnom Penh,4.1,96690.0,low,0,135
1355,retail_salaried,Siem Reap,3.3,3000.0,low,0,135
1356,retail_salaried,Phnom Penh,1.7,5160.0,high,0,135
1357,retail_salaried,Battambang,0.7,2670.0,low,0,135
1358,retail_self_employed,Phnom Penh,12.9,3350.0,low,0,135
1359,retail_salaried,Siem Reap,0.8,770.0,medium,0,135
1360,retail_self_employed,Phnom Penh,5.3,6510.0,low,0,136
1361,retail_salaried,Siem Reap,3.2,1290.0,low,0,136
1362,retail_self_employed,Sihanoukville,4.0,3860.0,low,0,136
1363,retail_salaried,Battambang,5.2,3590.0,medium,0,136
1364,retail_salaried,Phnom Penh,11.3,2660.0,low,0,136
1365,Retail Salaried,Siem Reap,4.9,3370.0,low,0,136
1366,retail_salaried,Phnom Penh,5.7,4850.0,low,0,136
1367,retail_salaried,Phnom Penh,14.3,1390.0,low,0,136
1368,Retail Salaried,Phnom Penh,0.8,460.0,low,0,136
1369,retail_salaried,Phnom Penh,6.2,5380.0,low,0,136
1370,retail_salaried,Kampot,1.5,3460.0,low,0,137
1371,cash_intensive,Phnom Penh,0.3,119890.0,medium,0,137
1372,retail_salaried,Phnom Penh,4.0,2090.0,low,0,137
1373,small_business,Siem Reap,8.8,8680.0,medium,0,137
1374,corporate,Siem Reap,2.4,341660.0,low,1,137
1375,retail_salaried,Phnom Penh,,,low,0,137
1376,retail_self_employed,Phnom Penh,7.3,3580.0,low,0,137
1377,small_business,Kampot,11.4,27480.0,medium,0,137
1378,retail_self_employed,Phnom Penh,5.9,3670.0,medium,0,137
1379,retail_salaried,Kampot,1.8,2810.0,medium,0,137
1380,retail_salaried,Phnom Penh,3.1,1880.0,low,0,138
1381,retail_salaried,Phnom Penh,1.2,2130.0,low,0,138
1382,retail_salaried,Kampot,4.9,1420.0,medium,0,138
1383,corporate,Phnom Penh,6.1,,low,0,138
1384,corporate,Battambang,,460020.0,low,0,138
1385,Retail Salaried,Battambang,1.2,4020.0,low,0,138
1386,retail_self_employed,Phnom Penh,9.0,,high,0,138
1387,retail_salaried,Kampot,2.7,840.0,low,0,138
1388,cash_intensive,Phnom Penh,2.2,45960.0,low,0,138
1389,retail_salaried,Battambang,3.4,1660.0,low,0,138
1390,cash_intensive,Siem Reap,6.4,28040.0,low,0,139
1391,small_business,Phnom Penh,9.9,26400.0,low,0,139
1392,retail_salaried,Siem Reap,2.2,1050.0,low,0,139
1393,retail_salaried,Phnom Penh,5.1,1480.0,low,0,139
1394,Small Business,Phnom Penh,6.0,16000.0,low,0,139
1395,retail_salaried,Siem Reap,5.1,1360.0,low,0,139
1396,retail_salaried,Phnom Penh,16.4,1270.0,medium,0,139
1397,cash_intensive,Battambang,5.8,26240.0,low,0,139
1398,retail_self_employed,Phnom Penh,2.2,17100.0,low,0,139
1399,retail_salaried,Phnom Penh,2.3,1500.0,low,0,139
1400,retail_salaried,Phnom Penh,10.0,4360.0,low,0,140
1401,retail_salaried,Siem Reap,3.8,3370.0,low,0,140
1402,corporate,Siem Reap,5.3,424790.0,low,0,140
1403,retail_salaried,Phnom Penh,2.7,2890.0,low,0,140
1404,retail_salaried,Phnom Penh,2.3,2480.0,low,0,140
1405,retail_salaried,Battambang,2.1,1830.0,low,0,140
1406,corporate,Phnom Penh,5.3,488850.0,medium,0,140
1407,retail_salaried,Phnom Penh,3.1,1180.0,low,0,140
1408,small_business,Phnom Penh,2.5,35650.0,low,0,140
1409,retail_self_employed,Kampot,2.1,3880.0,low,0,140
1410,small_business,Phnom Penh,9.0,,low,0,141
1411,corporate,Phnom Penh,1.7,231300.0,low,0,141
1412,small_business,Phnom Penh,3.0,6780.0,low,0,141
1413,cash_intensive,Battambang,12.6,36250.0,low,0,141
1414,retail_salaried,Sihanoukville,12.2,2190.0,low,0,141
1415,small_business,Siem Reap,4.6,31650.0,low,0,141
1416,retail_salaried,Kampot,1.3,820.0,low,0,141
1417,retail_salaried,Phnom Penh,5.5,770.0,low,0,141
1418,cash_intensive,Siem Reap,3.6,45840.0,medium,0,141
1419,corporate,Battambang,5.7,675960.0,low,0,141
1420,retail_self_employed,Phnom Penh,5.3,3190.0,low,0,142
1421,retail_salaried,Phnom Penh,6.7,5910.0,low,0,142
1422,retail_salaried,Battambang,3.1,5800.0,low,0,142
1423,retail_salaried,Siem Reap,10.8,3270.0,medium,0,142
1424,retail_salaried,Siem Reap,3.2,380.0,low,0,142
1425,retail_salaried,Phnom Penh,4.1,1070.0,low,0,142
1426,retail_salaried,Siem Reap,8.6,1290.0,low,0,142
1427,retail_salaried,Siem Reap,1.8,,low,0,142
1428,small_business,Siem Reap,3.2,21910.0,low,0,142
1429,retail_salaried,Siem Reap,8.6,6090.0,low,0,142
1430,cash_intensive,Phnom Penh,2.6,36930.0,low,0,143
1431,retail_self_employed,Phnom Penh,8.2,3860.0,low,0,143
1432,retail_salaried,Siem Reap,3.0,1690.0,low,0,143
1433,retail_salaried,Phnom Penh,3.2,1840.0,low,0,143
1434,retail_salaried,Phnom Penh,10.0,4690.0,low,0,143
1435,corporate,Kampot,6.0,64490.0,medium,0,143
1436,retail_salaried,Battambang,8.3,1110.0,low,0,143
1437,retail_salaried,Phnom Penh,5.1,2150.0,low,0,143
1438,cash_intensive,Phnom Penh,,10330.0,low,0,143
1439,corporate,Kampot,5.4,177170.0,low,0,143
1440,retail_salaried,Phnom Penh,3.7,1530.0,low,0,144
1441,retail_salaried,Phnom Penh,5.5,1780.0,high,0,144
1442,retail_salaried,Phnom Penh,11.4,510.0,low,0,144
1443,retail_salaried,Phnom Penh,6.0,1670.0,low,0,144
1444,retail_salaried,Battambang,3.5,1230.0,low,0,144
1445,retail_self_employed,Phnom Penh,5.3,13530.0,medium,0,144
1446,cash_intensive,Phnom Penh,15.4,35250.0,low,0,144
1447,retail_salaried,Phnom Penh,7.2,2520.0,low,0,144
1448,retail_self_employed,Phnom Penh,7.2,2430.0,low,0,144
1449,retail_salaried,Siem Reap,0.4,2200.0,low,0,144
1450,small_business,Siem Reap,1.6,63500.0,high,0,145
1451,retail_self_employed,Sihanoukville,11.0,,low,0,145
1452,small_business,Phnom Penh,5.0,44110.0,low,0,145
1453,cash_intensive,Siem Reap,1.4,44610.0,low,0,145
1454,retail_salaried,Phnom Penh,0.1,910.0,low,0,145
1455,retail_salaried,Siem Reap,2.9,2210.0,low,0,145
1456,retail_salaried,Sihanoukville,9.3,980.0,low,0,145
1457,retail_salaried,Siem Reap,3.7,3440.0,low,0,145
1458,cash_intensive,Siem Reap,10.5,26250.0,low,0,145
1459,retail_salaried,Phnom Penh,,5010.0,low,0,145
1460,Small Business,Phnom Penh,17.5,32100.0,low,0,146
1461,retail_salaried,Phnom Penh,4.5,3360.0,low,0,146
1462,retail_salaried,Phnom Penh,6.4,650.0,low,0,146
1463,retail_salaried,Phnom Penh,2.1,830.0,low,0,146
1464,retail_self_employed,Phnom Penh,10.5,9600.0,low,1,146
1465,retail_self_employed,Kampot,6.1,6480.0,low,0,146
1466,retail_salaried,Battambang,1.4,1220.0,low,0,146
1467,retail_salaried,Phnom Penh,15.5,1420.0,low,0,146
1468,retail_self_employed,Phnom Penh,3.2,3880.0,low,0,146
1469,retail_salaried,Phnom Penh,9.2,11560.0,low,0,146
1470,cash_intensive,Siem Reap,13.9,31820.0,low,0,147
1471,retail_salaried,Phnom Penh,4.3,4090.0,low,0,147
1472,retail_salaried,Phnom Penh,3.1,5160.0,low,0,147
1473,retail_salaried,Siem Reap,21.7,1240.0,low,0,147
1474,retail_salaried,Phnom Penh,,910.0,low,0,147
1475,retail_salaried,Sihanoukville,5.7,,high,0,147
1476,retail_salaried,Phnom Penh,10.4,2680.0,low,0,147
1477,corporate,Phnom Penh,3.1,173820.0,low,0,147
1478,retail_salaried,Sihanoukville,1.8,4380.0,medium,0,147
1479,retail_salaried,Battambang,1.9,8420.0,medium,0,147
1480,retail_salaried,Sihanoukville,,1680.0,low,0,148
1481,retail_salaried,Kampot,17.5,1100.0,low,0,148
1482,retail_self_employed,Battambang,25.0,2760.0,medium,0,148
1483,retail_salaried,Phnom Penh,1.0,3350.0,low,0,148
1484,retail_self_employed,Phnom Penh,2.6,10050.0,medium,0,148
1485,retail_salaried,Phnom Penh,1.8,1590.0,low,0,148
1486,corporate,Phnom Penh,2.3,934730.0,medium,0,148
1487,retail_salaried,Siem Reap,4.0,8370.0,low,0,148
1488,cash_intensive,Kampot,4.6,64750.0,low,0,148
1489,retail_salaried,Phnom Penh,3.8,,low,0,148
1490,retail_salaried,Phnom Penh,3.6,3680.0,low,0,149
1491,small_business,Phnom Penh,2.1,12880.0,low,0,149
1492,retail_self_employed,Phnom Penh,2.1,1840.0,low,0,149
1493,small_business,Sihanoukville,17.3,55940.0,low,0,149
1494,retail_salaried,Phnom Penh,7.8,1420.0,medium,0,149
1495,retail_self_employed,Phnom Penh,1.6,2160.0,low,0,149
1496,small_business,Phnom Penh,2.2,64540.0,low,0,149
1497,retail_self_employed,Siem Reap,3.6,5550.0,medium,0,149
1498,retail_salaried,Sihanoukville,4.2,1270.0,low,0,149
1499,retail_self_employed,Phnom Penh,7.1,6880.0,medium,0,149
1500,retail_self_employed,Phnom Penh,1.6,5520.0,low,0,150
1501,corporate,Phnom Penh,1.7,,low,0,150
1502,retail_salaried,Phnom Penh,3.9,2450.0,low,0,150
1503,retail_salaried,Sihanoukville,4.3,1220.0,medium,0,150
1504,small_business,Siem Reap,9.4,135420.0,high,0,150
1505,retail_salaried,Phnom Penh,2.2,1870.0,medium,0,150
1506,retail_self_employed,Siem Reap,5.7,2350.0,low,0,150
1507,retail_salaried,Phnom Penh,7.0,13310.0,low,0,150
1508,retail_salaried,Siem Reap,2.0,,low,0,150
1509,retail_self_employed,Sihanoukville,7.0,7030.0,low,0,150
1510,retail_salaried,Phnom Penh,5.0,,low,0,151
1511,retail_salaried,Battambang,7.2,20360.0,low,0,151
1512,retail_self_employed,Siem Reap,5.0,7620.0,low,0,151
1513,retail_self_employed,Phnom Penh,4.6,12910.0,low,0,151
1514,cash_intensive,Phnom Penh,3.8,35460.0,low,0,151
1515,retail_salaried,Siem Reap,6.9,1720.0,low,0,151
1516,retail_salaried,Phnom Penh,,3360.0,low,0,151
1517,corporate,Phnom Penh,18.7,159940.0,low,0,151
1518,retail_salaried,Phnom Penh,2.2,,low,0,151
1519,retail_salaried,Phnom Penh,3.0,1200.0,high,0,151
1520,retail_salaried,Phnom Penh,5.1,1040.0,low,0,152
1521,retail_salaried,Siem Reap,3.4,,low,0,152
1522,cash_intensive,Phnom Penh,5.6,57340.0,low,0,152
1523,small_business,Battambang,8.3,50040.0,low,0,152
1524,retail_self_employed,Sihanoukville,10.6,,low,0,152
1525,retail_salaried,Sihanoukville,6.1,760.0,low,0,152
1526,retail_salaried,Phnom Penh,4.6,1210.0,low,0,152
1527,retail_salaried,Siem Reap,3.1,9220.0,low,0,152
1528,retail_salaried,Phnom Penh,3.5,5490.0,low,0,152
1529,retail_salaried,Phnom Penh,1.2,3070.0,low,0,152
1530,retail_salaried,Sihanoukville,2.8,1310.0,low,0,153
1531,Retail Salaried,Battambang,3.6,5620.0,low,0,153
1532,retail_self_employed,Sihanoukville,2.2,19140.0,low,0,153
1533,retail_self_employed,Phnom Penh,5.8,5970.0,low,0,153
1534,retail_salaried,Battambang,1.1,3720.0,low,0,153
1535,Retail Salaried,Siem Reap,7.5,1900.0,low,0,153
1536,small_business,Siem Reap,5.4,64630.0,low,0,153
1537,retail_self_employed,Phnom Penh,11.3,9160.0,low,0,153
1538,small_business,Battambang,14.3,89100.0,low,0,153
1539,retail_salaried,Phnom Penh,2.0,1570.0,high,0,153
1540,small_business,Phnom Penh,2.8,16090.0,medium,0,154
1541,retail_salaried,Sihanoukville,5.4,3920.0,low,0,154
1542,retail_salaried,Kampot,3.0,840.0,low,0,154
1543,retail_salaried,Phnom Penh,1.0,4180.0,low,0,154
1544,retail_salaried,Siem Reap,4.3,1650.0,low,0,154
1545,retail_salaried,Sihanoukville,11.5,3930.0,low,0,154
1546,retail_salaried,Phnom Penh,3.8,1260.0,medium,0,154
1547,small_business,Sihanoukville,3.6,77500.0,low,0,154
1548,retail_salaried,Kampot,2.0,1070.0,low,0,154
1549,retail_salaried,Phnom Penh,7.7,1420.0,low,0,154
1550,retail_salaried,Phnom Penh,5.5,2030.0,medium,0,155
1551,retail_salaried,Phnom Penh,3.8,7420.0,low,0,155
1552,retail_salaried,Battambang,2.7,980.0,low,0,155
1553,retail_salaried,Phnom Penh,3.3,640.0,low,0,155
1554,retail_salaried,Kampot,8.8,15410.0,low,0,155
1555,small_business,Siem Reap,4.2,7710.0,low,0,155
1556,cash_intensive,Kampot,3.0,123410.0,high,0,155
1557,retail_salaried,Phnom Penh,2.9,2380.0,low,0,155
1558,retail_self_employed,Kampot,2.8,23350.0,low,0,155
1559,small_business,Phnom Penh,4.8,212200.0,medium,0,155
1560,corporate,Phnom Penh,3.5,143270.0,low,0,156
1561,retail_self_employed,Sihanoukville,7.4,1950.0,low,0,156
1562,cash_intensive,Phnom Penh,10.3,27900.0,low,0,156
1563,cash_intensive,Battambang,2.1,41590.0,low,0,156
1564,small_business,Siem Reap,3.0,17480.0,high,0,156
1565,retail_salaried,Kampot,1.0,8370.0,low,0,156
1566,retail_salaried,Phnom Penh,3.4,2560.0,low,0,156
1567,retail_salaried,Sihanoukville,5.6,11100.0,medium,0,156
1568,retail_salaried,Phnom Penh,6.9,,low,0,156
1569,retail_salaried,Phnom Penh,7.1,3970.0,low,0,156
1570,retail_salaried,Battambang,5.8,1410.0,low,0,157
1571,retail_self_employed,Sihanoukville,6.6,3610.0,medium,0,157
1572,retail_self_employed,Phnom Penh,1.8,1920.0,low,0,157
1573,small_business,Phnom Penh,6.5,47550.0,low,0,157
1574,retail_salaried,Kampot,3.2,1040.0,low,0,157
1575,retail_salaried,Phnom Penh,8.4,1840.0,low,0,157
1576,small_business,Phnom Penh,9.0,39800.0,low,0,157
1577,small_business,Phnom Penh,4.2,61690.0,low,0,157
1578,corporate,Phnom Penh,2.8,187380.0,low,0,157
1579,small_business,Sihanoukville,10.0,78200.0,low,0,157
1580,cash_intensive,Siem Reap,3.7,52650.0,low,0,158
1581,retail_salaried,Siem Reap,9.5,2430.0,low,0,158
1582,retail_salaried,Phnom Penh,7.8,1850.0,low,0,158
1583,retail_salaried,Siem Reap,1.5,3890.0,low,0,158
1584,retail_self_employed,Kampot,7.0,3910.0,low,0,158
1585,cash_intensive,Phnom Penh,,51470.0,low,0,158
1586,retail_salaried,Phnom Penh,4.0,2320.0,low,1,158
1587,retail_self_employed,Battambang,9.2,9050.0,low,0,158
1588,retail_salaried,Sihanoukville,4.8,640.0,low,0,158
1589,retail_salaried,Sihanoukville,2.0,5780.0,low,0,158
1590,retail_salaried,Siem Reap,0.1,2150.0,low,0,159
1591,retail_salaried,Siem Reap,3.9,2310.0,low,0,159
1592,cash_intensive,Phnom Penh,3.1,51850.0,medium,0,159
1593,retail_salaried,Battambang,3.4,1460.0,low,0,159
1594,small_business,Phnom Penh,6.3,10710.0,low,0,159
1595,retail_self_employed,Phnom Penh,5.8,6910.0,medium,0,159
1596,retail_salaried,Phnom Penh,,8540.0,low,0,159
1597,retail_salaried,Phnom Penh,12.0,820.0,medium,0,159
1598,small_business,Siem Reap,7.6,9460.0,low,0,159
1599,retail_salaried,Siem Reap,4.5,580.0,low,0,159
1600,cash_intensive,Phnom Penh,4.1,25320.0,low,0,160
1601,retail_salaried,Phnom Penh,0.9,4860.0,low,0,160
1602,retail_self_employed,Battambang,4.5,4680.0,low,0,160
1603,small_business,Phnom Penh,21.1,37780.0,low,0,160
1604,retail_salaried,Phnom Penh,6.1,2410.0,low,0,160
1605,retail_salaried,Siem Reap,9.9,1980.0,low,0,160
1606,corporate,Phnom Penh,1.5,,low,0,160
1607,retail_salaried,Kampot,3.0,1090.0,low,0,160
1608,retail_salaried,Siem Reap,1.2,2010.0,medium,0,160
1609,retail_salaried,Siem Reap,5.4,4700.0,low,0,160
1610,retail_salaried,Phnom Penh,6.8,3700.0,low,0,161
1611,small_business,Kampot,1.3,8420.0,low,0,161
1612,small_business,Phnom Penh,1.4,75300.0,low,0,161
1613,Retail Salaried,Sihanoukville,2.6,4700.0,low,0,161
1614,small_business,Siem Reap,0.6,32240.0,low,0,161
1615,retail_salaried,Siem Reap,1.2,1870.0,low,0,161
1616,retail_salaried,Battambang,13.1,4180.0,medium,0,161
1617,retail_self_employed,Sihanoukville,1.3,1300.0,low,0,161
1618,corporate,Phnom Penh,1.7,221490.0,low,0,161
1619,retail_salaried,Phnom Penh,5.7,6500.0,medium,0,161
1620,Retail Salaried,Phnom Penh,2.5,2670.0,low,0,162
1621,retail_salaried,Sihanoukville,1.0,530.0,low,0,162
1622,small_business,Phnom Penh,4.9,35910.0,low,0,162
1623,retail_salaried,Sihanoukville,8.3,600.0,low,0,162
1624,retail_salaried,Phnom Penh,9.3,4300.0,low,0,162
1625,retail_self_employed,Battambang,4.2,6910.0,low,0,162
1626,retail_salaried,Battambang,1.9,900.0,low,0,162
1627,retail_salaried,Phnom Penh,2.7,1270.0,low,0,162
1628,Retail Salaried,Phnom Penh,5.2,6020.0,low,0,162
1629,Retail Salaried,Phnom Penh,2.9,3260.0,low,0,162
1630,retail_salaried,Kampot,3.3,2720.0,low,0,163
1631,small_business,Phnom Penh,2.2,103770.0,low,0,163
1632,retail_self_employed,Kampot,0.2,19950.0,medium,0,163
1633,retail_self_employed,Phnom Penh,0.3,19880.0,low,0,163
1634,corporate,Sihanoukville,4.3,385330.0,medium,0,163
1635,retail_salaried,Battambang,3.0,5940.0,low,0,163
1636,retail_salaried,Phnom Penh,2.2,3390.0,low,0,163
1637,cash_intensive,Phnom Penh,8.1,24420.0,low,0,163
1638,retail_salaried,Sihanoukville,9.8,2790.0,low,0,163
1639,retail_self_employed,Sihanoukville,10.8,8370.0,low,0,163
1640,small_business,Siem Reap,4.0,39390.0,low,0,164
1641,retail_salaried,Phnom Penh,6.0,840.0,low,0,164
1642,retail_salaried,Battambang,6.2,960.0,low,0,164
1643,retail_salaried,Siem Reap,3.1,3840.0,low,0,164
1644,retail_salaried,Sihanoukville,1.1,2160.0,low,0,164
1645,retail_salaried,Phnom Penh,6.2,5130.0,low,0,164
1646,retail_salaried,Battambang,1.5,690.0,low,0,164
1647,small_business,Battambang,1.7,,low,0,164
1648,Cash Intensive,Battambang,2.2,9460.0,low,0,164
1649,small_business,Siem Reap,3.1,33030.0,low,0,164
1650,Retail Salaried,Kampot,1.3,,low,0,165
1651,retail_salaried,Battambang,3.3,8610.0,low,0,165
1652,retail_salaried,Sihanoukville,4.4,,low,0,165
1653,retail_salaried,Phnom Penh,0.9,3740.0,low,0,165
1654,cash_intensive,Phnom Penh,1.2,23480.0,medium,0,165
1655,retail_salaried,Phnom Penh,4.2,680.0,low,0,165
1656,retail_salaried,Phnom Penh,2.6,1620.0,low,0,165
1657,small_business,Sihanoukville,7.0,52700.0,low,0,165
1658,retail_salaried,Phnom Penh,6.9,1760.0,low,0,165
1659,retail_salaried,Battambang,4.7,2320.0,low,0,165
1660,retail_salaried,Phnom Penh,3.1,13570.0,low,0,166
1661,retail_self_employed,Phnom Penh,4.6,9020.0,low,0,166
1662,small_business,Kampot,6.1,3980.0,low,0,166
1663,retail_salaried,Phnom Penh,17.5,1310.0,medium,0,166
1664,Cash Intensive,Phnom Penh,2.8,69190.0,low,0,166
1665,small_business,Sihanoukville,16.7,7230.0,low,0,166
1666,small_business,Battambang,8.5,32930.0,low,0,166
1667,retail_salaried,Battambang,15.9,,medium,0,166
1668,retail_salaried,Battambang,2.8,2990.0,low,0,166
1669,small_business,Phnom Penh,5.6,17160.0,high,0,166
1670,retail_salaried,Phnom Penh,,1650.0,medium,0,167
1671,retail_self_employed,Battambang,2.9,6680.0,low,0,167
1672,small_business,Siem Reap,3.3,22540.0,low,0,167
1673,retail_salaried,Siem Reap,2.3,870.0,low,0,167
1674,small_business,Phnom Penh,0.1,28510.0,low,0,167
1675,cash_intensive,Kampot,3.5,24370.0,low,0,167
1676,retail_self_employed,Phnom Penh,9.9,6310.0,low,0,167
1677,retail_salaried,Phnom Penh,3.6,1260.0,low,0,167
1678,Small Business,Battambang,2.1,33290.0,low,0,167
1679,retail_salaried,Siem Reap,3.4,17330.0,low,1,167
1680,retail_self_employed,Sihanoukville,,4560.0,low,0,168
1681,small_business,Phnom Penh,0.8,14460.0,low,0,168
1682,retail_self_employed,Phnom Penh,3.9,5070.0,low,0,168
1683,retail_salaried,Battambang,,12020.0,low,0,168
1684,retail_salaried,Phnom Penh,2.7,7040.0,low,0,168
1685,retail_salaried,Sihanoukville,1.3,3690.0,low,0,168
1686,retail_salaried,Sihanoukville,1.4,4030.0,low,0,168
1687,retail_salaried,Sihanoukville,8.8,1300.0,medium,0,168
1688,retail_self_employed,Phnom Penh,0.8,20610.0,medium,0,168
1689,retail_salaried,Sihanoukville,13.8,1390.0,low,0,168
1690,small_business,Siem Reap,8.9,37560.0,medium,0,169
1691,cash_intensive,Sihanoukville,12.9,29770.0,low,0,169
1692,retail_salaried,Battambang,7.7,6960.0,low,0,169
1693,retail_self_employed,Phnom Penh,3.2,3840.0,low,0,169
1694,retail_self_employed,Phnom Penh,3.2,4310.0,low,0,169
1695,retail_salaried,Phnom Penh,5.9,3770.0,low,0,169
1696,retail_salaried,Phnom Penh,,4140.0,low,0,169
1697,small_business,Phnom Penh,2.7,21950.0,low,0,169
1698,corporate,Phnom Penh,,257010.0,medium,0,169
1699,retail_self_employed,Sihanoukville,8.3,1190.0,high,0,169
1700,cash_intensive,Kampot,6.3,61280.0,low,0,170
1701,corporate,Kampot,,240800.0,low,0,170
1702,retail_salaried,Kampot,5.2,4590.0,high,0,170
1703,retail_self_employed,Phnom Penh,3.8,9690.0,low,0,170
1704,retail_salaried,Battambang,2.3,1400.0,low,0,170
1705,corporate,Sihanoukville,2.8,315650.0,low,0,170
1706,retail_salaried,Siem Reap,1.5,890.0,low,0,170
1707,retail_salaried,Sihanoukville,6.9,3550.0,low,0,170
1708,small_business,Phnom Penh,2.6,43620.0,low,0,170
1709,retail_salaried,Phnom Penh,1.7,,medium,0,170
1710,small_business,Phnom Penh,3.7,28640.0,high,0,171
1711,retail_salaried,Siem Reap,1.7,3940.0,low,0,171
1712,corporate,Siem Reap,11.9,342920.0,low,0,171
1713,cash_intensive,Siem Reap,7.1,246540.0,medium,0,171
1714,retail_salaried,Siem Reap,5.3,1290.0,medium,0,171
1715,small_business,Kampot,7.6,20170.0,low,0,171
1716,retail_salaried,Kampot,9.7,2480.0,low,0,171
1717,retail_self_employed,Siem Reap,12.3,9650.0,low,0,171
1718,retail_self_employed,Phnom Penh,5.6,3820.0,low,0,171
1719,small_business,Phnom Penh,3.4,24940.0,medium,0,171
1720,retail_salaried,Siem Reap,5.2,870.0,low,0,172
1721,retail_salaried,Phnom Penh,6.6,1390.0,low,0,172
1722,retail_self_employed,Phnom Penh,2.0,9830.0,low,0,172
1723,retail_self_employed,Phnom Penh,1.6,5150.0,low,0,172
1724,retail_salaried,Phnom Penh,8.1,1760.0,low,0,172
1725,retail_salaried,Sihanoukville,4.4,2890.0,low,0,172
1726,retail_salaried,Kampot,1.3,1280.0,low,0,172
1727,small_business,Phnom Penh,4.2,78870.0,low,0,172
1728,retail_salaried,Kampot,3.1,7660.0,low,0,172
1729,retail_salaried,Phnom Penh,6.7,880.0,low,0,172
1730,cash_intensive,Kampot,1.0,55300.0,medium,0,173
1731,retail_salaried,Phnom Penh,2.4,1090.0,low,0,173
1732,retail_self_employed,Kampot,4.9,12690.0,low,0,173
1733,Retail Salaried,Phnom Penh,1.6,2900.0,low,0,173
1734,small_business,Battambang,12.2,30310.0,low,0,173
1735,Retail Self Employed,Phnom Penh,7.3,16990.0,low,0,173
1736,cash_intensive,Battambang,6.0,16880.0,low,0,173
1737,retail_salaried,Battambang,5.3,1980.0,low,0,173
1738,retail_salaried,Siem Reap,12.9,750.0,low,0,173
1739,small_business,Siem Reap,1.9,,low,0,173
1740,retail_salaried,Sihanoukville,,2720.0,low,0,174
1741,retail_salaried,Phnom Penh,4.0,1590.0,low,0,174
1742,retail_salaried,Phnom Penh,7.7,1340.0,low,0,174
1743,corporate,Siem Reap,1.7,153830.0,low,0,174
1744,retail_self_employed,Kampot,5.7,17740.0,low,0,174
1745,retail_self_employed,Siem Reap,10.2,7050.0,low,0,174
1746,retail_self_employed,Phnom Penh,10.6,,low,0,174
1747,retail_salaried,Sihanoukville,6.6,1880.0,low,0,174
1748,retail_salaried,Phnom Penh,11.4,1240.0,low,0,174
1749,retail_salaried,Phnom Penh,4.6,1030.0,low,0,174
1750,retail_self_employed,Siem Reap,4.4,5550.0,low,0,175
1751,retail_salaried,Phnom Penh,4.1,,low,0,175
1752,cash_intensive,Phnom Penh,1.8,76250.0,low,0,175
1753,Small Business,Phnom Penh,7.4,38000.0,low,0,175
1754,retail_salaried,Phnom Penh,3.1,1710.0,low,0,175
1755,retail_self_employed,Phnom Penh,7.1,14150.0,low,0,175
1756,retail_salaried,Sihanoukville,9.9,1980.0,low,0,175
1757,corporate,Phnom Penh,4.5,83110.0,low,0,175
1758,cash_intensive,Kampot,0.7,24400.0,low,0,175
1759,cash_intensive,Kampot,10.8,107750.0,low,0,175
1760,retail_salaried,Phnom Penh,4.3,840.0,low,0,176
1761,retail_salaried,Phnom Penh,19.2,1350.0,low,0,176
1762,retail_salaried,Phnom Penh,2.7,3040.0,low,0,176
1763,retail_salaried,Siem Reap,2.2,2840.0,low,0,176
1764,retail_salaried,Sihanoukville,4.0,5410.0,low,0,176
1765,retail_salaried,Battambang,1.5,4760.0,low,0,176
1766,corporate,Kampot,1.7,254690.0,low,0,176
1767,retail_salaried,Sihanoukville,4.0,2770.0,high,0,176
1768,retail_salaried,Phnom Penh,3.1,1630.0,low,0,176
1769,small_business,Siem Reap,3.9,6350.0,low,0,176
1770,retail_self_employed,Siem Reap,8.5,6620.0,low,0,177
1771,small_business,Siem Reap,8.1,12780.0,low,0,177
1772,retail_self_employed,Phnom Penh,6.8,3310.0,low,0,177
1773,cash_intensive,Phnom Penh,11.7,45120.0,medium,0,177
1774,retail_self_employed,Phnom Penh,11.4,4040.0,low,0,177
1775,retail_salaried,Sihanoukville,18.3,2440.0,low,0,177
1776,retail_self_employed,Phnom Penh,2.3,12810.0,low,0,177
1777,retail_salaried,Phnom Penh,9.7,2260.0,low,0,177
1778,retail_salaried,Siem Reap,2.1,1320.0,low,0,177
1779,retail_salaried,Kampot,6.4,2530.0,low,0,177
1780,retail_salaried,Phnom Penh,5.1,2250.0,low,0,178
1781,small_business,Sihanoukville,11.2,26990.0,low,0,178
1782,retail_salaried,Battambang,5.7,1030.0,low,0,178
1783,retail_salaried,Siem Reap,1.3,3420.0,low,0,178
1784,retail_salaried,Phnom Penh,0.5,1050.0,low,0,178
1785,small_business,Kampot,5.8,76700.0,low,0,178
1786,retail_salaried,Sihanoukville,2.5,1900.0,low,0,178
1787,retail_self_employed,Kampot,7.1,6630.0,low,0,178
1788,small_business,Phnom Penh,20.6,37460.0,low,0,178
1789,retail_salaried,Siem Reap,1.5,,low,0,178
1790,small_business,Siem Reap,2.8,8330.0,low,0,179
1791,retail_salaried,Sihanoukville,8.2,1090.0,low,0,179
1792,retail_salaried,Battambang,6.3,1350.0,low,0,179
1793,retail_self_employed,Siem Reap,8.4,4040.0,low,0,179
1794,cash_intensive,Siem Reap,2.3,38160.0,low,0,179
1795,Retail Salaried,Phnom Penh,4.1,1950.0,low,0,179
1796,retail_self_employed,Phnom Penh,3.0,6360.0,low,0,179
1797,retail_salaried,Phnom Penh,4.6,5180.0,low,0,179
1798,retail_self_employed,Phnom Penh,3.2,4430.0,low,0,179
1799,retail_self_employed,Phnom Penh,2.1,23150.0,low,0,179
1800,retail_self_employed,Phnom Penh,1.8,9850.0,low,0,180
1801,retail_self_employed,Siem Reap,2.7,6550.0,low,0,180
1802,retail_salaried,Battambang,0.8,,low,0,180
1803,Retail Self Employed,Phnom Penh,6.4,6050.0,low,0,180
1804,retail_self_employed,Phnom Penh,,6390.0,low,0,180
1805,retail_self_employed,Siem Reap,7.7,8210.0,low,0,180
1806,retail_salaried,Siem Reap,13.7,4320.0,low,0,180
1807,Retail Salaried,Phnom Penh,5.9,4470.0,low,0,180
1808,Retail Salaried,Siem Reap,3.1,4920.0,low,0,180
1809,retail_salaried,Battambang,12.8,2140.0,medium,0,180
1810,retail_salaried,Kampot,8.7,1380.0,low,0,181
1811,retail_salaried,Kampot,,540.0,low,0,181
1812,retail_self_employed,Phnom Penh,6.4,13430.0,low,0,181
1813,retail_salaried,Kampot,1.6,850.0,low,0,181
1814,small_business,Siem Reap,9.1,29430.0,low,0,181
1815,retail_salaried,Siem Reap,2.5,1570.0,low,0,181
1816,Small Business,Phnom Penh,3.5,37000.0,high,0,181
1817,Retail Salaried,Phnom Penh,8.3,1080.0,low,0,181
1818,retail_salaried,Phnom Penh,3.3,4000.0,low,0,181
1819,retail_self_employed,Phnom Penh,2.0,7110.0,medium,0,181
1820,cash_intensive,Sihanoukville,4.1,22950.0,low,0,182
1821,retail_salaried,Phnom Penh,4.6,1140.0,low,0,182
1822,retail_salaried,Phnom Penh,3.7,1810.0,high,0,182
1823,Retail Self Employed,Phnom Penh,5.2,5420.0,medium,0,182
1824,retail_self_employed,Phnom Penh,5.8,7290.0,low,0,182
1825,retail_salaried,Phnom Penh,11.1,2500.0,low,0,182
1826,retail_salaried,Phnom Penh,4.9,2740.0,medium,0,182
1827,retail_salaried,Sihanoukville,2.6,2100.0,low,0,182
1828,cash_intensive,Phnom Penh,2.2,314990.0,low,0,182
1829,retail_salaried,Phnom Penh,8.4,4590.0,low,0,182
1830,retail_salaried,Battambang,7.1,,low,0,183
1831,corporate,Phnom Penh,7.6,,low,0,183
1832,retail_salaried,Sihanoukville,4.1,910.0,low,1,183
1833,retail_salaried,Sihanoukville,1.4,3900.0,low,0,183
1834,retail_salaried,Siem Reap,3.5,4890.0,low,0,183
1835,retail_salaried,Sihanoukville,4.1,2820.0,low,0,183
1836,retail_salaried,Sihanoukville,3.0,1260.0,low,0,183
1837,retail_salaried,Battambang,9.4,960.0,high,0,183
1838,small_business,Phnom Penh,2.2,85320.0,low,0,183
1839,retail_self_employed,Phnom Penh,10.1,12340.0,medium,0,183
1840,retail_salaried,Phnom Penh,9.2,2600.0,low,0,184
1841,retail_self_employed,Phnom Penh,0.7,2190.0,low,0,184
1842,retail_salaried,Kampot,0.8,2960.0,low,0,184
1843,cash_intensive,Phnom Penh,5.2,91450.0,low,0,184
1844,retail_salaried,Phnom Penh,8.0,,low,0,184
1845,retail_self_employed,Phnom Penh,4.7,3770.0,low,0,184
1846,retail_salaried,Siem Reap,6.6,,low,0,184
1847,retail_self_employed,Kampot,0.4,6050.0,low,0,184
1848,retail_salaried,Siem Reap,0.8,4420.0,low,0,184
1849,small_business,Siem Reap,3.1,6860.0,low,0,184
1850,retail_salaried,Sihanoukville,8.9,1780.0,low,0,185
1851,cash_intensive,Phnom Penh,4.8,37700.0,low,0,185
1852,retail_salaried,Siem Reap,3.1,840.0,low,0,185
1853,small_business,Phnom Penh,4.4,44840.0,low,0,185
1854,small_business,Phnom Penh,7.1,20080.0,medium,0,185
1855,corporate,Phnom Penh,13.6,574740.0,high,0,185
1856,retail_salaried,Siem Reap,4.0,1040.0,low,0,185
1857,retail_salaried,Kampot,2.0,710.0,medium,0,185
1858,retail_salaried,Battambang,0.5,2240.0,medium,0,185
1859,retail_salaried,Battambang,2.7,1770.0,medium,0,185
1860,retail_self_employed,Siem Reap,3.5,7390.0,low,0,186
1861,corporate,Sihanoukville,7.2,462770.0,low,0,186
1862,corporate,Phnom Penh,1.5,139770.0,low,0,186
1863,retail_salaried,Phnom Penh,15.1,2900.0,low,0,186
1864,retail_self_employed,Siem Reap,4.4,6250.0,low,0,186
1865,small_business,Siem Reap,2.7,18440.0,low,0,186
1866,cash_intensive,Sihanoukville,1.3,40320.0,low,0,186
1867,retail_salaried,Phnom Penh,4.5,3380.0,low,0,186
1868,retail_salaried,Sihanoukville,6.1,3040.0,medium,0,186
1869,small_business,Battambang,7.1,,low,0,186
1870,retail_salaried,Battambang,,1620.0,low,0,187
1871,retail_salaried,Phnom Penh,4.9,,low,0,187
1872,corporate,Phnom Penh,8.9,305110.0,low,0,187
1873,corporate,Phnom Penh,3.6,346730.0,low,0,187
1874,cash_intensive,Siem Reap,2.3,27660.0,low,0,187
1875,small_business,Siem Reap,7.2,,low,0,187
1876,retail_salaried,Siem Reap,3.7,5610.0,high,0,187
1877,retail_salaried,Phnom Penh,5.2,8690.0,low,0,187
1878,retail_salaried,Phnom Penh,7.2,1840.0,low,0,187
1879,retail_self_employed,Siem Reap,3.5,8930.0,low,0,187
1880,retail_salaried,Phnom Penh,0.9,3450.0,low,0,188
1881,retail_self_employed,Siem Reap,1.6,10950.0,medium,0,188
1882,retail_salaried,Phnom Penh,5.8,1710.0,low,0,188
1883,retail_self_employed,Phnom Penh,14.6,2730.0,low,0,188
1884,retail_salaried,Sihanoukville,4.7,6020.0,medium,0,188
1885,retail_salaried,Siem Reap,4.4,2040.0,low,0,188
1886,retail_salaried,Battambang,0.5,6170.0,low,0,188
1887,retail_salaried,Phnom Penh,2.3,11960.0,low,0,188
1888,small_business,Siem Reap,2.2,20180.0,low,1,188
1889,retail_salaried,Phnom Penh,1.4,6110.0,low,0,188
1890,retail_salaried,Kampot,5.8,1460.0,low,0,189
1891,small_business,Sihanoukville,1.3,85750.0,low,0,189
1892,retail_self_employed,Siem Reap,6.7,4490.0,low,0,189
1893,retail_salaried,Siem Reap,3.8,1490.0,medium,0,189
1894,retail_salaried,Battambang,8.8,,low,0,189
1895,retail_salaried,Battambang,,3210.0,medium,0,189
1896,retail_self_employed,Phnom Penh,6.4,,low,0,189
1897,retail_salaried,Phnom Penh,1.1,2260.0,low,0,189
1898,retail_salaried,Siem Reap,16.0,3410.0,low,0,189
1899,retail_salaried,Phnom Penh,5.0,2260.0,low,0,189
1900,retail_self_employed,Kampot,1.7,4330.0,medium,0,190
1901,retail_salaried,Kampot,1.0,1190.0,low,0,190
1902,small_business,Siem Reap,5.5,23690.0,low,0,190
1903,retail_salaried,Phnom Penh,,1210.0,low,0,190
1904,retail_self_employed,Sihanoukville,14.1,5550.0,low,0,190
1905,retail_salaried,Phnom Penh,3.0,1650.0,low,0,190
1906,retail_salaried,Siem Reap,3.2,2800.0,low,0,190
1907,retail_salaried,Sihanoukville,4.6,,low,0,190
1908,small_business,Siem Reap,,80510.0,low,0,190
1909,cash_intensive,Battambang,3.5,53480.0,low,0,190
1910,retail_salaried,Siem Reap,4.6,1740.0,low,0,191
1911,retail_salaried,Phnom Penh,9.8,,low,0,191
1912,cash_intensive,Phnom Penh,0.2,24200.0,high,0,191
1913,retail_salaried,Sihanoukville,0.1,1060.0,medium,0,191
1914,retail_salaried,Siem Reap,4.9,940.0,low,0,191
1915,retail_salaried,Phnom Penh,16.6,3570.0,low,0,191
1916,retail_self_employed,Battambang,,19010.0,low,1,191
1917,retail_self_employed,Phnom Penh,7.0,1500.0,low,0,191
1918,Retail Self Employed,Phnom Penh,1.9,20730.0,medium,0,191
1919,corporate,Phnom Penh,5.6,223170.0,medium,0,191
1920,retail_salaried,Phnom Penh,6.3,,low,0,192
1921,retail_salaried,Phnom Penh,8.5,1400.0,medium,0,192
1922,retail_salaried,Phnom Penh,1.3,4150.0,low,0,192
1923,retail_salaried,Phnom Penh,3.3,2430.0,low,0,192
1924,retail_salaried,Phnom Penh,9.8,2870.0,low,0,192
1925,retail_salaried,Phnom Penh,2.3,5170.0,low,0,192
1926,retail_salaried,Phnom Penh,4.8,6200.0,low,0,192
1927,retail_self_employed,Phnom Penh,4.0,9250.0,low,0,192
1928,retail_salaried,Sihanoukville,8.4,1340.0,high,0,192
1929,retail_salaried,Battambang,4.0,720.0,low,0,192
1930,retail_self_employed,Phnom Penh,1.1,4870.0,low,0,193
1931,retail_self_employed,Phnom Penh,,12130.0,low,0,193
1932,small_business,Siem Reap,4.0,28010.0,low,0,193
1933,small_business,Siem Reap,1.8,47960.0,low,0,193
1934,retail_self_employed,Siem Reap,7.7,,medium,0,193
1935,retail_salaried,Phnom Penh,3.9,1220.0,low,0,193
1936,retail_salaried,Siem Reap,9.9,3010.0,low,0,193
1937,retail_self_employed,Sihanoukville,2.1,6660.0,low,0,193
1938,retail_salaried,Phnom Penh,4.0,,low,0,193
1939,retail_salaried,Siem Reap,5.3,1680.0,low,0,193
1940,retail_salaried,Battambang,2.4,960.0,low,0,194
1941,retail_salaried,Sihanoukville,8.7,1590.0,low,0,194
1942,retail_salaried,Battambang,6.6,2680.0,low,0,194
1943,Retail Salaried,Phnom Penh,7.7,2350.0,low,0,194
1944,Small Business,Sihanoukville,8.3,50030.0,low,0,194
1945,cash_intensive,Battambang,1.1,26150.0,low,0,194
1946,retail_salaried,Phnom Penh,18.8,,low,0,194
1947,cash_intensive,Phnom Penh,6.9,,low,0,194
1948,retail_salaried,Phnom Penh,12.9,1750.0,low,0,194
1949,cash_intensive,Phnom Penh,,160420.0,low,0,194
1950,corporate,Phnom Penh,9.8,165640.0,low,0,195
1951,retail_salaried,Phnom Penh,8.6,2620.0,low,0,195
1952,small_business,Siem Reap,7.6,19980.0,low,0,195
1953,corporate,Phnom Penh,2.7,438780.0,low,0,195
1954,cash_intensive,Siem Reap,3.5,24320.0,medium,0,195
1955,corporate,Siem Reap,1.4,254660.0,low,0,195
1956,retail_self_employed,Kampot,4.3,7410.0,high,0,195
1957,retail_salaried,Siem Reap,3.4,2080.0,low,0,195
1958,small_business,Phnom Penh,7.5,59940.0,medium,0,195
1959,retail_self_employed,Siem Reap,5.4,5960.0,low,0,195
1960,retail_self_employed,Phnom Penh,4.7,5180.0,low,0,196
1961,retail_salaried,Phnom Penh,2.6,1460.0,low,0,196
1962,retail_self_employed,Siem Reap,2.4,7320.0,low,0,196
1963,Retail Salaried,Battambang,2.5,2500.0,low,0,196
1964,retail_self_employed,Phnom Penh,1.9,4020.0,low,0,196
1965,Retail Salaried,Phnom Penh,2.6,5680.0,low,0,196
1966,Retail Self Employed,Siem Reap,6.6,20270.0,high,0,196
1967,small_business,Phnom Penh,3.1,197330.0,low,0,196
1968,retail_salaried,Kampot,2.6,1010.0,low,0,196
1969,retail_salaried,Phnom Penh,3.1,3700.0,medium,0,196
1970,retail_salaried,Phnom Penh,3.4,2310.0,low,0,197
1971,corporate,Battambang,1.3,237490.0,low,0,197
1972,Retail Self Employed,Battambang,2.0,15470.0,low,0,197
1973,retail_salaried,Phnom Penh,3.4,1230.0,low,0,197
1974,retail_salaried,Siem Reap,3.3,910.0,low,0,197
1975,retail_salaried,Battambang,8.3,2070.0,low,0,197
1976,retail_salaried,Phnom Penh,6.0,2020.0,low,0,197
1977,cash_intensive,Phnom Penh,3.3,92630.0,low,0,197
1978,retail_self_employed,Phnom Penh,7.5,6040.0,low,0,197
1979,retail_salaried,Phnom Penh,7.8,4810.0,medium,0,197
1980,small_business,Kampot,7.1,7370.0,medium,0,198
1981,retail_salaried,Sihanoukville,5.7,3100.0,low,0,198
1982,small_business,Phnom Penh,5.8,18760.0,medium,0,198
1983,retail_salaried,Phnom Penh,19.6,2730.0,low,0,198
1984,retail_self_employed,Siem Reap,4.6,4140.0,medium,0,198
1985,cash_intensive,Phnom Penh,3.4,32090.0,low,0,198
1986,Retail Salaried,Phnom Penh,4.4,,low,0,198
1987,retail_self_employed,Phnom Penh,2.6,8700.0,medium,0,198
1988,corporate,Kampot,5.9,145290.0,low,0,198
1989,retail_salaried,Phnom Penh,5.7,1360.0,low,0,198
1990,retail_salaried,Phnom Penh,5.5,940.0,low,0,199
1991,retail_self_employed,Battambang,7.3,2090.0,low,0,199
1992,retail_salaried,Siem Reap,3.8,4600.0,low,0,199
1993,retail_salaried,Siem Reap,3.5,3650.0,low,0,199
1994,retail_salaried,Phnom Penh,0.1,1110.0,low,0,199
1995,small_business,Sihanoukville,2.2,44620.0,medium,0,199
1996,retail_salaried,Sihanoukville,5.0,5820.0,low,0,199
1997,retail_salaried,Phnom Penh,3.8,2280.0,low,0,199
1998,small_business,Battambang,,29010.0,low,0,199
1999,retail_salaried,Siem Reap,12.4,8250.0,low,0,199
2000,small_business,Phnom Penh,,51560.0,low,0,200
2001,retail_salaried,Phnom Penh,,1000.0,low,0,200
2002,corporate,Battambang,13.3,366900.0,low,0,200
2003,retail_self_employed,Phnom Penh,3.2,3680.0,low,0,200
2004,retail_salaried,Phnom Penh,1.3,4030.0,low,0,200
2005,cash_intensive,Battambang,4.4,26310.0,low,0,200
2006,retail_salaried,Battambang,1.5,1500.0,low,0,200
2007,retail_salaried,Battambang,2.3,4810.0,low,0,200
2008,retail_salaried,Phnom Penh,9.9,,low,0,200
2009,Retail Self Employed,Phnom Penh,,6990.0,low,0,200
2010,retail_salaried,Phnom Penh,,930.0,low,0,201
2011,retail_salaried,Phnom Penh,4.5,2690.0,low,0,201
2012,retail_salaried,Phnom Penh,3.7,1140.0,low,0,201
2013,retail_salaried,Siem Reap,7.2,1370.0,low,0,201
2014,retail_salaried,Phnom Penh,5.4,1530.0,low,0,201
2015,retail_salaried,Sihanoukville,2.2,,low,0,201
2016,retail_salaried,Kampot,12.1,3660.0,low,0,201
2017,retail_salaried,Battambang,1.1,1710.0,low,0,201
2018,retail_self_employed,Phnom Penh,8.3,1950.0,low,0,201
2019,retail_salaried,Battambang,9.0,2140.0,medium,0,201
2020,retail_self_employed,Siem Reap,2.2,13450.0,low,0,202
2021,retail_salaried,Sihanoukville,12.8,3760.0,medium,0,202
2022,retail_salaried,Battambang,4.5,660.0,low,0,202
2023,retail_salaried,Sihanoukville,1.4,1540.0,low,0,202
2024,retail_salaried,Siem Reap,9.1,8890.0,low,0,202
2025,retail_salaried,Phnom Penh,10.5,4730.0,low,0,202
2026,small_business,Phnom Penh,1.9,18160.0,low,0,202
2027,retail_salaried,Phnom Penh,7.0,8090.0,low,0,202
2028,retail_salaried,Sihanoukville,3.8,290.0,low,0,202
2029,retail_self_employed,Phnom Penh,1.2,7460.0,low,0,202
2030,retail_salaried,Battambang,1.7,6500.0,medium,0,203
2031,retail_salaried,Battambang,1.1,1600.0,low,0,203
2032,retail_salaried,Phnom Penh,6.9,3210.0,low,0,203
2033,retail_salaried,Phnom Penh,1.0,2300.0,low,0,203
2034,retail_salaried,Kampot,1.9,3930.0,low,0,203
2035,small_business,Kampot,1.8,31600.0,low,0,203
2036,cash_intensive,Sihanoukville,14.9,137990.0,low,0,203
2037,retail_salaried,Siem Reap,1.2,3240.0,low,0,203
2038,retail_self_employed,Battambang,2.0,5470.0,low,0,203
2039,small_business,Phnom Penh,4.0,,low,0,203
2040,retail_salaried,Siem Reap,6.1,1980.0,high,0,204
2041,small_business,Siem Reap,0.5,11770.0,low,0,204
2042,retail_self_employed,Phnom Penh,4.2,3740.0,low,0,204
2043,cash_intensive,Phnom Penh,8.0,,low,0,204
2044,corporate,Kampot,4.5,176910.0,low,0,204
2045,retail_salaried,Phnom Penh,4.8,1070.0,low,0,204
2046,Retail Salaried,Siem Reap,4.6,2440.0,low,0,204
2047,retail_salaried,Phnom Penh,3.9,1730.0,low,0,204
2048,retail_salaried,Phnom Penh,0.6,3540.0,low,0,204
2049,retail_salaried,Siem Reap,4.7,2100.0,low,0,204
2050,corporate,Sihanoukville,7.4,275100.0,medium,0,205
2051,retail_salaried,Battambang,4.2,1190.0,low,0,205
2052,retail_salaried,Phnom Penh,9.1,1130.0,low,0,205
2053,small_business,Phnom Penh,4.1,10780.0,low,0,205
2054,retail_salaried,Sihanoukville,2.0,1460.0,low,0,205
2055,retail_salaried,Phnom Penh,6.8,1600.0,medium,0,205
2056,corporate,Sihanoukville,9.8,142770.0,low,0,205
2057,retail_salaried,Siem Reap,,1810.0,low,0,205
2058,retail_salaried,Phnom Penh,5.8,2750.0,low,0,205
2059,retail_salaried,Siem Reap,2.2,960.0,low,0,205
2060,cash_intensive,Phnom Penh,9.0,28000.0,low,0,206
2061,retail_salaried,Phnom Penh,3.2,1220.0,medium,0,206
2062,retail_salaried,Sihanoukville,4.5,7130.0,low,0,206
2063,retail_salaried,Sihanoukville,5.2,2040.0,low,0,206
2064,Retail Salaried,Phnom Penh,3.6,640.0,low,0,206
2065,cash_intensive,Sihanoukville,1.7,77250.0,low,0,206
2066,retail_salaried,Phnom Penh,8.6,4440.0,low,0,206
2067,corporate,Phnom Penh,9.7,575470.0,low,0,206
2068,Retail Salaried,Phnom Penh,2.7,,low,0,206
2069,retail_salaried,Siem Reap,2.0,1050.0,low,0,206
2070,small_business,Phnom Penh,4.3,13160.0,low,0,207
2071,retail_salaried,Phnom Penh,7.4,1270.0,low,0,207
2072,retail_salaried,Phnom Penh,4.3,1060.0,low,0,207
2073,Small Business,Phnom Penh,4.8,3940.0,low,0,207
2074,retail_salaried,Siem Reap,0.2,990.0,low,0,207
2075,Retail Salaried,Siem Reap,11.1,2260.0,low,0,207
2076,corporate,Sihanoukville,4.6,500320.0,low,0,207
2077,retail_salaried,Siem Reap,2.0,2520.0,low,0,207
2078,retail_salaried,Phnom Penh,4.1,980.0,low,0,207
2079,Retail Salaried,Phnom Penh,3.7,2930.0,low,0,207
2080,retail_salaried,Phnom Penh,,1910.0,low,0,208
2081,retail_salaried,Battambang,4.6,820.0,low,0,208
2082,retail_self_employed,Siem Reap,2.8,4430.0,low,0,208
2083,retail_salaried,Siem Reap,1.8,490.0,low,0,208
2084,retail_self_employed,Phnom Penh,3.6,3900.0,low,0,208
2085,retail_salaried,Battambang,1.1,1140.0,low,0,208
2086,Retail Salaried,Phnom Penh,5.0,7220.0,medium,0,208
2087,retail_salaried,Phnom Penh,10.8,4340.0,low,0,208
2088,retail_self_employed,Phnom Penh,15.3,2800.0,medium,0,208
2089,Retail Salaried,Sihanoukville,3.5,1180.0,low,0,208
2090,retail_salaried,Kampot,3.1,1550.0,low,0,209
2091,small_business,Phnom Penh,4.4,19540.0,low,0,209
2092,retail_self_employed,Battambang,1.8,11850.0,low,0,209
2093,retail_salaried,Phnom Penh,7.2,2510.0,low,0,209
2094,cash_intensive,Kampot,9.6,37140.0,medium,0,209
2095,retail_salaried,Sihanoukville,3.4,2550.0,low,0,209
2096,retail_salaried,Phnom Penh,2.6,4580.0,low,0,209
2097,retail_salaried,Battambang,0.9,1820.0,low,0,209
2098,retail_salaried,Battambang,11.3,3280.0,low,0,209
2099,retail_salaried,Phnom Penh,2.9,1810.0,low,0,209
2100,retail_self_employed,Phnom Penh,2.5,7270.0,low,0,210
2101,retail_salaried,Battambang,2.2,740.0,low,0,210
2102,small_business,Siem Reap,4.7,,low,0,210
2103,cash_intensive,Siem Reap,,54350.0,low,0,210
2104,retail_self_employed,Phnom Penh,2.5,7250.0,low,0,210
2105,retail_self_employed,Kampot,4.5,9460.0,low,0,210
2106,retail_self_employed,Phnom Penh,0.7,9370.0,low,0,210
2107,corporate,Sihanoukville,4.0,,low,0,210
2108,retail_salaried,Kampot,5.9,2570.0,low,0,210
2109,retail_salaried,Phnom Penh,3.9,2230.0,medium,0,210
2110,retail_salaried,Siem Reap,2.4,4400.0,low,0,211
2111,retail_salaried,Sihanoukville,3.2,4420.0,low,0,211
2112,retail_salaried,Siem Reap,1.5,2030.0,low,0,211
2113,Retail Self Employed,Phnom Penh,4.2,12620.0,low,0,211
2114,retail_salaried,Phnom Penh,3.0,11850.0,low,0,211
2115,cash_intensive,Sihanoukville,3.5,123750.0,medium,0,211
2116,retail_salaried,Sihanoukville,6.3,5090.0,low,0,211
2117,retail_salaried,Phnom Penh,3.1,3070.0,low,0,211
2118,retail_salaried,Phnom Penh,5.6,1600.0,low,0,211
2119,retail_salaried,Siem Reap,5.1,2060.0,low,0,211
2120,retail_salaried,Sihanoukville,1.6,660.0,low,0,212
2121,retail_salaried,Sihanoukville,14.0,1010.0,low,0,212
2122,retail_salaried,Phnom Penh,4.1,1120.0,low,0,212
2123,retail_salaried,Siem Reap,7.2,3450.0,low,0,212
2124,retail_salaried,Kampot,2.7,3090.0,low,0,212
2125,retail_salaried,Siem Reap,1.2,1900.0,low,0,212
2126,retail_salaried,Phnom Penh,9.1,3930.0,low,0,212
2127,retail_salaried,Phnom Penh,2.6,5700.0,low,0,212
2128,retail_salaried,Battambang,5.8,16860.0,low,0,212
2129,retail_salaried,Siem Reap,3.7,11420.0,low,0,212
2130,retail_salaried,Phnom Penh,9.0,3300.0,low,0,213
2131,small_business,Phnom Penh,3.9,4970.0,low,0,213
2132,corporate,Phnom Penh,2.6,183830.0,low,0,213
2133,cash_intensive,Siem Reap,0.6,24940.0,low,0,213
2134,retail_salaried,Kampot,6.9,2380.0,medium,0,213
2135,retail_salaried,Sihanoukville,4.9,1470.0,low,0,213
2136,retail_salaried,Phnom Penh,3.7,3350.0,low,0,213
2137,small_business,Battambang,7.2,12680.0,medium,0,213
2138,small_business,Phnom Penh,2.7,222170.0,low,0,213
2139,small_business,Phnom Penh,5.3,57160.0,low,0,213
2140,cash_intensive,Kampot,6.0,55320.0,low,0,214
2141,retail_salaried,Phnom Penh,2.5,2760.0,low,0,214
2142,small_business,Kampot,1.2,328280.0,low,0,214
2143,small_business,Battambang,9.4,107380.0,low,0,214
2144,retail_salaried,Siem Reap,6.2,1480.0,low,0,214
2145,cash_intensive,Siem Reap,2.7,54250.0,low,0,214
2146,retail_salaried,Battambang,0.7,1720.0,low,0,214
2147,corporate,Phnom Penh,,620430.0,low,0,214
2148,small_business,Phnom Penh,2.2,40280.0,low,0,214
2149,retail_salaried,Battambang,5.8,1310.0,low,0,214
2150,retail_self_employed,Phnom Penh,3.1,1510.0,low,0,215
2151,retail_salaried,Siem Reap,9.4,1720.0,low,0,215
2152,small_business,Phnom Penh,2.0,60470.0,low,0,215
2153,small_business,Phnom Penh,6.5,,low,0,215
2154,retail_self_employed,Phnom Penh,4.5,3630.0,medium,0,215
2155,small_business,Sihanoukville,3.1,61030.0,low,0,215
2156,retail_salaried,Battambang,5.4,1920.0,low,0,215
2157,retail_salaried,Sihanoukville,4.4,1470.0,low,0,215
2158,retail_salaried,Phnom Penh,2.3,1750.0,low,0,215
2159,retail_salaried,Siem Reap,12.7,2110.0,low,0,215
2160,retail_salaried,Siem Reap,2.1,2890.0,high,0,216
2161,retail_salaried,Siem Reap,7.8,3360.0,low,0,216
2162,retail_salaried,Siem Reap,1.4,2110.0,low,0,216
2163,retail_salaried,Siem Reap,5.1,1080.0,low,0,216
2164,small_business,Siem Reap,4.0,28530.0,low,0,216
2165,retail_salaried,Sihanoukville,9.0,3080.0,low,0,216
2166,cash_intensive,Kampot,2.7,56010.0,low,0,216
2167,retail_salaried,Phnom Penh,2.9,5210.0,low,0,216
2168,retail_salaried,Phnom Penh,6.1,1370.0,low,0,216
2169,retail_salaried,Phnom Penh,3.9,,low,0,216
2170,retail_salaried,Sihanoukville,5.8,1530.0,low,0,217
2171,Retail Salaried,Phnom Penh,2.3,1240.0,low,0,217
2172,retail_salaried,Phnom Penh,6.5,,low,0,217
2173,retail_salaried,Battambang,3.3,4060.0,low,0,217
2174,retail_salaried,Phnom Penh,,3730.0,low,0,217
2175,retail_self_employed,Phnom Penh,2.8,6450.0,low,0,217
2176,retail_salaried,Battambang,3.9,1260.0,low,0,217
2177,small_business,Phnom Penh,5.0,21160.0,low,0,217
2178,retail_salaried,Battambang,9.0,2660.0,low,0,217
2179,corporate,Phnom Penh,0.9,271380.0,low,0,217
2180,small_business,Siem Reap,11.5,28450.0,low,0,218
2181,corporate,Phnom Penh,0.7,159860.0,low,0,218
2182,small_business,Phnom Penh,,96440.0,low,0,218
2183,retail_salaried,Phnom Penh,0.3,3290.0,medium,0,218
2184,Retail Salaried,Battambang,4.4,2970.0,medium,0,218
2185,retail_salaried,Sihanoukville,1.8,3540.0,low,0,218
2186,small_business,Phnom Penh,5.3,75620.0,low,0,218
2187,retail_self_employed,Battambang,5.5,4930.0,low,0,218
2188,Retail Salaried,Sihanoukville,6.8,2750.0,low,0,218
2189,cash_intensive,Phnom Penh,1.1,40970.0,low,0,218
2190,retail_salaried,Phnom Penh,4.3,3140.0,low,0,219
2191,retail_self_employed,Phnom Penh,2.1,10910.0,low,0,219
2192,retail_self_employed,Siem Reap,3.9,5110.0,low,0,219
2193,retail_salaried,Kampot,1.2,1380.0,low,0,219
2194,retail_self_employed,Phnom Penh,10.9,5420.0,low,0,219
2195,small_business,Phnom Penh,6.3,27050.0,low,0,219
2196,retail_salaried,Sihanoukville,6.4,5000.0,medium,0,219
2197,retail_salaried,Phnom Penh,10.7,810.0,low,0,219
2198,retail_salaried,Battambang,0.8,2640.0,low,0,219
2199,Retail Self Employed,Phnom Penh,,1640.0,low,0,219
2200,retail_salaried,Phnom Penh,5.8,1520.0,low,0,220
2201,cash_intensive,Phnom Penh,11.4,30180.0,low,0,220
2202,cash_intensive,Battambang,4.5,78170.0,low,0,220
2203,retail_salaried,Phnom Penh,3.5,1960.0,low,0,220
2204,retail_salaried,Sihanoukville,9.5,1710.0,low,0,220
2205,Retail Self Employed,Siem Reap,5.8,2430.0,low,0,220
2206,retail_self_employed,Battambang,6.0,4640.0,low,0,220
2207,retail_salaried,Phnom Penh,8.4,4090.0,low,0,220
2208,retail_salaried,Sihanoukville,6.7,1740.0,low,0,220
2209,retail_salaried,Kampot,12.9,500.0,low,0,220
2210,corporate,Sihanoukville,0.1,224670.0,low,0,221
2211,retail_salaried,Phnom Penh,10.5,6190.0,low,0,221
2212,small_business,Phnom Penh,9.1,12010.0,medium,0,221
2213,retail_salaried,Kampot,3.2,1840.0,low,0,221
2214,cash_intensive,Sihanoukville,3.9,13930.0,low,0,221
2215,retail_salaried,Siem Reap,1.3,3160.0,low,0,221
2216,retail_salaried,Phnom Penh,1.8,1750.0,low,0,221
2217,cash_intensive,Sihanoukville,4.5,12450.0,low,0,221
2218,cash_intensive,Siem Reap,10.3,11130.0,low,0,221
2219,retail_salaried,Phnom Penh,3.0,7080.0,low,0,221
2220,retail_salaried,Siem Reap,8.5,1350.0,low,0,222
2221,retail_salaried,Phnom Penh,4.4,3430.0,high,0,222
2222,retail_salaried,Phnom Penh,5.7,4700.0,low,0,222
2223,retail_salaried,Phnom Penh,1.8,3140.0,low,0,222
2224,cash_intensive,Siem Reap,4.1,59230.0,low,0,222
2225,retail_salaried,Phnom Penh,7.2,6880.0,low,0,222
2226,retail_self_employed,Siem Reap,2.2,9170.0,low,0,222
2227,retail_salaried,Phnom Penh,4.3,1730.0,low,0,222
2228,retail_salaried,Sihanoukville,2.2,1670.0,high,0,222
2229,retail_self_employed,Sihanoukville,2.8,2930.0,low,0,222
2230,retail_salaried,Phnom Penh,7.4,660.0,low,0,223
2231,Retail Self Employed,Phnom Penh,0.7,9790.0,low,0,223
2232,retail_salaried,Siem Reap,4.4,4300.0,low,0,223
2233,cash_intensive,Siem Reap,1.1,28520.0,low,0,223
2234,retail_self_employed,Phnom Penh,4.2,3340.0,low,0,223
2235,small_business,Battambang,3.7,55140.0,low,0,223
2236,retail_salaried,Phnom Penh,0.2,2760.0,low,0,223
2237,retail_salaried,Siem Reap,4.7,2230.0,low,1,223
2238,retail_salaried,Phnom Penh,6.8,1010.0,low,0,223
2239,retail_salaried,Siem Reap,0.3,3800.0,low,0,223
2240,retail_salaried,Phnom Penh,2.5,1230.0,low,0,224
2241,retail_salaried,Kampot,1.7,4580.0,medium,0,224
2242,retail_salaried,Phnom Penh,4.6,1240.0,low,0,224
2243,retail_salaried,Phnom Penh,1.6,3820.0,low,0,224
2244,retail_salaried,Phnom Penh,17.2,2430.0,low,0,224
2245,retail_salaried,Phnom Penh,1.9,1490.0,low,0,224
2246,retail_salaried,Siem Reap,6.2,7910.0,low,0,224
2247,retail_self_employed,Sihanoukville,12.6,6100.0,low,0,224
2248,retail_salaried,Phnom Penh,2.5,840.0,low,0,224
2249,retail_salaried,Phnom Penh,2.0,1470.0,low,0,224
2250,retail_salaried,Phnom Penh,2.6,2150.0,low,0,225
2251,small_business,Siem Reap,1.1,56330.0,low,0,225
2252,retail_salaried,Battambang,2.1,1940.0,low,0,225
2253,retail_self_employed,Phnom Penh,6.7,8100.0,low,0,225
2254,corporate,Sihanoukville,1.9,568550.0,low,0,225
2255,retail_salaried,Battambang,2.0,1250.0,low,0,225
2256,cash_intensive,Sihanoukville,1.6,102930.0,low,0,225
2257,small_business,Phnom Penh,2.4,20220.0,low,0,225
2258,retail_salaried,Siem Reap,6.4,1230.0,low,0,225
2259,Retail Salaried,Siem Reap,4.4,4680.0,low,0,225
2260,retail_self_employed,Sihanoukville,0.8,4380.0,low,0,226
2261,corporate,Siem Reap,2.5,1014520.0,low,0,226
2262,retail_salaried,Battambang,2.5,1210.0,low,0,226
2263,retail_salaried,Kampot,3.0,7020.0,low,0,226
2264,retail_self_employed,Battambang,1.4,3290.0,low,0,226
2265,retail_salaried,Phnom Penh,4.1,2420.0,low,0,226
2266,small_business,Sihanoukville,,,medium,0,226
2267,retail_salaried,Phnom Penh,2.5,4120.0,low,0,226
2268,retail_self_employed,Phnom Penh,0.7,19610.0,low,1,226
2269,small_business,Phnom Penh,1.9,47130.0,low,0,226
2270,retail_self_employed,Battambang,2.9,,low,0,227
2271,retail_self_employed,Phnom Penh,10.9,4120.0,medium,0,227
2272,small_business,Phnom Penh,4.7,46270.0,medium,0,227
2273,small_business,Phnom Penh,4.7,4320.0,low,0,227
2274,small_business,Sihanoukville,7.5,23430.0,low,0,227
2275,retail_salaried,Phnom Penh,2.2,3310.0,low,0,227
2276,retail_self_employed,Siem Reap,1.2,1930.0,medium,0,227
2277,retail_salaried,Phnom Penh,2.9,6950.0,low,0,227
2278,small_business,Phnom Penh,2.8,16120.0,medium,0,227
2279,retail_self_employed,Phnom Penh,2.9,13240.0,low,0,227
2280,retail_salaried,Sihanoukville,2.1,1970.0,low,0,228
2281,retail_salaried,Phnom Penh,3.6,560.0,low,0,228
2282,retail_salaried,Sihanoukville,2.9,3730.0,low,0,228
2283,retail_self_employed,Siem Reap,9.9,4080.0,low,0,228
2284,retail_salaried,Sihanoukville,1.2,2750.0,low,0,228
2285,retail_salaried,Phnom Penh,5.3,7100.0,low,0,228
2286,cash_intensive,Phnom Penh,5.3,7890.0,low,0,228
2287,small_business,Sihanoukville,0.7,50440.0,low,0,228
2288,retail_salaried,Phnom Penh,1.9,2300.0,low,0,228
2289,retail_salaried,Battambang,4.7,7480.0,low,0,228
2290,corporate,Phnom Penh,1.8,173450.0,low,0,229
2291,retail_self_employed,Battambang,3.6,2340.0,low,0,229
2292,retail_self_employed,Phnom Penh,3.0,5850.0,medium,0,229
2293,retail_salaried,Sihanoukville,3.6,490.0,low,0,229
2294,retail_salaried,Siem Reap,4.1,9910.0,low,0,229
2295,retail_salaried,Kampot,3.0,4910.0,medium,0,229
2296,retail_self_employed,Phnom Penh,5.5,1330.0,low,0,229
2297,retail_salaried,Siem Reap,1.5,5270.0,low,0,229
2298,retail_salaried,Kampot,0.9,640.0,low,0,229
2299,retail_self_employed,Battambang,2.8,16980.0,low,0,229
2300,cash_intensive,Phnom Penh,11.5,64250.0,low,0,230
2301,small_business,Phnom Penh,1.6,79280.0,low,0,230
2302,Retail Salaried,Sihanoukville,7.0,3390.0,low,0,230
2303,retail_salaried,Phnom Penh,3.0,3610.0,low,0,230
2304,retail_salaried,Battambang,3.7,3090.0,low,0,230
2305,retail_salaried,Phnom Penh,2.9,2850.0,low,0,230
2306,retail_salaried,Phnom Penh,5.3,2900.0,low,0,230
2307,retail_salaried,Phnom Penh,5.5,1740.0,low,0,230
2308,retail_self_employed,Battambang,5.6,1400.0,low,0,230
2309,cash_intensive,Siem Reap,2.4,64130.0,low,0,230
2310,Corporate,Phnom Penh,12.9,146620.0,low,0,231
2311,retail_salaried,Sihanoukville,2.7,800.0,low,0,231
2312,retail_salaried,Phnom Penh,1.7,1230.0,low,0,231
2313,retail_salaried,Phnom Penh,3.4,2220.0,low,0,231
2314,retail_salaried,Phnom Penh,4.8,11860.0,low,0,231
2315,retail_salaried,Sihanoukville,5.0,330.0,medium,0,231
2316,retail_salaried,Phnom Penh,7.2,1410.0,low,0,231
2317,small_business,Siem Reap,10.5,14050.0,high,0,231
2318,retail_salaried,Battambang,6.4,4710.0,low,0,231
2319,cash_intensive,Battambang,7.9,67890.0,low,0,231
2320,retail_salaried,Battambang,6.3,1960.0,low,0,232
2321,retail_salaried,Phnom Penh,1.8,2200.0,low,0,232
2322,retail_salaried,Phnom Penh,18.8,2920.0,low,0,232
2323,retail_salaried,Phnom Penh,11.9,1150.0,medium,0,232
2324,retail_salaried,Phnom Penh,7.6,720.0,medium,0,232
2325,corporate,Sihanoukville,1.5,357540.0,low,0,232
2326,retail_salaried,Phnom Penh,7.2,3210.0,low,0,232
2327,retail_salaried,Phnom Penh,4.4,1800.0,low,0,232
2328,retail_self_employed,Phnom Penh,11.3,3270.0,low,0,232
2329,retail_salaried,Siem Reap,1.5,720.0,low,0,232
2330,retail_self_employed,Phnom Penh,5.0,12220.0,low,0,233
2331,retail_salaried,Sihanoukville,0.8,6540.0,medium,0,233
2332,small_business,Phnom Penh,7.7,55790.0,low,0,233
2333,retail_salaried,Phnom Penh,1.9,760.0,low,0,233
2334,retail_salaried,Siem Reap,3.1,7580.0,low,0,233
2335,retail_self_employed,Phnom Penh,6.1,21720.0,low,0,233
2336,small_business,Siem Reap,4.1,7800.0,low,0,233
2337,retail_salaried,Siem Reap,2.8,960.0,low,0,233
2338,retail_self_employed,Kampot,9.7,2430.0,low,0,233
2339,retail_salaried,Phnom Penh,3.6,4330.0,low,0,233
2340,retail_salaried,Battambang,1.8,,low,0,234
2341,retail_salaried,Phnom Penh,2.7,710.0,low,0,234
2342,retail_self_employed,Sihanoukville,3.9,18080.0,low,0,234
2343,retail_salaried,Phnom Penh,1.9,1780.0,low,0,234
2344,retail_self_employed,Siem Reap,3.0,4080.0,low,0,234
2345,retail_salaried,Phnom Penh,14.7,2640.0,low,0,234
2346,small_business,Phnom Penh,6.0,33830.0,low,0,234
2347,small_business,Battambang,6.5,57570.0,low,0,234
2348,retail_salaried,Sihanoukville,5.5,1300.0,low,0,234
2349,retail_salaried,Phnom Penh,0.9,5160.0,low,0,234
2350,retail_salaried,Phnom Penh,6.4,1990.0,low,0,235
2351,small_business,Phnom Penh,5.4,26140.0,low,0,235
2352,retail_salaried,Phnom Penh,4.0,2590.0,low,0,235
2353,retail_salaried,Kampot,4.0,1150.0,medium,0,235
2354,retail_salaried,Siem Reap,3.3,1590.0,low,0,235
2355,small_business,Sihanoukville,6.3,66640.0,low,0,235
2356,retail_salaried,Siem Reap,5.4,4340.0,low,0,235
2357,retail_salaried,Kampot,2.9,3100.0,medium,0,235
2358,corporate,Phnom Penh,1.8,384420.0,low,0,235
2359,retail_salaried,Sihanoukville,1.2,1060.0,low,0,235
2360,small_business,Sihanoukville,18.2,34070.0,low,0,236
2361,retail_salaried,Phnom Penh,3.3,1230.0,low,0,236
2362,retail_salaried,Sihanoukville,2.2,820.0,medium,0,236
2363,cash_intensive,Phnom Penh,2.9,11570.0,low,0,236
2364,Retail Self Employed,Siem Reap,5.7,1360.0,low,0,236
2365,retail_self_employed,Siem Reap,12.3,3020.0,low,0,236
2366,retail_salaried,Siem Reap,12.7,2610.0,low,0,236
2367,retail_salaried,Phnom Penh,2.5,6570.0,low,0,236
2368,retail_salaried,Phnom Penh,8.4,2030.0,medium,0,236
2369,retail_salaried,Phnom Penh,10.5,610.0,low,0,236
2370,retail_salaried,Phnom Penh,2.9,2880.0,low,0,237
2371,retail_salaried,Siem Reap,6.2,4850.0,medium,0,237
2372,retail_salaried,Sihanoukville,9.8,970.0,low,0,237
2373,retail_salaried,Phnom Penh,3.3,2110.0,low,0,237
2374,retail_salaried,Kampot,5.1,810.0,medium,0,237
2375,retail_salaried,Kampot,4.8,3330.0,low,0,237
2376,small_business,Battambang,5.1,7580.0,medium,0,237
2377,retail_self_employed,Battambang,2.8,8290.0,low,0,237
2378,retail_salaried,Siem Reap,2.7,9130.0,low,0,237
2379,retail_self_employed,Siem Reap,3.5,4480.0,low,0,237
2380,small_business,Battambang,9.9,,low,0,238
2381,retail_salaried,Battambang,8.3,2510.0,low,0,238
2382,retail_salaried,Kampot,1.5,650.0,medium,0,238
2383,retail_salaried,Phnom Penh,1.2,650.0,low,0,238
2384,retail_salaried,Siem Reap,3.9,6600.0,low,0,238
2385,small_business,Phnom Penh,5.6,25680.0,low,0,238
2386,corporate,Sihanoukville,5.0,107930.0,low,0,238
2387,retail_salaried,Kampot,0.4,2030.0,low,0,238
2388,retail_self_employed,Phnom Penh,1.4,2350.0,low,0,238
2389,retail_salaried,Battambang,2.9,1260.0,low,0,238
2390,Retail Self Employed,Siem Reap,1.1,6710.0,low,0,239
2391,small_business,Phnom Penh,4.2,15510.0,low,0,239
2392,retail_salaried,Phnom Penh,2.3,4100.0,low,0,239
2393,Retail Salaried,Phnom Penh,9.4,12490.0,low,0,239
2394,retail_self_employed,Siem Reap,5.8,1310.0,low,0,239
2395,corporate,Siem Reap,,226250.0,medium,0,239
2396,retail_salaried,Phnom Penh,6.4,4370.0,low,0,239
2397,retail_salaried,Siem Reap,6.9,3650.0,low,0,239
2398,retail_salaried,Sihanoukville,2.7,4710.0,medium,0,239
2399,retail_self_employed,Phnom Penh,3.1,5730.0,low,0,239
2400,retail_self_employed,Phnom Penh,7.9,,low,0,240
2401,small_business,Kampot,6.8,3960.0,low,0,240
2402,small_business,Phnom Penh,3.7,17510.0,high,0,240
2403,cash_intensive,Battambang,2.8,33560.0,low,0,240
2404,small_business,Battambang,9.6,13840.0,low,0,240
2405,retail_salaried,Phnom Penh,4.9,690.0,low,0,240
2406,retail_self_employed,Kampot,3.0,6200.0,low,0,240
2407,retail_salaried,Phnom Penh,6.5,2960.0,low,0,240
2408,retail_salaried,Siem Reap,11.3,4690.0,low,0,240
2409,cash_intensive,Kampot,,147160.0,low,0,240
2410,retail_self_employed,Siem Reap,,2120.0,low,0,241
2411,corporate,Phnom Penh,2.4,166890.0,low,0,241
2412,retail_salaried,Siem Reap,0.4,1030.0,low,0,241
2413,retail_salaried,Phnom Penh,1.7,1730.0,low,0,241
2414,Retail Salaried,Siem Reap,8.1,1310.0,low,0,241
2415,retail_salaried,Battambang,1.5,3600.0,low,0,241
2416,retail_salaried,Siem Reap,10.1,2210.0,low,0,241
2417,retail_salaried,Battambang,13.8,,low,0,241
2418,retail_salaried,Sihanoukville,4.6,2600.0,low,0,241
2419,cash_intensive,Siem Reap,3.2,58470.0,low,0,241
2420,retail_salaried,Phnom Penh,6.0,4070.0,low,0,242
2421,retail_salaried,Phnom Penh,2.8,710.0,low,0,242
2422,small_business,Siem Reap,5.4,23520.0,low,0,242
2423,retail_salaried,Phnom Penh,6.2,1220.0,low,0,242
2424,cash_intensive,Phnom Penh,2.2,68130.0,low,0,242
2425,retail_self_employed,Sihanoukville,14.8,3560.0,low,0,242
2426,retail_salaried,Siem Reap,10.0,2780.0,low,0,242
2427,retail_self_employed,Battambang,6.3,4720.0,low,0,242
2428,retail_self_employed,Kampot,0.8,3120.0,medium,0,242
2429,small_business,Siem Reap,7.1,16160.0,low,0,242
2430,small_business,Phnom Penh,4.5,38470.0,low,0,243
2431,retail_self_employed,Sihanoukville,1.6,2870.0,low,0,243
2432,retail_self_employed,Sihanoukville,4.9,12670.0,low,0,243
2433,retail_salaried,Phnom Penh,10.0,1000.0,low,0,243
2434,retail_self_employed,Phnom Penh,3.0,10780.0,low,0,243
2435,corporate,Phnom Penh,2.1,140530.0,medium,0,243
2436,retail_self_employed,Phnom Penh,3.8,1950.0,low,0,243
2437,retail_self_employed,Phnom Penh,2.3,19420.0,low,0,243
2438,retail_salaried,Siem Reap,3.6,2360.0,low,0,243
2439,small_business,Sihanoukville,5.0,16700.0,low,0,243
2440,corporate,Battambang,2.1,349020.0,low,0,244
2441,retail_salaried,Kampot,,2980.0,low,0,244
2442,retail_salaried,Phnom Penh,4.8,1300.0,low,0,244
2443,retail_salaried,Kampot,2.3,2170.0,low,0,244
2444,retail_salaried,Phnom Penh,6.1,9030.0,low,0,244
2445,retail_self_employed,Battambang,13.6,2370.0,low,0,244
2446,retail_salaried,Phnom Penh,2.5,850.0,low,0,244
2447,retail_salaried,Battambang,3.1,1130.0,low,0,244
2448,retail_self_employed,Siem Reap,2.1,5540.0,low,0,244
2449,retail_self_employed,Kampot,0.6,16490.0,low,1,244
2450,Retail Self Employed,Phnom Penh,7.2,5480.0,low,0,245
2451,retail_self_employed,Siem Reap,4.9,9210.0,low,0,245
2452,retail_self_employed,Phnom Penh,,6630.0,low,0,245
2453,small_business,Phnom Penh,7.5,46730.0,low,0,245
2454,retail_self_employed,Sihanoukville,,4380.0,low,0,245
2455,retail_salaried,Siem Reap,2.1,5170.0,low,0,245
2456,retail_self_employed,Sihanoukville,2.8,7530.0,low,0,245
2457,retail_salaried,Phnom Penh,13.8,6490.0,low,0,245
2458,retail_salaried,Phnom Penh,5.8,2280.0,low,0,245
2459,retail_salaried,Phnom Penh,10.8,2010.0,low,0,245
2460,small_business,Battambang,,65590.0,low,0,246
2461,retail_self_employed,Phnom Penh,14.0,13730.0,low,0,246
2462,retail_salaried,Siem Reap,6.0,1520.0,low,0,246
2463,retail_self_employed,Battambang,2.8,11750.0,low,0,246
2464,retail_salaried,Phnom Penh,6.5,2060.0,low,0,246
2465,retail_self_employed,Siem Reap,1.2,5280.0,low,0,246
2466,small_business,Battambang,5.5,44810.0,low,0,246
2467,retail_self_employed,Phnom Penh,1.0,26570.0,low,0,246
2468,retail_self_employed,Sihanoukville,7.2,10980.0,low,0,246
2469,retail_salaried,Phnom Penh,4.9,3630.0,low,0,246
2470,retail_salaried,Phnom Penh,0.3,1250.0,low,0,247
2471,small_business,Phnom Penh,,60210.0,medium,0,247
2472,retail_self_employed,Phnom Penh,0.6,8640.0,low,0,247
2473,retail_salaried,Phnom Penh,5.8,,low,0,247
2474,retail_salaried,Siem Reap,3.3,3380.0,low,0,247
2475,retail_salaried,Sihanoukville,6.0,4660.0,low,0,247
2476,retail_salaried,Siem Reap,2.6,2390.0,low,0,247
2477,retail_salaried,Sihanoukville,12.2,,low,0,247
2478,retail_salaried,Sihanoukville,8.2,,low,0,247
2479,cash_intensive,Kampot,12.8,61500.0,low,0,247
2480,retail_salaried,Phnom Penh,9.8,1390.0,high,0,248
2481,retail_salaried,Phnom Penh,0.4,,low,0,248
2482,retail_salaried,Kampot,1.2,2670.0,low,0,248
2483,retail_salaried,Phnom Penh,3.4,3570.0,low,0,248
2484,small_business,Siem Reap,0.6,12080.0,low,0,248
2485,retail_salaried,Kampot,7.6,,low,0,248
2486,small_business,Battambang,2.7,29810.0,low,0,248
2487,small_business,Sihanoukville,7.7,7480.0,low,0,248
2488,retail_salaried,Phnom Penh,6.4,1580.0,low,0,248
2489,retail_self_employed,Sihanoukville,8.4,2170.0,low,0,248
2490,corporate,Phnom Penh,2.0,509760.0,low,0,249
2491,retail_salaried,Kampot,1.5,5350.0,low,0,249
2492,retail_salaried,Phnom Penh,3.5,1190.0,low,0,249
2493,cash_intensive,Phnom Penh,13.3,123530.0,low,0,249
2494,cash_intensive,Phnom Penh,,24770.0,low,0,249
2495,retail_salaried,Phnom Penh,3.9,800.0,low,0,249
2496,retail_self_employed,Kampot,0.3,30470.0,low,0,249
2497,retail_salaried,Siem Reap,5.9,2310.0,low,0,249
2498,small_business,Battambang,5.2,32040.0,low,0,249
2499,retail_salaried,Phnom Penh,3.4,4820.0,low,0,249
2500,retail_salaried,Sihanoukville,1.0,2650.0,low,0,250
2501,retail_self_employed,Phnom Penh,0.6,6400.0,low,0,250
2502,corporate,Siem Reap,2.3,116520.0,low,0,250
2503,small_business,Siem Reap,3.1,47450.0,low,0,250
2504,retail_salaried,Phnom Penh,3.8,4630.0,medium,0,250
2505,Retail Salaried,Battambang,2.8,4110.0,low,0,250
2506,cash_intensive,Phnom Penh,3.2,13740.0,low,0,250
2507,cash_intensive,Phnom Penh,6.2,102040.0,low,0,250
2508,retail_salaried,Kampot,7.3,900.0,low,0,250
2509,retail_self_employed,Phnom Penh,3.3,27160.0,low,0,250
2510,retail_salaried,Phnom Penh,2.9,1030.0,low,0,251
2511,retail_salaried,Sihanoukville,,1270.0,low,0,251
2512,retail_salaried,Sihanoukville,3.7,2280.0,low,0,251
2513,retail_salaried,Siem Reap,6.0,420.0,low,0,251
2514,retail_salaried,Sihanoukville,8.7,2400.0,low,0,251
2515,small_business,Phnom Penh,14.2,18370.0,low,0,251
2516,retail_salaried,Phnom Penh,0.6,1650.0,medium,0,251
2517,retail_salaried,Phnom Penh,1.0,1170.0,high,0,251
2518,retail_salaried,Phnom Penh,2.8,890.0,low,0,251
2519,retail_salaried,Siem Reap,2.1,1690.0,low,0,251
2520,retail_salaried,Phnom Penh,4.7,9740.0,low,0,252
2521,retail_self_employed,Phnom Penh,1.8,4290.0,low,0,252
2522,retail_salaried,Battambang,9.0,970.0,low,0,252
2523,retail_self_employed,Siem Reap,1.8,2520.0,low,0,252
2524,cash_intensive,Phnom Penh,3.8,115110.0,low,0,252
2525,retail_salaried,Siem Reap,2.5,420.0,low,0,252
2526,cash_intensive,Battambang,7.2,155240.0,low,0,252
2527,cash_intensive,Phnom Penh,1.8,33680.0,low,0,252
2528,small_business,Sihanoukville,3.3,23580.0,low,0,252
2529,retail_self_employed,Phnom Penh,8.3,3100.0,low,0,252
2530,retail_self_employed,Phnom Penh,2.6,4020.0,medium,0,253
2531,retail_self_employed,Phnom Penh,3.2,6620.0,medium,0,253
2532,retail_self_employed,Phnom Penh,2.8,2450.0,low,0,253
2533,retail_salaried,Phnom Penh,,1950.0,low,0,253
2534,corporate,Phnom Penh,7.6,571590.0,medium,0,253
2535,retail_self_employed,Phnom Penh,2.3,4550.0,low,0,253
2536,small_business,Siem Reap,1.3,39800.0,low,0,253
2537,retail_salaried,Battambang,9.0,2560.0,low,0,253
2538,retail_salaried,Phnom Penh,1.2,1720.0,low,0,253
2539,retail_salaried,Kampot,1.3,4500.0,low,0,253
2540,retail_salaried,Phnom Penh,9.6,1290.0,medium,0,254
2541,retail_salaried,Sihanoukville,11.4,,low,0,254
2542,retail_salaried,Phnom Penh,2.2,2650.0,low,0,254
2543,retail_salaried,Siem Reap,5.1,1020.0,low,0,254
2544,retail_salaried,Siem Reap,5.7,5290.0,low,0,254
2545,retail_salaried,Siem Reap,4.7,2490.0,low,0,254
2546,corporate,Siem Reap,0.7,423350.0,low,0,254
2547,retail_salaried,Phnom Penh,,4080.0,medium,0,254
2548,retail_salaried,Phnom Penh,2.4,1790.0,low,0,254
2549,retail_salaried,Sihanoukville,4.8,1190.0,low,0,254
2550,retail_salaried,Phnom Penh,0.7,2450.0,medium,0,255
2551,retail_salaried,Phnom Penh,1.9,1700.0,low,0,255
2552,retail_self_employed,Sihanoukville,2.7,10080.0,medium,0,255
2553,corporate,Phnom Penh,5.5,221460.0,low,0,255
2554,retail_salaried,Siem Reap,8.8,1690.0,low,0,255
2555,retail_self_employed,Siem Reap,12.8,8650.0,low,0,255
2556,retail_salaried,Battambang,6.1,3000.0,low,0,255
2557,retail_salaried,Phnom Penh,3.6,5000.0,high,0,255
2558,retail_salaried,Phnom Penh,6.7,480.0,medium,0,255
2559,retail_salaried,Kampot,2.8,2330.0,low,0,255
2560,retail_self_employed,Siem Reap,2.6,15250.0,medium,0,256
2561,retail_self_employed,Phnom Penh,2.0,3030.0,low,0,256
2562,retail_self_employed,Battambang,9.2,2500.0,low,0,256
2563,retail_salaried,Siem Reap,,5770.0,low,0,256
2564,retail_self_employed,Sihanoukville,5.0,1820.0,low,0,256
2565,retail_salaried,Phnom Penh,5.0,3780.0,low,0,256
2566,retail_salaried,Phnom Penh,10.1,670.0,low,0,256
2567,retail_salaried,Battambang,1.3,1910.0,low,0,256
2568,retail_self_employed,Phnom Penh,2.9,14790.0,low,0,256
2569,corporate,Phnom Penh,2.7,135860.0,low,0,256
2570,retail_salaried,Siem Reap,1.8,,low,0,257
2571,retail_self_employed,Phnom Penh,3.0,3070.0,low,0,257
2572,small_business,Sihanoukville,7.0,19110.0,low,0,257
2573,small_business,Sihanoukville,2.6,30520.0,low,0,257
2574,retail_salaried,Kampot,1.6,3800.0,high,0,257
2575,retail_self_employed,Phnom Penh,9.9,2480.0,low,0,257
2576,Retail Self Employed,Phnom Penh,3.6,4520.0,low,0,257
2577,small_business,Sihanoukville,5.1,5240.0,medium,0,257
2578,retail_salaried,Phnom Penh,6.3,2050.0,low,0,257
2579,cash_intensive,Phnom Penh,6.3,381100.0,low,0,257
2580,retail_salaried,Phnom Penh,10.2,2730.0,low,0,258
2581,small_business,Phnom Penh,3.9,17770.0,low,0,258
2582,Retail Salaried,Kampot,2.3,3790.0,low,0,258
2583,retail_salaried,Phnom Penh,4.6,1820.0,low,0,258
2584,retail_salaried,Kampot,6.4,1340.0,low,0,258
2585,retail_salaried,Kampot,3.9,4270.0,medium,0,258
2586,retail_salaried,Battambang,2.1,1030.0,low,0,258
2587,retail_salaried,Kampot,6.0,2740.0,medium,0,258
2588,retail_salaried,Phnom Penh,3.0,1210.0,low,0,258
2589,retail_salaried,Battambang,6.8,1370.0,low,0,258
2590,small_business,Phnom Penh,8.0,18670.0,low,0,259
2591,cash_intensive,Phnom Penh,3.3,148050.0,low,0,259
2592,retail_self_employed,Kampot,1.6,3700.0,low,0,259
2593,retail_salaried,Siem Reap,9.1,1150.0,low,0,259
2594,retail_salaried,Phnom Penh,1.0,6340.0,low,0,259
2595,cash_intensive,Phnom Penh,7.2,52960.0,medium,0,259
2596,retail_salaried,Phnom Penh,1.2,600.0,low,0,259
2597,retail_salaried,Kampot,3.2,1570.0,low,0,259
2598,cash_intensive,Siem Reap,6.7,285140.0,low,0,259
2599,corporate,Battambang,1.6,196890.0,low,0,259
2600,retail_salaried,Siem Reap,3.8,2410.0,low,0,260
2601,retail_self_employed,Siem Reap,4.3,3760.0,low,0,260
2602,retail_salaried,Battambang,1.6,2050.0,low,0,260
2603,small_business,Kampot,6.4,10140.0,low,0,260
2604,retail_salaried,Phnom Penh,8.5,2730.0,low,0,260
2605,retail_salaried,Battambang,6.0,2450.0,low,0,260
2606,retail_self_employed,Sihanoukville,2.3,2190.0,low,0,260
2607,Retail Salaried,Siem Reap,4.9,3860.0,low,0,260
2608,retail_self_employed,Siem Reap,3.3,7980.0,low,0,260
2609,retail_salaried,Battambang,14.1,740.0,low,0,260
2610,cash_intensive,Kampot,7.0,74150.0,low,0,261
2611,small_business,Siem Reap,0.9,4610.0,low,0,261
2612,Retail Salaried,Sihanoukville,3.3,,low,0,261
2613,small_business,Siem Reap,5.7,35420.0,low,0,261
2614,retail_salaried,Siem Reap,2.5,1900.0,low,0,261
2615,retail_salaried,Kampot,7.6,1220.0,medium,0,261
2616,retail_salaried,Phnom Penh,2.6,3500.0,low,0,261
2617,small_business,Phnom Penh,4.0,56370.0,low,0,261
2618,small_business,Phnom Penh,6.2,15460.0,low,0,261
2619,cash_intensive,Phnom Penh,0.1,188790.0,low,0,261
2620,small_business,Phnom Penh,3.2,25070.0,low,0,262
2621,corporate,Phnom Penh,0.6,969380.0,low,0,262
2622,retail_salaried,Phnom Penh,6.1,8880.0,low,0,262
2623,cash_intensive,Battambang,1.3,36300.0,low,0,262
2624,retail_self_employed,Phnom Penh,0.6,2460.0,low,0,262
2625,retail_salaried,Siem Reap,3.2,2550.0,low,0,262
2626,retail_self_employed,Battambang,2.5,2970.0,low,0,262
2627,retail_salaried,Phnom Penh,3.7,2210.0,low,0,262
2628,retail_salaried,Siem Reap,7.1,3190.0,low,0,262
2629,retail_salaried,Phnom Penh,4.3,1240.0,low,0,262
2630,Retail Salaried,Kampot,1.2,,low,0,263
2631,retail_salaried,Siem Reap,,3840.0,low,0,263
2632,cash_intensive,Phnom Penh,5.2,44420.0,low,0,263
2633,retail_self_employed,Phnom Penh,4.1,15080.0,low,0,263
2634,retail_salaried,Phnom Penh,5.6,2990.0,low,0,263
2635,retail_salaried,Phnom Penh,19.1,,low,0,263
2636,retail_salaried,Phnom Penh,7.5,,low,0,263
2637,Retail Salaried,Phnom Penh,3.0,1470.0,medium,0,263
2638,Small Business,Sihanoukville,7.1,19540.0,low,1,263
2639,retail_salaried,Battambang,1.1,1720.0,low,0,263
2640,retail_self_employed,Sihanoukville,13.8,4680.0,low,0,264
2641,small_business,Kampot,4.1,30590.0,low,0,264
2642,retail_self_employed,Siem Reap,7.4,7240.0,medium,0,264
2643,small_business,Siem Reap,,12010.0,low,0,264
2644,retail_salaried,Phnom Penh,0.9,4070.0,low,0,264
2645,cash_intensive,Phnom Penh,4.1,64030.0,low,0,264
2646,Retail Self Employed,Phnom Penh,1.0,2810.0,low,0,264
2647,small_business,Phnom Penh,10.5,11750.0,low,0,264
2648,retail_self_employed,Phnom Penh,4.0,6500.0,low,0,264
2649,small_business,Kampot,5.2,,low,0,264
2650,corporate,Phnom Penh,,246300.0,low,0,265
2651,retail_salaried,Phnom Penh,5.6,3140.0,low,0,265
2652,small_business,Siem Reap,5.3,14560.0,low,0,265
2653,Retail Self Employed,Battambang,0.5,570.0,low,0,265
2654,retail_salaried,Siem Reap,6.3,4050.0,low,0,265
2655,cash_intensive,Phnom Penh,4.0,69330.0,low,0,265
2656,retail_salaried,Sihanoukville,2.3,4920.0,low,0,265
2657,retail_self_employed,Siem Reap,,2870.0,low,0,265
2658,retail_salaried,Phnom Penh,,6010.0,low,0,265
2659,retail_salaried,Phnom Penh,1.2,2040.0,low,0,265
2660,small_business,Siem Reap,3.6,27710.0,low,0,266
2661,retail_salaried,Phnom Penh,4.3,1250.0,medium,0,266
2662,retail_salaried,Phnom Penh,2.2,1310.0,low,0,266
2663,retail_salaried,Phnom Penh,0.5,820.0,low,0,266
2664,retail_salaried,Phnom Penh,2.8,2590.0,low,0,266
2665,small_business,Sihanoukville,4.2,24730.0,low,0,266
2666,cash_intensive,Siem Reap,6.6,51700.0,low,0,266
2667,Retail Salaried,Phnom Penh,2.1,3280.0,medium,0,266
2668,retail_self_employed,Siem Reap,10.7,14320.0,low,0,266
2669,retail_salaried,Phnom Penh,,2340.0,low,0,266
2670,retail_self_employed,Phnom Penh,7.7,6370.0,low,0,267
2671,retail_salaried,Phnom Penh,3.0,2370.0,high,0,267
2672,retail_salaried,Sihanoukville,5.9,2170.0,low,0,267
2673,retail_salaried,Phnom Penh,2.7,1720.0,low,0,267
2674,retail_self_employed,Phnom Penh,2.9,4050.0,low,0,267
2675,retail_salaried,Phnom Penh,2.6,900.0,low,0,267
2676,retail_salaried,Phnom Penh,11.1,1590.0,low,0,267
2677,small_business,Phnom Penh,1.6,77220.0,low,0,267
2678,retail_self_employed,Phnom Penh,2.5,17630.0,medium,0,267
2679,retail_salaried,Kampot,2.9,3860.0,low,0,267
2680,small_business,Siem Reap,1.4,47800.0,low,0,268
2681,small_business,Phnom Penh,6.0,39300.0,low,0,268
2682,retail_salaried,Phnom Penh,5.7,4280.0,medium,0,268
2683,retail_self_employed,Sihanoukville,1.8,8820.0,medium,0,268
2684,retail_salaried,Siem Reap,3.9,2950.0,low,0,268
2685,retail_self_employed,Siem Reap,4.2,5210.0,high,0,268
2686,retail_salaried,Phnom Penh,1.7,7360.0,low,0,268
2687,retail_self_employed,Phnom Penh,4.6,13330.0,low,0,268
2688,retail_salaried,Sihanoukville,9.2,4240.0,low,0,268
2689,retail_salaried,Kampot,15.0,8690.0,low,0,268
2690,cash_intensive,Kampot,2.9,110890.0,low,0,269
2691,retail_salaried,Battambang,4.9,1800.0,low,0,269
2692,small_business,Sihanoukville,8.5,15210.0,medium,0,269
2693,corporate,Sihanoukville,5.3,475060.0,medium,0,269
2694,small_business,Sihanoukville,2.8,28570.0,high,0,269
2695,retail_salaried,Phnom Penh,14.8,4410.0,low,0,269
2696,small_business,Phnom Penh,6.2,83480.0,low,0,269
2697,retail_salaried,Phnom Penh,2.3,6110.0,low,0,269
2698,retail_salaried,Phnom Penh,5.0,1250.0,high,0,269
2699,small_business,Sihanoukville,6.1,23460.0,low,0,269
2700,retail_self_employed,Phnom Penh,8.9,13890.0,low,0,270
2701,retail_salaried,Siem Reap,5.6,,low,0,270
2702,retail_salaried,Battambang,0.7,6720.0,low,0,270
2703,small_business,Phnom Penh,4.8,70990.0,low,0,270
2704,retail_self_employed,Siem Reap,10.2,5750.0,low,1,270
2705,retail_salaried,Battambang,7.9,1240.0,low,0,270
2706,cash_intensive,Phnom Penh,2.8,29250.0,low,0,270
2707,retail_salaried,Siem Reap,1.6,1730.0,low,0,270
2708,retail_salaried,Battambang,3.2,1980.0,low,0,270
2709,retail_self_employed,Siem Reap,11.8,3620.0,low,0,270
2710,corporate,Phnom Penh,19.4,1134810.0,low,0,271
2711,retail_salaried,Phnom Penh,5.7,3770.0,low,0,271
2712,retail_salaried,Phnom Penh,8.6,4290.0,low,0,271
2713,retail_salaried,Kampot,2.5,1390.0,low,0,271
2714,small_business,Siem Reap,1.5,100180.0,low,0,271
2715,retail_salaried,Sihanoukville,2.2,1910.0,low,0,271
2716,retail_salaried,Siem Reap,8.0,1460.0,low,0,271
2717,corporate,Sihanoukville,1.3,,high,0,271
2718,retail_salaried,Phnom Penh,1.7,,medium,0,271
2719,retail_self_employed,Phnom Penh,4.3,3070.0,low,0,271
2720,retail_salaried,Phnom Penh,6.1,1440.0,low,0,272
2721,small_business,Phnom Penh,4.6,103770.0,low,0,272
2722,retail_salaried,Phnom Penh,3.0,5340.0,low,0,272
2723,retail_salaried,Phnom Penh,2.6,2540.0,low,0,272
2724,retail_salaried,Phnom Penh,3.3,3760.0,low,0,272
2725,retail_self_employed,Phnom Penh,11.9,4830.0,low,0,272
2726,small_business,Sihanoukville,2.1,114340.0,low,0,272
2727,retail_salaried,Phnom Penh,5.3,2330.0,low,0,272
2728,retail_salaried,Siem Reap,8.0,750.0,low,0,272
2729,cash_intensive,Phnom Penh,3.2,82440.0,low,0,272
2730,retail_salaried,Phnom Penh,3.8,980.0,medium,0,273
2731,Retail Salaried,Siem Reap,2.7,6810.0,low,0,273
2732,retail_self_employed,Kampot,1.4,3190.0,low,0,273
2733,retail_salaried,Kampot,1.9,1230.0,low,0,273
2734,retail_salaried,Phnom Penh,2.5,1290.0,medium,0,273
2735,retail_salaried,Phnom Penh,6.6,2230.0,low,0,273
2736,retail_salaried,Phnom Penh,2.1,13770.0,low,0,273
2737,retail_salaried,Phnom Penh,3.8,650.0,medium,0,273
2738,retail_self_employed,Siem Reap,2.0,2080.0,low,0,273
2739,retail_self_employed,Siem Reap,3.5,9490.0,low,0,273
2740,retail_salaried,Phnom Penh,6.3,980.0,low,0,274
2741,small_business,Phnom Penh,1.3,82120.0,low,0,274
2742,retail_salaried,Phnom Penh,0.5,1350.0,low,0,274
2743,small_business,Sihanoukville,4.2,53320.0,low,0,274
2744,retail_salaried,Phnom Penh,8.1,4910.0,low,0,274
2745,small_business,Siem Reap,2.3,25050.0,low,0,274
2746,retail_salaried,Phnom Penh,5.6,2660.0,low,0,274
2747,retail_salaried,Phnom Penh,5.0,930.0,low,0,274
2748,retail_salaried,Phnom Penh,5.5,1780.0,low,0,274
2749,retail_salaried,Siem Reap,8.4,1040.0,low,0,274
2750,retail_salaried,Kampot,4.2,1940.0,medium,0,275
2751,retail_self_employed,Siem Reap,5.0,17080.0,low,0,275
2752,small_business,Phnom Penh,2.5,30470.0,medium,0,275
2753,retail_salaried,Phnom Penh,1.0,630.0,low,0,275
2754,cash_intensive,Kampot,4.7,44540.0,low,0,275
2755,small_business,Phnom Penh,9.0,59190.0,high,0,275
2756,small_business,Phnom Penh,5.7,128180.0,low,0,275
2757,Retail Self Employed,Phnom Penh,10.2,12670.0,low,0,275
2758,retail_self_employed,Phnom Penh,2.3,6320.0,low,0,275
2759,retail_salaried,Kampot,16.6,2430.0,low,0,275
2760,retail_self_employed,Phnom Penh,3.5,970.0,medium,0,276
2761,cash_intensive,Battambang,2.0,62740.0,low,0,276
2762,retail_salaried,Siem Reap,3.5,1960.0,low,0,276
2763,retail_salaried,Phnom Penh,5.0,2810.0,high,0,276
2764,retail_salaried,Battambang,3.4,2160.0,medium,0,276
2765,Cash Intensive,Sihanoukville,18.6,73500.0,low,0,276
2766,retail_salaried,Phnom Penh,3.5,670.0,medium,0,276
2767,retail_self_employed,Siem Reap,1.1,1230.0,low,0,276
2768,Small Business,Battambang,5.3,24780.0,low,0,276
2769,corporate,Phnom Penh,0.2,55250.0,low,0,276
2770,retail_salaried,Kampot,,4410.0,low,0,277
2771,small_business,Kampot,0.6,56270.0,low,0,277
2772,cash_intensive,Battambang,4.5,36120.0,low,0,277
2773,retail_salaried,Siem Reap,6.8,4020.0,high,0,277
2774,small_business,Phnom Penh,2.4,20120.0,low,0,277
2775,retail_salaried,Siem Reap,4.0,4350.0,low,0,277
2776,retail_self_employed,Phnom Penh,0.4,2020.0,low,0,277
2777,retail_salaried,Battambang,,5190.0,low,0,277
2778,retail_salaried,Phnom Penh,4.7,3030.0,low,0,277
2779,retail_salaried,Siem Reap,3.6,3650.0,low,0,277
2780,retail_salaried,Phnom Penh,2.9,2540.0,low,0,278
2781,retail_salaried,Phnom Penh,6.1,3860.0,low,0,278
2782,retail_self_employed,Battambang,6.1,3700.0,low,0,278
2783,retail_salaried,Battambang,8.4,930.0,medium,0,278
2784,Retail Salaried,Kampot,6.8,4420.0,low,0,278
2785,retail_self_employed,Battambang,1.3,4280.0,low,0,278
2786,retail_self_employed,Siem Reap,2.7,11140.0,low,0,278
2787,retail_salaried,Kampot,2.2,880.0,low,0,278
2788,cash_intensive,Phnom Penh,5.6,79010.0,medium,0,278
2789,retail_salaried,Phnom Penh,14.1,1310.0,low,0,278
2790,small_business,Kampot,3.1,43320.0,medium,0,279
2791,retail_salaried,Phnom Penh,5.2,2030.0,low,0,279
2792,retail_self_employed,Phnom Penh,1.6,1980.0,medium,0,279
2793,corporate,Kampot,4.6,609500.0,medium,0,279
2794,small_business,Phnom Penh,3.2,20170.0,low,0,279
2795,retail_self_employed,Phnom Penh,3.9,2830.0,low,0,279
2796,retail_self_employed,Phnom Penh,3.5,4970.0,low,0,279
2797,retail_salaried,Phnom Penh,6.2,1730.0,low,0,279
2798,retail_self_employed,Phnom Penh,4.8,2200.0,low,0,279
2799,small_business,Siem Reap,1.9,18370.0,high,0,279
2800,corporate,Siem Reap,2.9,239340.0,medium,0,280
2801,retail_salaried,Battambang,8.6,2540.0,low,0,280
2802,retail_salaried,Sihanoukville,1.3,4440.0,low,0,280
2803,retail_self_employed,Sihanoukville,6.4,1390.0,low,0,280
2804,retail_salaried,Kampot,2.8,,low,0,280
2805,retail_salaried,Phnom Penh,0.8,11260.0,medium,0,280
2806,retail_salaried,Kampot,,3720.0,low,0,280
2807,retail_self_employed,Phnom Penh,2.6,1690.0,low,0,280
2808,retail_salaried,Battambang,6.5,4950.0,low,0,280
2809,retail_salaried,Siem Reap,14.1,7150.0,low,0,280
2810,retail_salaried,Battambang,11.2,590.0,high,0,281
2811,small_business,Siem Reap,19.7,35370.0,low,0,281
2812,retail_self_employed,Phnom Penh,4.1,3990.0,low,0,281
2813,retail_salaried,Sihanoukville,13.2,2060.0,low,0,281
2814,retail_salaried,Siem Reap,9.0,1700.0,low,0,281
2815,retail_self_employed,Sihanoukville,8.8,12900.0,low,0,281
2816,retail_salaried,Siem Reap,4.9,3700.0,high,0,281
2817,retail_self_employed,Phnom Penh,5.7,2000.0,low,0,281
2818,retail_salaried,Kampot,7.9,5190.0,low,0,281
2819,cash_intensive,Kampot,2.1,27010.0,low,0,281
2820,retail_salaried,Siem Reap,2.7,970.0,low,0,282
2821,retail_self_employed,Battambang,4.2,11340.0,low,0,282
2822,retail_salaried,Battambang,4.0,6550.0,high,0,282
2823,corporate,Sihanoukville,9.6,366380.0,low,0,282
2824,corporate,Battambang,4.5,217330.0,low,0,282
2825,retail_self_employed,Kampot,6.6,10310.0,low,0,282
2826,retail_salaried,Phnom Penh,1.7,6280.0,low,0,282
2827,Retail Salaried,Sihanoukville,5.9,3190.0,low,0,282
2828,small_business,Sihanoukville,8.4,11620.0,medium,0,282
2829,retail_self_employed,Siem Reap,9.7,2950.0,low,0,282
2830,retail_salaried,Phnom Penh,7.0,7230.0,medium,0,283
2831,retail_salaried,Phnom Penh,2.3,2950.0,high,0,283
2832,Retail Salaried,Phnom Penh,4.5,860.0,low,0,283
2833,small_business,Phnom Penh,0.9,38420.0,low,0,283
2834,retail_self_employed,Phnom Penh,0.7,6370.0,low,0,283
2835,retail_self_employed,Sihanoukville,1.2,11100.0,low,0,283
2836,retail_self_employed,Battambang,1.1,2000.0,low,0,283
2837,retail_salaried,Sihanoukville,5.5,9380.0,low,0,283
2838,retail_salaried,Phnom Penh,1.7,1300.0,low,0,283
2839,retail_salaried,Phnom Penh,4.6,7230.0,low,0,283
2840,small_business,Sihanoukville,11.4,48580.0,low,0,284
2841,retail_salaried,Siem Reap,2.6,1810.0,low,0,284
2842,Retail Salaried,Siem Reap,0.5,3410.0,medium,0,284
2843,retail_salaried,Phnom Penh,7.3,1410.0,low,0,284
2844,retail_salaried,Siem Reap,10.0,1340.0,low,0,284
2845,retail_self_employed,Phnom Penh,4.6,20000.0,low,0,284
2846,retail_salaried,Siem Reap,5.1,2730.0,low,0,284
2847,retail_salaried,Siem Reap,2.1,,low,0,284
2848,small_business,Sihanoukville,11.8,24840.0,low,0,284
2849,retail_salaried,Phnom Penh,4.9,1050.0,low,0,284
2850,retail_salaried,Battambang,3.7,3530.0,low,0,285
2851,retail_salaried,Siem Reap,2.6,1600.0,low,0,285
2852,small_business,Siem Reap,2.5,100360.0,low,0,285
2853,retail_salaried,Phnom Penh,4.3,1190.0,low,0,285
2854,small_business,Battambang,2.0,29090.0,low,0,285
2855,cash_intensive,Siem Reap,3.3,121650.0,low,0,285
2856,retail_self_employed,Kampot,5.8,10240.0,low,0,285
2857,retail_salaried,Siem Reap,1.0,1800.0,low,0,285
2858,retail_self_employed,Phnom Penh,9.0,4240.0,low,0,285
2859,retail_salaried,Phnom Penh,2.4,3390.0,low,0,285
2860,retail_salaried,Phnom Penh,1.2,5690.0,low,0,286
2861,retail_salaried,Sihanoukville,1.2,480.0,low,0,286
2862,retail_salaried,Phnom Penh,8.3,,low,1,286
2863,Retail Salaried,Sihanoukville,5.8,7150.0,low,0,286
2864,retail_salaried,Phnom Penh,12.3,,low,0,286
2865,retail_salaried,Phnom Penh,1.2,1080.0,low,0,286
2866,retail_salaried,Siem Reap,5.8,9100.0,medium,0,286
2867,retail_self_employed,Phnom Penh,3.6,2260.0,low,0,286
2868,cash_intensive,Phnom Penh,3.7,156400.0,low,0,286
2869,retail_salaried,Phnom Penh,1.1,1280.0,low,0,286
2870,retail_self_employed,Sihanoukville,7.2,3580.0,low,0,287
2871,retail_salaried,Phnom Penh,2.9,1860.0,medium,0,287
2872,retail_salaried,Phnom Penh,2.7,2570.0,low,0,287
2873,retail_salaried,Phnom Penh,3.4,20600.0,low,0,287
2874,retail_salaried,Phnom Penh,1.9,410.0,medium,0,287
2875,retail_salaried,Phnom Penh,2.1,360.0,low,0,287
2876,retail_salaried,Battambang,0.6,1260.0,low,0,287
2877,retail_salaried,Sihanoukville,,720.0,low,0,287
2878,retail_salaried,Battambang,10.9,800.0,low,0,287
2879,retail_salaried,Siem Reap,9.7,1560.0,low,0,287
2880,retail_salaried,Battambang,18.3,6370.0,low,0,288
2881,retail_salaried,Phnom Penh,2.1,1030.0,medium,0,288
2882,retail_salaried,Phnom Penh,2.3,3020.0,low,0,288
2883,retail_salaried,Kampot,4.7,1000.0,low,0,288
2884,retail_salaried,Sihanoukville,9.0,630.0,low,0,288
2885,retail_salaried,Phnom Penh,5.0,1840.0,medium,0,288
2886,retail_salaried,Siem Reap,3.2,2040.0,low,0,288
2887,cash_intensive,Battambang,14.1,65140.0,low,0,288
2888,retail_salaried,Kampot,9.9,1180.0,low,0,288
2889,retail_salaried,Kampot,4.4,5390.0,medium,0,288
2890,retail_salaried,Phnom Penh,1.2,2490.0,low,0,289
2891,corporate,Phnom Penh,5.4,76440.0,low,0,289
2892,retail_self_employed,Phnom Penh,7.3,4540.0,low,0,289
2893,retail_self_employed,Sihanoukville,2.9,4960.0,low,0,289
2894,corporate,Phnom Penh,4.8,108440.0,low,0,289
2895,retail_salaried,Sihanoukville,7.4,1910.0,low,0,289
2896,corporate,Sihanoukville,0.6,816960.0,low,0,289
2897,retail_salaried,Siem Reap,4.1,6540.0,low,0,289
2898,retail_self_employed,Phnom Penh,,5580.0,low,0,289
2899,retail_salaried,Phnom Penh,3.0,1940.0,low,0,289
2900,retail_salaried,Sihanoukville,1.0,680.0,low,1,290
2901,cash_intensive,Sihanoukville,3.7,62490.0,low,0,290
2902,retail_salaried,Siem Reap,2.2,1110.0,low,0,290
2903,corporate,Sihanoukville,7.2,103300.0,low,0,290
2904,retail_salaried,Phnom Penh,3.7,1690.0,low,0,290
2905,retail_self_employed,Phnom Penh,2.6,5060.0,medium,0,290
2906,corporate,Kampot,1.4,322660.0,low,0,290
2907,retail_salaried,Battambang,10.8,19630.0,medium,0,290
2908,cash_intensive,Siem Reap,5.6,27740.0,low,0,290
2909,retail_self_employed,Phnom Penh,7.4,7620.0,low,0,290
2910,retail_self_employed,Phnom Penh,5.1,5260.0,medium,0,291
2911,retail_salaried,Siem Reap,4.8,1420.0,low,0,291
2912,retail_salaried,Phnom Penh,3.2,1100.0,low,0,291
2913,retail_self_employed,Phnom Penh,9.6,10230.0,low,0,291
2914,retail_salaried,Sihanoukville,4.0,1050.0,low,0,291
2915,retail_salaried,Battambang,1.5,1430.0,low,0,291
2916,retail_salaried,Phnom Penh,2.6,660.0,low,0,291
2917,small_business,Phnom Penh,5.0,7300.0,medium,1,291
2918,retail_salaried,Kampot,9.4,2780.0,low,0,291
2919,retail_self_employed,Phnom Penh,5.6,3470.0,medium,0,291
2920,corporate,Phnom Penh,12.0,312930.0,low,0,292
2921,retail_salaried,Phnom Penh,2.0,2390.0,low,0,292
2922,retail_salaried,Phnom Penh,6.0,1520.0,low,0,292
2923,retail_self_employed,Siem Reap,1.8,2320.0,low,0,292
2924,retail_salaried,Phnom Penh,0.9,940.0,low,0,292
2925,retail_self_employed,Sihanoukville,6.0,5110.0,low,0,292
2926,retail_self_employed,Sihanoukville,1.3,3430.0,low,0,292
2927,retail_self_employed,Siem Reap,0.7,4660.0,low,0,292
2928,retail_salaried,Sihanoukville,5.6,6400.0,low,0,292
2929,retail_self_employed,Phnom Penh,4.8,7630.0,low,0,292
2930,Retail Self Employed,Sihanoukville,5.3,2580.0,low,0,293
2931,retail_salaried,Siem Reap,3.0,1210.0,low,0,293
2932,retail_self_employed,Siem Reap,3.5,5690.0,low,0,293
2933,cash_intensive,Phnom Penh,4.0,26580.0,medium,0,293
2934,retail_self_employed,Siem Reap,2.1,12060.0,low,0,293
2935,retail_salaried,Siem Reap,5.4,1990.0,low,0,293
2936,Retail Salaried,Siem Reap,3.1,9990.0,medium,0,293
2937,Retail Salaried,Sihanoukville,7.4,,low,0,293
2938,retail_salaried,Siem Reap,6.9,850.0,low,0,293
2939,retail_salaried,Kampot,7.5,5970.0,low,0,293
2940,corporate,Phnom Penh,3.6,251340.0,low,0,294
2941,retail_salaried,Phnom Penh,,1620.0,low,0,294
2942,small_business,Phnom Penh,4.5,47050.0,medium,0,294
2943,retail_salaried,Phnom Penh,4.7,6210.0,low,0,294
2944,retail_salaried,Phnom Penh,4.2,4030.0,low,0,294
2945,retail_salaried,Phnom Penh,0.9,1860.0,low,0,294
2946,retail_salaried,Siem Reap,,3130.0,low,0,294
2947,small_business,Phnom Penh,7.7,17460.0,low,0,294
2948,corporate,Phnom Penh,2.3,529750.0,low,0,294
2949,small_business,Siem Reap,1.8,25930.0,low,0,294
2950,retail_salaried,Siem Reap,4.0,2020.0,low,0,295
2951,small_business,Phnom Penh,0.7,32730.0,low,0,295
2952,retail_salaried,Phnom Penh,8.5,3540.0,low,0,295
2953,cash_intensive,Battambang,2.7,114240.0,medium,0,295
2954,retail_salaried,Phnom Penh,2.3,4850.0,low,0,295
2955,retail_salaried,Sihanoukville,5.3,2370.0,low,0,295
2956,retail_salaried,Siem Reap,3.0,3460.0,low,0,295
2957,retail_salaried,Siem Reap,11.3,2170.0,low,0,295
2958,retail_salaried,Siem Reap,6.8,650.0,low,0,295
2959,cash_intensive,Battambang,11.2,21670.0,medium,0,295
2960,small_business,Phnom Penh,3.2,23350.0,low,0,296
2961,corporate,Phnom Penh,1.4,502450.0,low,0,296
2962,retail_salaried,Siem Reap,2.8,5740.0,medium,0,296
2963,retail_self_employed,Battambang,3.3,6210.0,low,0,296
2964,retail_salaried,Phnom Penh,2.6,3850.0,high,0,296
2965,retail_salaried,Siem Reap,8.0,710.0,high,1,296
2966,retail_salaried,Siem Reap,4.0,1980.0,low,0,296
2967,retail_salaried,Phnom Penh,7.2,860.0,low,0,296
2968,retail_self_employed,Battambang,5.5,13410.0,medium,0,296
2969,Retail Salaried,Battambang,3.5,3280.0,low,0,296
2970,Retail Salaried,Sihanoukville,3.9,1070.0,low,0,297
2971,retail_self_employed,Siem Reap,3.1,5160.0,low,0,297
2972,retail_salaried,Battambang,4.9,1900.0,low,0,297
2973,cash_intensive,Sihanoukville,3.4,26940.0,low,0,297
2974,Retail Salaried,Phnom Penh,4.8,2150.0,low,0,297
2975,small_business,Siem Reap,3.2,35800.0,low,0,297
2976,retail_self_employed,Phnom Penh,7.7,9480.0,low,0,297
2977,retail_self_employed,Sihanoukville,6.4,13140.0,low,0,297
2978,retail_self_employed,Phnom Penh,6.3,14350.0,low,0,297
2979,small_business,Battambang,4.8,9930.0,low,0,297
2980,retail_self_employed,Battambang,3.8,4810.0,low,0,298
2981,Retail Salaried,Battambang,2.2,1560.0,low,0,298
2982,retail_salaried,Phnom Penh,3.1,1210.0,low,0,298
2983,retail_self_employed,Battambang,2.0,5700.0,medium,0,298
2984,retail_salaried,Battambang,3.3,7090.0,low,0,298
2985,retail_salaried,Phnom Penh,3.0,1730.0,low,0,298
2986,retail_salaried,Sihanoukville,2.3,1350.0,low,0,298
2987,retail_salaried,Phnom Penh,1.2,2370.0,low,0,298
2988,retail_salaried,Siem Reap,1.3,2630.0,low,0,298
2989,retail_self_employed,Battambang,2.9,3900.0,low,0,298
2990,small_business,Sihanoukville,5.6,38220.0,low,0,299
2991,small_business,Phnom Penh,5.2,12920.0,low,0,299
2992,retail_salaried,Phnom Penh,3.8,,low,0,299
2993,retail_salaried,Siem Reap,4.0,2590.0,low,0,299
2994,retail_self_employed,Siem Reap,3.3,3020.0,medium,0,299
2995,retail_salaried,Sihanoukville,1.2,4700.0,high,0,299
2996,retail_self_employed,Siem Reap,4.2,5650.0,low,0,299
2997,retail_salaried,Siem Reap,4.4,1180.0,low,0,299
2998,corporate,Siem Reap,5.0,341670.0,medium,0,299
2999,retail_salaried,Kampot,8.3,3870.0,low,0,299
3000,small_business,Phnom Penh,2.2,33480.0,low,0,300
3001,retail_self_employed,Phnom Penh,2.5,7730.0,low,0,300
3002,retail_salaried,Phnom Penh,,2930.0,low,0,300
3003,Retail Self Employed,Phnom Penh,4.3,9260.0,low,0,300
3004,retail_salaried,Phnom Penh,2.5,540.0,low,0,300
3005,small_business,Battambang,8.7,38170.0,low,0,300
3006,retail_self_employed,Phnom Penh,6.2,6950.0,low,0,300
3007,retail_salaried,Phnom Penh,8.2,4020.0,medium,0,300
3008,retail_salaried,Phnom Penh,5.7,2380.0,low,0,300
3009,small_business,Phnom Penh,9.0,27600.0,low,0,300
3010,retail_salaried,Phnom Penh,4.9,5390.0,low,0,301
3011,cash_intensive,Phnom Penh,4.2,37960.0,low,0,301
3012,small_business,Phnom Penh,6.4,16040.0,low,0,301
3013,retail_self_employed,Phnom Penh,19.0,7820.0,low,0,301
3014,retail_salaried,Battambang,4.4,2400.0,low,0,301
3015,retail_self_employed,Phnom Penh,2.5,7350.0,low,0,301
3016,cash_intensive,Kampot,5.6,44000.0,low,0,301
3017,retail_salaried,Siem Reap,1.7,3770.0,low,0,301
3018,retail_salaried,Phnom Penh,4.8,2070.0,low,0,301
3019,retail_salaried,Phnom Penh,2.2,1790.0,low,0,301
3020,retail_salaried,Siem Reap,4.9,6190.0,low,0,302
3021,retail_self_employed,Kampot,7.1,6830.0,low,0,302
3022,retail_salaried,Battambang,7.1,3220.0,low,0,302
3023,retail_self_employed,Battambang,1.3,4350.0,low,0,302
3024,retail_salaried,Phnom Penh,1.5,3810.0,low,0,302
3025,retail_salaried,Phnom Penh,2.5,1540.0,low,0,302
3026,retail_salaried,Kampot,2.4,2000.0,low,0,302
3027,small_business,Phnom Penh,3.6,189030.0,low,0,302
3028,retail_self_employed,Battambang,9.1,3650.0,medium,0,302
3029,retail_salaried,Sihanoukville,0.8,1800.0,low,0,302
3030,small_business,Sihanoukville,3.1,42290.0,low,0,303
3031,retail_salaried,Siem Reap,4.2,2760.0,low,0,303
3032,retail_salaried,Siem Reap,2.9,1590.0,low,0,303
3033,retail_salaried,Phnom Penh,4.1,,medium,0,303
3034,corporate,Siem Reap,0.2,326950.0,low,0,303
3035,retail_self_employed,Phnom Penh,2.4,9420.0,low,0,303
3036,retail_self_employed,Siem Reap,6.0,2410.0,low,0,303
3037,retail_salaried,Phnom Penh,7.6,3210.0,medium,0,303
3038,retail_salaried,Sihanoukville,3.3,1220.0,low,0,303
3039,retail_self_employed,Sihanoukville,,3510.0,low,0,303
3040,retail_salaried,Kampot,4.6,1550.0,low,0,304
3041,cash_intensive,Battambang,8.8,83400.0,low,0,304
3042,small_business,Siem Reap,2.8,37660.0,low,0,304
3043,retail_salaried,Phnom Penh,1.1,3170.0,low,0,304
3044,retail_self_employed,Phnom Penh,3.0,4410.0,low,0,304
3045,Corporate,Siem Reap,7.3,471250.0,low,0,304
3046,retail_salaried,Phnom Penh,5.0,1500.0,low,0,304
3047,retail_self_employed,Phnom Penh,5.2,3160.0,medium,0,304
3048,cash_intensive,Kampot,2.0,162000.0,low,0,304
3049,retail_salaried,Phnom Penh,,2970.0,low,0,304
3050,cash_intensive,Phnom Penh,5.5,60540.0,medium,0,305
3051,retail_salaried,Sihanoukville,1.8,5890.0,medium,1,305
3052,retail_self_employed,Phnom Penh,10.7,7230.0,low,0,305
3053,small_business,Phnom Penh,9.1,27480.0,low,0,305
3054,retail_self_employed,Battambang,8.2,3910.0,high,0,305
3055,retail_salaried,Siem Reap,3.2,1020.0,low,0,305
3056,retail_self_employed,Phnom Penh,5.0,2700.0,medium,0,305
3057,retail_salaried,Siem Reap,5.4,930.0,medium,0,305
3058,retail_salaried,Sihanoukville,1.6,3160.0,low,0,305
3059,retail_salaried,Phnom Penh,6.0,1680.0,low,0,305
3060,retail_self_employed,Siem Reap,2.6,6900.0,medium,0,306
3061,retail_salaried,Phnom Penh,2.8,1710.0,low,0,306
3062,retail_salaried,Siem Reap,13.1,980.0,low,0,306
3063,cash_intensive,Phnom Penh,5.3,67090.0,low,0,306
3064,retail_salaried,Phnom Penh,6.5,1320.0,low,0,306
3065,retail_salaried,Siem Reap,4.7,9260.0,low,0,306
3066,retail_salaried,Phnom Penh,5.1,2560.0,low,0,306
3067,retail_salaried,Sihanoukville,3.9,3210.0,low,0,306
3068,retail_self_employed,Phnom Penh,0.6,7150.0,low,0,306
3069,retail_salaried,Battambang,2.2,,low,0,306
3070,retail_salaried,Phnom Penh,3.0,2930.0,low,0,307
3071,corporate,Sihanoukville,4.6,807210.0,low,0,307
3072,small_business,Sihanoukville,1.8,48360.0,low,0,307
3073,retail_self_employed,Phnom Penh,6.7,2050.0,low,0,307
3074,small_business,Phnom Penh,1.7,14920.0,low,0,307
3075,Cash Intensive,Phnom Penh,5.0,85700.0,low,0,307
3076,retail_salaried,Phnom Penh,6.5,6620.0,low,0,307
3077,retail_self_employed,Battambang,6.6,4950.0,low,0,307
3078,retail_self_employed,Kampot,5.6,2730.0,low,0,307
3079,retail_salaried,Battambang,1.4,4530.0,medium,0,307
3080,retail_salaried,Sihanoukville,8.8,3740.0,low,0,308
3081,retail_salaried,Battambang,4.4,,low,0,308
3082,retail_self_employed,Siem Reap,3.7,5410.0,low,0,308
3083,small_business,Sihanoukville,1.4,45410.0,low,0,308
3084,small_business,Phnom Penh,4.1,77190.0,low,0,308
3085,retail_salaried,Siem Reap,16.9,3380.0,low,0,308
3086,retail_salaried,Kampot,1.2,12930.0,low,0,308
3087,retail_salaried,Phnom Penh,22.9,1830.0,low,0,308
3088,retail_salaried,Battambang,7.1,1740.0,low,0,308
3089,cash_intensive,Phnom Penh,6.0,17280.0,low,0,308
3090,small_business,Phnom Penh,4.8,49590.0,low,0,309
3091,cash_intensive,Siem Reap,4.2,105680.0,low,0,309
3092,small_business,Sihanoukville,5.5,49380.0,medium,0,309
3093,corporate,Sihanoukville,4.8,155230.0,low,0,309
3094,retail_salaried,Battambang,4.5,4470.0,low,0,309
3095,retail_salaried,Phnom Penh,0.5,3490.0,low,0,309
3096,retail_salaried,Phnom Penh,,1160.0,low,0,309
3097,Retail Salaried,Phnom Penh,5.8,,low,0,309
3098,retail_salaried,Phnom Penh,1.5,1860.0,low,0,309
3099,retail_salaried,Battambang,3.5,3120.0,low,0,309
3100,corporate,Sihanoukville,3.6,137170.0,low,0,310
3101,retail_salaried,Sihanoukville,3.0,1580.0,low,0,310
3102,corporate,Phnom Penh,8.5,534870.0,low,0,310
3103,small_business,Phnom Penh,3.5,29330.0,low,0,310
3104,retail_self_employed,Sihanoukville,,5810.0,low,0,310
3105,retail_self_employed,Phnom Penh,5.3,4680.0,low,0,310
3106,retail_salaried,Siem Reap,5.5,6480.0,low,0,310
3107,retail_self_employed,Siem Reap,0.6,,low,0,310
3108,retail_salaried,Phnom Penh,7.9,1740.0,low,0,310
3109,cash_intensive,Phnom Penh,3.4,12370.0,low,0,310
3110,retail_salaried,Kampot,6.7,5540.0,low,0,311
3111,retail_salaried,Phnom Penh,3.3,1500.0,low,0,311
3112,retail_self_employed,Battambang,7.4,8690.0,low,0,311
3113,retail_self_employed,Kampot,10.8,4040.0,low,0,311
3114,retail_salaried,Sihanoukville,2.2,7090.0,low,0,311
3115,retail_self_employed,Siem Reap,2.2,24020.0,low,0,311
3116,retail_salaried,Battambang,6.1,,low,0,311
3117,retail_self_employed,Siem Reap,12.2,,low,0,311
3118,retail_salaried,Phnom Penh,1.6,910.0,low,0,311
3119,retail_salaried,Phnom Penh,3.0,520.0,low,0,311
3120,retail_salaried,Sihanoukville,4.9,1030.0,low,0,312
3121,retail_salaried,Siem Reap,10.5,1710.0,medium,0,312
3122,retail_salaried,Phnom Penh,3.5,560.0,low,0,312
3123,Retail Salaried,Phnom Penh,5.9,7160.0,low,0,312
3124,retail_salaried,Phnom Penh,,2170.0,low,0,312
3125,retail_salaried,Siem Reap,9.9,6100.0,low,0,312
3126,retail_salaried,Kampot,2.6,1370.0,low,0,312
3127,retail_salaried,Phnom Penh,8.2,880.0,low,0,312
3128,retail_self_employed,Phnom Penh,6.9,15200.0,low,0,312
3129,cash_intensive,Kampot,2.1,30670.0,low,0,312
3130,retail_salaried,Phnom Penh,1.2,1870.0,low,0,313
3131,cash_intensive,Sihanoukville,1.6,36680.0,medium,0,313
3132,retail_salaried,Phnom Penh,1.9,4400.0,low,0,313
3133,retail_salaried,Siem Reap,0.9,560.0,low,0,313
3134,retail_self_employed,Siem Reap,1.3,3480.0,medium,0,313
3135,small_business,Kampot,,,low,0,313
3136,small_business,Siem Reap,1.0,47580.0,low,0,313
3137,retail_salaried,Phnom Penh,7.5,1280.0,low,0,313
3138,small_business,Siem Reap,2.9,31900.0,low,0,313
3139,retail_salaried,Phnom Penh,10.6,5890.0,low,0,313
3140,retail_salaried,Phnom Penh,2.8,1550.0,low,0,314
3141,retail_salaried,Phnom Penh,1.0,1370.0,medium,0,314
3142,corporate,Phnom Penh,9.1,322440.0,low,0,314
3143,retail_salaried,Battambang,4.6,1270.0,low,0,314
3144,small_business,Siem Reap,9.9,28960.0,medium,0,314
3145,retail_self_employed,Phnom Penh,9.8,3880.0,low,0,314
3146,retail_self_employed,Sihanoukville,4.4,,low,0,314
3147,retail_self_employed,Phnom Penh,7.3,8630.0,low,0,314
3148,small_business,Phnom Penh,1.8,30570.0,medium,0,314
3149,retail_salaried,Phnom Penh,2.6,1800.0,low,0,314
3150,retail_salaried,Siem Reap,5.7,1390.0,low,0,315
3151,retail_self_employed,Siem Reap,7.0,12190.0,low,0,315
3152,retail_salaried,Phnom Penh,1.3,2960.0,low,0,315
3153,retail_salaried,Sihanoukville,8.0,2560.0,low,0,315
3154,retail_salaried,Sihanoukville,2.0,3760.0,low,0,315
3155,retail_salaried,Battambang,1.0,1100.0,low,0,315
3156,retail_salaried,Siem Reap,2.1,550.0,low,0,315
3157,retail_salaried,Kampot,7.6,870.0,low,0,315
3158,cash_intensive,Phnom Penh,0.7,,low,0,315
3159,retail_salaried,Phnom Penh,6.4,1260.0,medium,0,315
3160,corporate,Siem Reap,2.8,166990.0,low,0,316
3161,corporate,Phnom Penh,2.1,208020.0,low,0,316
3162,retail_salaried,Kampot,1.6,660.0,low,0,316
3163,retail_self_employed,Sihanoukville,6.7,8760.0,medium,0,316
3164,retail_self_employed,Phnom Penh,3.4,13890.0,low,0,316
3165,retail_self_employed,Phnom Penh,10.4,4550.0,low,0,316
3166,retail_salaried,Phnom Penh,7.5,1790.0,low,0,316
3167,retail_salaried,Phnom Penh,1.5,1020.0,medium,0,316
3168,retail_salaried,Siem Reap,1.8,4100.0,medium,0,316
3169,retail_self_employed,Sihanoukville,3.3,12910.0,low,0,316
3170,corporate,Battambang,9.9,51120.0,low,0,317
3171,retail_self_employed,Phnom Penh,12.7,2730.0,low,0,317
3172,retail_self_employed,Phnom Penh,3.9,1730.0,low,0,317
3173,corporate,Siem Reap,6.8,593880.0,high,0,317
3174,retail_self_employed,Sihanoukville,4.1,26930.0,low,0,317
3175,retail_salaried,Phnom Penh,4.9,2050.0,low,0,317
3176,small_business,Phnom Penh,6.5,28640.0,low,0,317
3177,retail_salaried,Kampot,4.8,2230.0,low,0,317
3178,retail_salaried,Siem Reap,2.4,2500.0,low,0,317
3179,retail_salaried,Battambang,5.8,4360.0,low,0,317
3180,cash_intensive,Siem Reap,14.4,133010.0,low,0,318
3181,retail_salaried,Battambang,9.1,3680.0,medium,0,318
3182,retail_salaried,Sihanoukville,1.2,1310.0,high,0,318
3183,retail_salaried,Siem Reap,,1760.0,high,0,318
3184,retail_salaried,Battambang,,3000.0,low,0,318
3185,retail_salaried,Phnom Penh,2.7,3360.0,low,0,318
3186,retail_self_employed,Phnom Penh,6.0,6750.0,low,0,318
3187,small_business,Phnom Penh,5.2,5880.0,low,0,318
3188,retail_salaried,Battambang,,2310.0,low,0,318
3189,retail_salaried,Phnom Penh,1.9,2210.0,low,0,318
3190,retail_salaried,Phnom Penh,0.3,1470.0,low,0,319
3191,Retail Salaried,Phnom Penh,3.4,1600.0,low,0,319
3192,retail_self_employed,Battambang,0.3,7060.0,low,0,319
3193,Retail Self Employed,Kampot,,5510.0,low,0,319
3194,retail_self_employed,Battambang,16.5,4900.0,medium,0,319
3195,retail_salaried,Phnom Penh,2.1,1220.0,low,0,319
3196,retail_self_employed,Battambang,1.1,4380.0,low,0,319
3197,retail_salaried,Phnom Penh,8.6,8080.0,low,0,319
3198,retail_salaried,Battambang,5.3,4940.0,low,0,319
3199,cash_intensive,Phnom Penh,7.2,,medium,0,319
3200,Small Business,Battambang,6.2,278450.0,low,0,320
3201,cash_intensive,Siem Reap,3.1,57330.0,low,0,320
3202,cash_intensive,Phnom Penh,5.8,43170.0,low,0,320
3203,retail_self_employed,Battambang,,2970.0,low,0,320
3204,cash_intensive,Phnom Penh,6.1,100270.0,low,0,320
3205,retail_salaried,Siem Reap,4.6,3340.0,low,0,320
3206,retail_salaried,Phnom Penh,1.1,1340.0,low,0,320
3207,retail_salaried,Battambang,1.5,1410.0,low,0,320
3208,retail_salaried,Siem Reap,8.9,9650.0,low,0,320
3209,retail_salaried,Siem Reap,4.7,1350.0,high,0,320
3210,Retail Salaried,Phnom Penh,2.2,1540.0,low,0,321
3211,retail_self_employed,Kampot,9.4,4670.0,medium,0,321
3212,small_business,Phnom Penh,3.0,59610.0,low,0,321
3213,retail_self_employed,Siem Reap,4.2,3450.0,low,0,321
3214,retail_salaried,Battambang,7.3,6130.0,low,0,321
3215,retail_self_employed,Battambang,7.4,1240.0,low,0,321
3216,retail_salaried,Battambang,6.9,1650.0,low,0,321
3217,retail_salaried,Phnom Penh,3.0,2530.0,low,0,321
3218,retail_salaried,Phnom Penh,1.3,1260.0,medium,0,321
3219,retail_salaried,Sihanoukville,3.3,1380.0,low,0,321
3220,retail_salaried,Phnom Penh,5.3,4630.0,low,0,322
3221,Small Business,Siem Reap,8.1,49440.0,low,0,322
3222,small_business,Kampot,11.3,34510.0,medium,0,322
3223,retail_self_employed,Sihanoukville,2.2,36900.0,low,0,322
3224,retail_salaried,Phnom Penh,3.3,5080.0,low,0,322
3225,Small Business,Siem Reap,2.7,11890.0,low,0,322
3226,Retail Self Employed,Siem Reap,2.8,8430.0,low,0,322
3227,retail_salaried,Siem Reap,1.4,780.0,low,0,322
3228,retail_self_employed,Phnom Penh,5.5,3430.0,low,0,322
3229,retail_salaried,Sihanoukville,8.7,2990.0,low,0,322
3230,Retail Salaried,Phnom Penh,6.6,,low,0,323
3231,retail_salaried,Phnom Penh,12.0,1410.0,low,0,323
3232,retail_salaried,Phnom Penh,16.0,4640.0,low,0,323
3233,retail_salaried,Phnom Penh,,12690.0,medium,0,323
3234,retail_salaried,Siem Reap,5.4,2160.0,low,0,323
3235,retail_salaried,Phnom Penh,1.1,3350.0,low,0,323
3236,corporate,Siem Reap,3.7,568640.0,low,0,323
3237,retail_salaried,Battambang,7.3,3430.0,low,0,323
3238,Retail Salaried,Phnom Penh,4.9,4240.0,low,0,323
3239,retail_salaried,Phnom Penh,1.4,2690.0,low,0,323
3240,cash_intensive,Phnom Penh,5.3,80490.0,low,0,324
3241,retail_self_employed,Phnom Penh,4.9,4110.0,low,0,324
3242,cash_intensive,Siem Reap,7.9,71230.0,low,0,324
3243,retail_salaried,Phnom Penh,10.8,1610.0,low,0,324
3244,retail_salaried,Siem Reap,2.6,1420.0,low,0,324
3245,retail_self_employed,Phnom Penh,6.6,4410.0,low,0,324
3246,retail_salaried,Sihanoukville,2.4,1350.0,low,0,324
3247,small_business,Phnom Penh,4.2,,low,0,324
3248,small_business,Siem Reap,3.5,22640.0,medium,0,324
3249,retail_salaried,Battambang,7.2,5670.0,low,0,324
3250,corporate,Battambang,6.2,295670.0,medium,0,325
3251,retail_self_employed,Battambang,3.4,2610.0,low,0,325
3252,retail_salaried,Phnom Penh,9.3,2250.0,low,0,325
3253,retail_salaried,Phnom Penh,11.9,,low,0,325
3254,retail_salaried,Battambang,2.5,780.0,low,0,325
3255,small_business,Sihanoukville,10.0,3490.0,low,0,325
3256,retail_salaried,Sihanoukville,3.4,7950.0,medium,0,325
3257,retail_salaried,Phnom Penh,4.6,570.0,low,0,325
3258,Retail Self Employed,Sihanoukville,3.5,13890.0,low,0,325
3259,retail_salaried,Battambang,3.7,2340.0,low,0,325
3260,retail_salaried,Phnom Penh,5.2,3190.0,low,0,326
3261,retail_self_employed,Phnom Penh,10.4,5020.0,low,0,326
3262,retail_salaried,Phnom Penh,10.0,4660.0,low,0,326
3263,retail_salaried,Siem Reap,3.8,2020.0,medium,0,326
3264,retail_salaried,Battambang,5.6,2080.0,low,0,326
3265,Retail Salaried,Phnom Penh,1.5,,low,0,326
3266,retail_salaried,Siem Reap,3.9,1390.0,medium,0,326
3267,small_business,Battambang,9.1,8710.0,low,0,326
3268,corporate,Phnom Penh,8.3,574970.0,low,0,326
3269,retail_salaried,Phnom Penh,3.3,1890.0,low,0,326
3270,corporate,Phnom Penh,0.5,290900.0,low,0,327
3271,retail_self_employed,Phnom Penh,2.2,13850.0,low,0,327
3272,retail_self_employed,Battambang,3.1,11410.0,low,0,327
3273,retail_self_employed,Phnom Penh,4.2,18430.0,low,1,327
3274,retail_self_employed,Kampot,1.9,3440.0,low,0,327
3275,small_business,Phnom Penh,4.0,59940.0,low,0,327
3276,retail_salaried,Kampot,4.1,1140.0,low,0,327
3277,retail_salaried,Phnom Penh,11.5,,low,0,327
3278,retail_salaried,Kampot,5.2,3300.0,low,0,327
3279,retail_salaried,Phnom Penh,2.8,1110.0,high,0,327
3280,retail_self_employed,Battambang,2.4,9130.0,low,0,328
3281,retail_salaried,Phnom Penh,6.1,5700.0,low,0,328
3282,retail_salaried,Siem Reap,,1130.0,low,0,328
3283,retail_salaried,Phnom Penh,6.0,14800.0,low,0,328
3284,retail_salaried,Siem Reap,10.3,980.0,low,0,328
3285,retail_self_employed,Phnom Penh,1.2,4480.0,low,0,328
3286,retail_self_employed,Phnom Penh,4.2,8880.0,low,0,328
3287,retail_salaried,Siem Reap,,1810.0,low,0,328
3288,retail_salaried,Siem Reap,5.4,1340.0,low,0,328
3289,Retail Salaried,Phnom Penh,2.9,5240.0,medium,0,328
3290,Retail Salaried,Battambang,8.8,1380.0,low,0,329
3291,retail_self_employed,Siem Reap,12.6,11500.0,low,0,329
3292,retail_self_employed,Siem Reap,1.5,12990.0,low,0,329
3293,retail_salaried,Battambang,4.4,1500.0,low,0,329
3294,retail_salaried,Phnom Penh,10.6,1840.0,medium,0,329
3295,corporate,Siem Reap,10.3,214280.0,low,0,329
3296,small_business,Phnom Penh,4.7,30300.0,low,0,329
3297,Retail Salaried,Phnom Penh,1.2,510.0,low,0,329
3298,retail_salaried,Sihanoukville,2.0,2690.0,medium,0,329
3299,retail_salaried,Battambang,4.8,950.0,low,0,329
3300,cash_intensive,Kampot,2.6,39410.0,low,0,330
3301,retail_salaried,Siem Reap,6.0,,low,0,330
3302,retail_salaried,Phnom Penh,2.3,7170.0,high,0,330
3303,corporate,Battambang,1.9,483930.0,low,0,330
3304,retail_self_employed,Sihanoukville,,2030.0,low,0,330
3305,retail_salaried,Siem Reap,0.7,480.0,low,0,330
3306,retail_salaried,Battambang,15.0,1560.0,low,0,330
3307,retail_salaried,Siem Reap,7.9,1720.0,low,0,330
3308,retail_self_employed,Phnom Penh,6.1,5370.0,low,0,330
3309,retail_salaried,Kampot,2.0,620.0,low,0,330
3310,cash_intensive,Kampot,5.6,44550.0,low,0,331
3311,cash_intensive,Phnom Penh,4.5,11390.0,low,0,331
3312,retail_salaried,Phnom Penh,7.8,1700.0,low,0,331
3313,retail_self_employed,Phnom Penh,3.7,4470.0,low,0,331
3314,retail_salaried,Sihanoukville,1.1,9920.0,low,0,331
3315,retail_salaried,Siem Reap,10.5,3400.0,medium,0,331
3316,retail_self_employed,Phnom Penh,0.9,6010.0,low,0,331
3317,retail_salaried,Phnom Penh,14.2,1560.0,low,0,331
3318,retail_salaried,Phnom Penh,8.2,3210.0,medium,0,331
3319,retail_salaried,Phnom Penh,13.0,3640.0,low,0,331
3320,retail_salaried,Phnom Penh,6.1,1730.0,low,0,332
3321,retail_salaried,Sihanoukville,14.1,1420.0,low,0,332
3322,retail_self_employed,Sihanoukville,10.2,2320.0,low,0,332
3323,small_business,Kampot,1.2,42710.0,low,0,332
3324,retail_self_employed,Sihanoukville,3.7,10210.0,low,0,332
3325,small_business,Siem Reap,14.6,38320.0,low,0,332
3326,retail_salaried,Siem Reap,1.1,3950.0,low,0,332
3327,small_business,Sihanoukville,2.9,10600.0,low,0,332
3328,retail_salaried,Phnom Penh,1.4,1150.0,low,0,332
3329,retail_salaried,Sihanoukville,1.7,1430.0,low,0,332
3330,cash_intensive,Siem Reap,2.2,32650.0,low,0,333
3331,retail_salaried,Kampot,3.7,1640.0,low,0,333
3332,retail_salaried,Sihanoukville,10.8,1880.0,low,0,333
3333,retail_salaried,Siem Reap,5.0,1690.0,low,0,333
3334,retail_salaried,Kampot,9.8,10390.0,low,0,333
3335,retail_salaried,Phnom Penh,2.2,5460.0,low,0,333
3336,retail_salaried,Phnom Penh,8.7,7090.0,low,0,333
3337,cash_intensive,Phnom Penh,3.8,351340.0,low,0,333
3338,retail_salaried,Sihanoukville,10.4,1420.0,low,0,333
3339,retail_salaried,Kampot,,2810.0,low,0,333
3340,retail_salaried,Phnom Penh,5.2,11880.0,low,0,334
3341,small_business,Kampot,5.3,42320.0,low,0,334
3342,retail_salaried,Siem Reap,3.0,1360.0,low,0,334
3343,retail_salaried,Siem Reap,2.8,1290.0,medium,0,334
3344,retail_salaried,Phnom Penh,8.6,2540.0,low,0,334
3345,retail_self_employed,Phnom Penh,6.1,5380.0,low,0,334
3346,small_business,Phnom Penh,2.7,40630.0,low,0,334
3347,retail_self_employed,Battambang,1.6,2920.0,low,0,334
3348,small_business,Phnom Penh,3.4,61710.0,low,0,334
3349,retail_salaried,Phnom Penh,3.0,1710.0,low,0,334
3350,retail_salaried,Battambang,6.4,6800.0,low,0,335
3351,retail_salaried,Kampot,,1530.0,low,0,335
3352,retail_salaried,Siem Reap,4.6,8760.0,low,0,335
3353,retail_salaried,Sihanoukville,9.5,2110.0,low,0,335
3354,retail_salaried,Kampot,3.0,1810.0,low,0,335
3355,retail_salaried,Battambang,1.8,1780.0,low,0,335
3356,retail_self_employed,Sihanoukville,11.3,2720.0,low,0,335
3357,retail_salaried,Siem Reap,16.3,7660.0,low,0,335
3358,retail_self_employed,Sihanoukville,4.4,11050.0,low,0,335
3359,retail_self_employed,Phnom Penh,4.6,1990.0,low,0,335
3360,retail_salaried,Phnom Penh,0.4,620.0,low,0,336
3361,retail_salaried,Kampot,5.4,7340.0,low,0,336
3362,Retail Self Employed,Phnom Penh,20.9,24720.0,medium,0,336
3363,retail_self_employed,Phnom Penh,0.7,2980.0,medium,0,336
3364,retail_salaried,Battambang,2.3,2580.0,low,0,336
3365,retail_salaried,Phnom Penh,4.8,6910.0,low,0,336
3366,retail_self_employed,Sihanoukville,10.2,6040.0,low,0,336
3367,retail_self_employed,Phnom Penh,6.2,1930.0,low,0,336
3368,retail_salaried,Sihanoukville,2.5,1750.0,medium,0,336
3369,retail_salaried,Sihanoukville,0.8,1980.0,low,0,336
3370,cash_intensive,Battambang,4.6,33360.0,low,0,337
3371,retail_salaried,Siem Reap,,2130.0,low,0,337
3372,small_business,Sihanoukville,4.6,57460.0,low,0,337
3373,retail_salaried,Phnom Penh,3.2,1290.0,low,0,337
3374,retail_salaried,Sihanoukville,5.8,2330.0,low,0,337
3375,retail_salaried,Phnom Penh,5.5,4190.0,low,0,337
3376,retail_salaried,Sihanoukville,4.3,3040.0,low,0,337
3377,cash_intensive,Kampot,,93350.0,low,0,337
3378,retail_salaried,Battambang,11.4,1740.0,low,0,337
3379,corporate,Phnom Penh,2.4,217680.0,low,0,337
3380,retail_salaried,Siem Reap,6.4,1610.0,medium,0,338
3381,small_business,Kampot,11.8,23370.0,medium,0,338
3382,cash_intensive,Phnom Penh,10.5,29240.0,high,0,338
3383,retail_self_employed,Phnom Penh,4.3,,low,0,338
3384,retail_salaried,Kampot,23.1,5580.0,low,0,338
3385,retail_self_employed,Kampot,5.8,,low,0,338
3386,retail_salaried,Phnom Penh,5.2,8940.0,low,0,338
3387,cash_intensive,Phnom Penh,11.0,61170.0,medium,0,338
3388,retail_salaried,Phnom Penh,11.5,3290.0,low,0,338
3389,retail_salaried,Phnom Penh,5.4,1650.0,medium,0,338
3390,retail_salaried,Sihanoukville,7.7,7560.0,medium,0,339
3391,retail_self_employed,Phnom Penh,1.6,1940.0,low,0,339
3392,corporate,Siem Reap,17.7,320030.0,low,0,339
3393,retail_salaried,Siem Reap,2.7,640.0,low,0,339
3394,retail_self_employed,Siem Reap,4.2,2580.0,low,0,339
3395,cash_intensive,Phnom Penh,3.7,17680.0,low,0,339
3396,retail_salaried,Kampot,2.6,580.0,low,0,339
3397,retail_salaried,Battambang,7.0,1340.0,low,0,339
3398,retail_self_employed,Phnom Penh,3.5,12990.0,low,0,339
3399,retail_self_employed,Siem Reap,6.5,4230.0,low,0,339
3400,retail_salaried,Siem Reap,1.5,6550.0,low,0,340
3401,small_business,Sihanoukville,5.1,42780.0,low,0,340
3402,retail_salaried,Phnom Penh,1.7,3170.0,low,0,340
3403,cash_intensive,Phnom Penh,3.3,58740.0,low,0,340
3404,small_business,Battambang,1.8,96840.0,low,0,340
3405,small_business,Phnom Penh,8.5,66790.0,low,0,340
3406,retail_salaried,Siem Reap,19.0,2860.0,low,0,340
3407,retail_salaried,Siem Reap,1.4,2540.0,low,0,340
3408,retail_salaried,Kampot,2.6,1930.0,low,0,340
3409,retail_salaried,Kampot,6.1,1100.0,low,0,340
3410,retail_self_employed,Phnom Penh,1.7,2790.0,low,0,341
3411,retail_salaried,Siem Reap,3.3,690.0,low,0,341
3412,Retail Salaried,Phnom Penh,2.1,4950.0,low,0,341
3413,retail_salaried,Phnom Penh,2.2,2440.0,medium,0,341
3414,retail_salaried,Siem Reap,1.0,3070.0,low,0,341
3415,retail_salaried,Phnom Penh,4.4,3160.0,low,0,341
3416,retail_self_employed,Phnom Penh,4.8,7540.0,low,0,341
3417,small_business,Kampot,3.7,11480.0,high,0,341
3418,retail_salaried,Phnom Penh,7.4,3560.0,low,0,341
3419,small_business,Phnom Penh,6.2,41050.0,low,0,341
3420,small_business,Battambang,8.5,84840.0,low,0,342
3421,retail_salaried,Siem Reap,1.9,1950.0,low,0,342
3422,Retail Self Employed,Kampot,3.7,20320.0,low,0,342
3423,retail_salaried,Sihanoukville,6.0,1800.0,low,0,342
3424,retail_salaried,Phnom Penh,2.4,2580.0,medium,0,342
3425,Retail Salaried,Siem Reap,12.7,930.0,low,0,342
3426,retail_salaried,Kampot,1.4,1790.0,low,0,342
3427,small_business,Battambang,7.8,48990.0,medium,0,342
3428,cash_intensive,Phnom Penh,,44270.0,low,0,342
3429,small_business,Phnom Penh,,10000.0,medium,0,342
3430,retail_self_employed,Battambang,1.5,,medium,0,343
3431,retail_self_employed,Battambang,13.3,8230.0,low,0,343
3432,corporate,Siem Reap,1.4,142760.0,low,0,343
3433,retail_salaried,Sihanoukville,2.2,1410.0,low,0,343
3434,retail_salaried,Phnom Penh,11.1,1280.0,low,0,343
3435,retail_self_employed,Battambang,5.2,5740.0,low,0,343
3436,retail_salaried,Siem Reap,6.9,2530.0,medium,0,343
3437,retail_salaried,Kampot,7.8,7910.0,low,0,343
3438,retail_salaried,Kampot,2.7,770.0,high,0,343
3439,retail_self_employed,Phnom Penh,2.2,3640.0,high,0,343
3440,retail_salaried,Phnom Penh,4.1,5180.0,low,0,344
3441,retail_salaried,Phnom Penh,3.9,3350.0,medium,0,344
3442,Retail Salaried,Siem Reap,5.3,2370.0,low,0,344
3443,retail_salaried,Phnom Penh,4.0,1350.0,low,0,344
3444,small_business,Siem Reap,12.6,45670.0,low,0,344
3445,retail_salaried,Phnom Penh,5.3,3330.0,low,0,344
3446,retail_self_employed,Phnom Penh,9.5,2420.0,low,0,344
3447,small_business,Siem Reap,2.9,184310.0,medium,0,344
3448,retail_salaried,Phnom Penh,1.7,1790.0,low,0,344
3449,small_business,Phnom Penh,4.7,13930.0,medium,0,344
3450,retail_self_employed,Phnom Penh,3.1,4430.0,low,0,345
3451,retail_self_employed,Phnom Penh,4.7,37070.0,low,0,345
3452,retail_salaried,Phnom Penh,3.2,1380.0,high,0,345
3453,retail_salaried,Battambang,6.7,,low,0,345
3454,corporate,Siem Reap,3.8,152320.0,low,0,345
3455,small_business,Phnom Penh,0.5,37200.0,low,0,345
3456,cash_intensive,Phnom Penh,9.0,102600.0,low,0,345
3457,cash_intensive,Battambang,7.3,46620.0,low,0,345
3458,retail_salaried,Sihanoukville,2.1,4910.0,low,0,345
3459,small_business,Kampot,2.7,12690.0,low,0,345
3460,retail_salaried,Phnom Penh,8.8,1900.0,low,0,346
3461,small_business,Phnom Penh,8.0,12680.0,medium,0,346
3462,Retail Salaried,Siem Reap,5.2,,medium,1,346
3463,retail_salaried,Sihanoukville,10.9,2870.0,low,0,346
3464,small_business,Siem Reap,5.6,83970.0,low,0,346
3465,small_business,Phnom Penh,2.0,136020.0,low,0,346
3466,retail_self_employed,Phnom Penh,9.6,4020.0,low,0,346
3467,retail_salaried,Phnom Penh,1.1,6190.0,low,0,346
3468,retail_salaried,Battambang,0.7,1130.0,low,0,346
3469,corporate,Battambang,7.7,178010.0,medium,0,346
3470,retail_salaried,Phnom Penh,1.4,2250.0,low,0,347
3471,retail_salaried,Siem Reap,1.2,3260.0,low,0,347
3472,retail_self_employed,Phnom Penh,0.6,3720.0,medium,0,347
3473,retail_salaried,Siem Reap,3.8,2560.0,low,0,347
3474,retail_self_employed,Phnom Penh,4.1,9850.0,medium,0,347
3475,retail_salaried,Phnom Penh,2.9,1750.0,low,0,347
3476,small_business,Phnom Penh,12.1,42350.0,medium,0,347
3477,cash_intensive,Phnom Penh,1.9,,low,0,347
3478,Cash Intensive,Phnom Penh,6.6,64780.0,medium,0,347
3479,retail_self_employed,Sihanoukville,1.6,1220.0,low,0,347
3480,retail_salaried,Kampot,0.6,1120.0,low,0,348
3481,retail_self_employed,Sihanoukville,2.2,3500.0,low,0,348
3482,small_business,Siem Reap,5.9,13060.0,low,0,348
3483,retail_self_employed,Sihanoukville,1.6,10880.0,low,0,348
3484,retail_self_employed,Siem Reap,4.5,6100.0,low,0,348
3485,retail_self_employed,Phnom Penh,2.0,3820.0,low,0,348
3486,retail_self_employed,Kampot,7.9,2850.0,low,0,348
3487,retail_self_employed,Phnom Penh,5.7,4220.0,low,0,348
3488,retail_salaried,Phnom Penh,3.9,5820.0,low,0,348
3489,retail_salaried,Sihanoukville,9.4,1630.0,low,0,348
3490,retail_self_employed,Sihanoukville,8.6,4470.0,low,0,349
3491,retail_salaried,Siem Reap,6.3,4170.0,low,0,349
3492,small_business,Phnom Penh,3.2,19250.0,low,0,349
3493,retail_self_employed,Sihanoukville,5.6,7290.0,medium,0,349
3494,retail_salaried,Phnom Penh,5.8,4190.0,low,0,349
3495,small_business,Siem Reap,0.1,156760.0,low,0,349
3496,retail_self_employed,Phnom Penh,0.9,1910.0,medium,0,349
3497,small_business,Phnom Penh,6.7,4550.0,low,0,349
3498,retail_salaried,Phnom Penh,1.1,1020.0,low,0,349
3499,small_business,Siem Reap,2.1,28310.0,low,0,349
1650,Retail Salaried,Kampot,1.3,,low,0,165
2456,retail_self_employed,Sihanoukville,2.8,7530.0,low,0,245
2232,retail_salaried,Siem Reap,4.4,4300.0,low,0,223
1945,cash_intensive,Battambang,1.1,26150.0,low,0,194
309,retail_salaried,Phnom Penh,9.4,4340.0,medium,0,30
2341,retail_salaried,Phnom Penh,2.7,710.0,low,0,234
1666,small_business,Battambang,8.5,32930.0,low,0,166
1681,small_business,Phnom Penh,0.8,14460.0,low,0,168
1187,corporate,Siem Reap,,420450.0,low,0,118
325,retail_self_employed,Siem Reap,6.2,1320.0,low,0,32
1647,small_business,Battambang,1.7,,low,0,164
2820,retail_salaried,Siem Reap,2.7,970.0,low,0,282
3175,retail_salaried,Phnom Penh,4.9,2050.0,low,0,317
787,retail_salaried,Phnom Penh,5.2,2360.0,low,0,78
557,retail_salaried,Battambang,1.7,,low,0,55
